ticket_id,merchant_id,category,sub_category,priority,created_at,is_legacy,assigned_agent_id,category_mismatch,first_response_at,closed_at,ttfr_hours,resolution_hours,response_breached,resolution_breached,is_reopened,is_reopen_child,is_incident_ticket,csat_score
847201,197,Account Access,User Permissions,P4,2025-05-13 02:10:36.000000000,True,212,False,2025-05-13 06:51:56.548614289,2025-05-14 08:19:29.131285834,4.6890412817469445,30.14809202384277,False,False,False,False,False,
847202,161,API Integrations,Authentication Error,P3,2026-01-21 21:44:35.000000000,True,214,False,2026-01-21 23:36:40.864611422,2026-01-23 03:25:44.030910660,1.868295725395,29.68584191962778,False,True,False,False,False,
847203,117,Account Access,SSO Failure,P1,2025-08-30 23:03:11.000000000,True,213,False,2025-08-30 23:22:34.898320990,2025-08-31 00:34:49.493152040,0.3233050891638889,1.5273592089,True,False,False,False,False,
847204,106,API Integrations,Endpoint Timeout,P3,2026-03-06 05:21:55.000000000,True,201,False,2026-03-06 08:28:01.607204412,2026-03-07 11:11:38.026524277,3.1018353345588885,29.82861847896584,False,True,True,False,False,
847205,193,Account Access,SSO Failure,P1,2025-11-18 07:28:22.000000000,True,212,False,2025-11-18 07:47:27.392581657,2025-11-18 08:42:33.476737625,0.3181646060158333,1.2365213160069446,True,False,False,False,False,
847206,160,Payments & Checkout,3DS Authentication,P4,2026-06-07 16:59:13.000000000,True,207,False,2026-06-07 22:32:05.365556762,2026-06-10 03:11:48.418105219,5.547879321322778,58.20983836256083,False,True,True,False,False,0.48
847207,132,Payments & Checkout,Refund Processing,P3,2026-05-18 23:03:47.000000000,True,207,False,2026-05-19 01:28:04.177796180,2026-05-19 20:56:45.727755142,2.40477161005,21.88297993198389,False,False,True,False,False,
847208,206,Payments & Checkout,Refund Processing,P3,2026-05-10 10:29:43.000000000,True,215,False,2026-05-10 13:24:10.916010427,2026-05-12 02:02:07.566870954,2.907754447340833,39.54015746415389,False,True,False,False,False,
847209,132,Fulfilment & Logistics,Inventory Mismatch,P3,2025-06-21 07:58:14.000000000,True,206,False,2025-06-21 10:43:15.973130890,2025-06-22 03:43:35.061511154,2.750548091913889,19.755850419765,False,False,False,False,False,
847210,190,Fulfilment & Logistics,Inventory Mismatch,P3,2025-04-29 23:10:56.000000000,True,208,False,2025-04-30 01:55:11.691521699,2025-05-01 07:09:56.023969623,2.7376920893608334,31.983339991561945,False,True,False,False,False,
847211,148,Payments & Checkout,Refund Processing,P3,2025-10-16 14:57:56.000000000,True,215,False,2025-10-16 17:37:09.609243314,2025-10-18 10:24:25.584892378,2.653780345365,43.44155135899389,False,True,False,False,False,
847212,125,Notifications,SMS Gateway Drag,P4,2025-11-06 13:10:08.000000000,True,218,False,2025-11-06 19:35:22.986603714,2025-11-07 20:47:49.062719576,6.420829612142778,31.62807297766,False,False,False,False,False,0.98
847213,136,Notifications,Template Syntax Error,P3,2025-03-18 09:00:39.000000000,True,220,False,2025-03-18 11:45:14.614750606,2025-03-18 23:48:43.144495010,2.743226319612778,14.801151248613888,False,False,False,False,False,
847214,116,Notifications,Template Syntax Error,P3,2025-11-04 03:45:48.000000000,True,220,False,2025-11-04 07:00:07.712385877,2025-11-05 00:38:02.645675301,3.238808996076944,20.87073490980584,False,False,False,False,False,1.0
847215,198,API Integrations,Authentication Error,P3,2025-01-30 23:29:30.000000000,True,205,False,2025-01-31 01:16:25.878903926,2025-02-01 14:24:24.261472935,1.782188584423889,38.91507263137083,False,True,True,False,False,
847216,151,Fulfilment & Logistics,Tracking Updates,P3,2025-08-23 06:06:12.000000000,True,206,False,2025-08-23 08:15:31.472512611,2025-08-23 21:45:45.042515036,2.155409031280833,15.659178476398887,False,False,False,False,False,
847217,122,Payments & Checkout,3DS Authentication,P3,2025-09-22 00:42:35.000000000,True,204,False,2025-09-22 04:38:01.815927782,2025-09-24 06:56:58.236257742,3.924115535495,54.23978784937278,False,True,False,False,False,
847218,142,Fulfilment & Logistics,Carrier Sync Failure,P1,2025-11-01 03:25:38.000000000,True,208,False,2025-11-01 04:01:42.538609809,2025-11-01 06:38:16.571005347,0.6012607249469444,3.210714168151944,True,True,False,False,False,
847219,160,Account Access,SSO Failure,P3,2025-08-07 03:53:23.000000000,True,216,True,2025-08-07 07:22:55.678141478,2025-08-07 19:42:22.676163599,3.492410594855,15.816576712110832,False,False,True,False,False,
847220,106,API Integrations,Endpoint Timeout,P3,2025-12-27 00:43:46.000000000,True,213,True,2025-12-27 03:13:32.680829954,2025-12-28 15:05:23.848940905,2.496300230542778,38.36051359469584,False,True,True,False,False,
847221,199,Notifications,Template Syntax Error,P3,2026-04-13 12:53:01.000000000,True,220,False,2026-04-13 15:39:09.534303680,2026-04-14 11:57:40.325614074,2.769037306577778,23.077590448353888,False,False,False,False,False,
847222,206,API Integrations,Endpoint Timeout,P4,2025-02-04 13:43:22.000000000,True,209,True,2025-02-05 02:49:50.788866769,2025-02-10 22:40:13.659641831,13.107996907435831,152.94768323384193,True,True,True,False,False,
847223,158,Account Access,2FA Reset,P3,2025-03-16 03:28:26.000000000,True,216,True,2025-03-16 06:59:17.700480189,2025-03-17 06:16:39.969992416,3.5143612444969445,26.803880553448888,False,True,True,False,False,
847224,123,Fulfilment & Logistics,Label Generation,P2,2025-05-18 14:27:08.000000000,True,216,False,2025-05-18 15:26:12.692467914,2025-05-18 22:37:59.498555495,0.9846367966427778,8.180971820970834,False,True,False,False,False,0.78
847225,101,Payments & Checkout,Refund Processing,P3,2025-03-13 13:18:48.000000000,True,204,False,2025-03-13 17:18:04.987787880,2025-03-15 07:31:38.381089372,3.9880521633,42.21399474704778,False,True,False,False,False,
847226,209,Fulfilment & Logistics,Tracking Updates,P3,2025-07-17 05:23:50.000000000,True,209,False,2025-07-17 09:11:40.451221220,2025-07-18 06:14:50.638621611,3.79734756145,24.850177394891944,False,True,False,False,False,0.67
847227,164,Notifications,Email Delivery Failure,P4,2025-06-26 01:48:21.000000000,True,220,False,2025-06-26 11:01:20.744860405,2025-06-27 21:59:16.130294737,9.216595794556945,44.18198063742695,False,False,False,False,False,
847228,176,Notifications,SMS Gateway Drag,P3,2025-02-12 19:30:09.000000000,True,218,False,2025-02-12 22:15:10.293474841,2025-02-13 06:41:11.472836582,2.7503592985669445,11.184020232383888,False,False,False,False,False,
847229,157,Fulfilment & Logistics,Tracking Updates,P2,2026-06-22 08:33:24.000000000,True,210,False,2026-06-22 10:06:59.127728074,2026-06-22 23:03:47.005687654,1.5597577022427778,14.506390468792777,True,True,False,False,False,
847230,194,Notifications,SMS Gateway Drag,P2,2025-01-22 05:33:33.000000000,True,218,False,2025-01-22 07:22:15.996483219,2025-01-22 13:57:46.137063242,1.8119434675608328,8.403649184233888,True,True,False,False,False,0.63
847231,190,API Integrations,Webhook Failures,P3,2025-07-24 00:35:36.000000000,True,211,False,2025-07-24 01:46:44.870168929,2025-07-24 21:59:28.966347633,1.1857972691469445,21.39804620767584,False,False,False,False,False,
847232,123,Notifications,Webhook Retries,P3,2026-04-01 18:48:03.000000000,True,218,False,2026-04-01 21:08:27.469512579,2026-04-02 10:51:03.840871191,2.340130420160833,16.050233575330832,False,False,False,False,False,
847233,195,Fulfilment & Logistics,Carrier Sync Failure,P4,2026-06-27 12:36:02.000000000,True,208,False,2026-06-27 21:10:13.498074165,2026-06-29 15:25:46.205997494,8.569860576156945,50.828946110415,False,True,False,False,False,
847234,101,Fulfilment & Logistics,Carrier Sync Failure,P4,2025-02-22 16:37:50.000000000,True,216,False,2025-02-22 20:28:51.209956187,2025-02-24 03:23:54.176989086,3.850336098940833,34.76782694141278,False,False,False,False,False,
847235,180,Notifications,Email Delivery Failure,P2,2026-02-07 02:23:18.000000000,True,218,False,2026-02-07 04:04:59.352811112,2026-02-07 16:45:57.706622691,1.694820225308889,14.377696284080834,True,True,False,False,False,0.63
847236,184,Fulfilment & Logistics,Label Generation,P4,2025-05-17 17:18:17.000000000,True,210,False,2025-05-18 00:00:26.206772145,2025-05-20 10:02:28.628626852,6.702557436706945,64.7365635074589,False,True,False,False,False,0.71
847237,133,API Integrations,Rate Limiting,P3,2025-06-25 00:04:47.000000000,True,201,False,2025-06-25 03:11:00.776959487,2025-06-27 02:15:56.151581796,3.1038269331908337,50.18587543938778,False,True,False,False,False,
847238,167,Notifications,Webhook Retries,P4,2025-02-17 17:04:10.000000000,True,206,True,2025-02-18 00:47:56.077958243,2025-02-19 04:06:47.057872357,7.729466099511945,35.04362718676583,False,False,False,False,False,0.98
847239,144,Payments & Checkout,Card Declines,P3,2025-06-27 22:28:57.000000000,True,218,True,2025-06-28 03:25:10.328592230,2025-06-29 17:29:27.658342769,4.937035720063888,43.00851620632472,True,True,False,False,False,
847240,102,Notifications,Email Delivery Failure,P2,2025-04-24 07:11:40.000000000,True,212,True,2025-04-24 08:27:18.121211890,2025-04-24 17:04:54.604092084,1.260589225525,9.88739002557889,True,True,False,False,False,
847241,181,Notifications,Webhook Retries,P3,2026-02-25 00:27:01.000000000,True,220,False,2026-02-25 04:02:17.251633387,2026-02-25 17:38:58.036920913,3.587847675940833,17.199176922475832,False,False,False,False,False,
847242,190,Fulfilment & Logistics,Tracking Updates,P3,2026-05-01 02:41:12.000000000,True,216,False,2026-05-01 05:15:14.392472704,2026-05-01 18:01:22.872938738,2.5673312424177777,15.33635359409389,False,False,False,False,False,
847243,158,Fulfilment & Logistics,Inventory Mismatch,P3,2026-03-14 22:40:02.000000000,True,206,False,2026-03-15 01:13:32.078875149,2026-03-15 18:38:20.515856360,2.5583552430969445,19.9718099601,False,False,False,False,False,
847244,136,Notifications,SMS Gateway Drag,P3,2025-05-04 21:14:03.000000000,True,218,False,2025-05-05 00:44:24.019919634,2025-05-05 18:12:33.409298047,3.505838866565,20.975113693901942,False,False,False,False,False,
847245,110,Payments & Checkout,Card Declines,P4,2025-02-25 12:37:54.000000000,True,204,False,2025-02-25 18:44:05.698981113,2025-02-28 19:12:55.677465423,6.103249716975833,78.58379929595084,False,True,True,False,False,0.35
847246,199,Notifications,Email Delivery Failure,P3,2025-11-02 17:32:31.000000000,True,218,False,2025-11-02 20:10:13.968493771,2025-11-03 10:37:56.051411330,2.6286023593808334,17.09029205870278,False,False,False,False,False,
847247,124,API Integrations,Rate Limiting,P3,2025-05-02 05:59:58.000000000,True,211,False,2025-05-02 06:53:08.953039508,2025-05-03 02:45:01.453767517,0.8863758443077778,20.75095937986584,False,False,False,False,False,
847248,123,Notifications,Template Syntax Error,P3,2025-02-14 07:13:15.000000000,True,220,False,2025-02-14 10:00:43.066257283,2025-02-15 00:28:08.554558732,2.7911295159119445,17.24820959964778,False,False,False,False,False,
847249,162,Payments & Checkout,Payout Delays,P2,2025-06-03 23:34:07.000000000,True,207,False,2025-06-04 01:13:13.252586858,2025-06-04 16:24:38.165068296,1.6517368296827777,16.84199029674889,True,True,False,False,False,
847250,159,API Integrations,Endpoint Timeout,P3,2025-02-08 18:55:07.000000000,True,214,False,2025-02-08 20:28:24.236476802,2025-02-10 13:02:53.737673770,1.5547879102227775,42.129649353825,False,True,False,False,False,
847251,205,Account Access,2FA Reset,P2,2025-09-28 06:07:55.000000000,True,212,False,2025-09-28 06:56:37.354149468,2025-09-28 14:31:19.601743333,0.8117650415188888,8.390167150925834,False,True,False,False,False,
847252,178,Account Access,SSO Failure,P3,2025-07-03 17:30:02.000000000,True,204,True,2025-07-03 22:34:32.520351027,2025-07-05 13:01:04.473011458,5.0751445419519445,43.51735361429389,True,True,False,False,False,
847253,169,API Integrations,Authentication Error,P3,2025-09-15 11:25:02.000000000,True,216,True,2025-09-15 14:37:53.019354396,2025-09-17 19:06:06.888103064,3.214172042887778,55.68469113974,False,True,False,False,False,
847254,185,Account Access,SSO Failure,P3,2025-02-02 23:40:41.000000000,True,219,False,2025-02-03 01:49:24.218060234,2025-02-03 13:10:14.931743403,2.1453383500650003,13.492758817611945,False,False,False,False,False,1.0
847255,139,API Integrations,Webhook Failures,P4,2026-02-21 23:35:19.000000000,True,214,False,2026-02-22 05:03:12.706158870,2026-02-25 08:25:16.595182103,5.464918377463889,80.83266532836194,False,True,False,False,False,
847256,114,Notifications,Email Delivery Failure,P3,2026-06-17 02:12:53.000000000,True,220,False,2026-06-17 04:48:46.331739425,2026-06-17 17:37:51.593133987,2.5981477053958337,15.416275870551944,False,False,False,False,False,
847257,175,Fulfilment & Logistics,Label Generation,P3,2025-12-24 04:11:21.000000000,True,208,False,2025-12-24 07:02:52.323094264,2025-12-25 12:46:52.929909856,2.8587008595177776,32.59220275273778,False,True,False,False,False,0.7
847258,208,Fulfilment & Logistics,Inventory Mismatch,P2,2026-03-17 09:11:20.000000000,True,209,False,2026-03-17 11:11:58.777016603,2026-03-18 08:35:07.800401889,2.0107713935008333,23.396611222746944,True,True,False,False,False,
847259,113,Payments & Checkout,Card Declines,P4,2025-07-30 14:26:52.000000000,True,213,True,2025-07-30 22:27:29.121227761,2025-08-03 03:11:38.076180334,8.010311452155833,84.74613227231501,False,True,False,False,False,
847260,166,Fulfilment & Logistics,Label Generation,P4,2025-06-05 23:00:08.000000000,True,218,True,2025-06-06 08:47:14.916985343,2025-06-09 15:44:26.576950082,9.785254718150831,88.738493597245,False,True,False,False,False,
847261,108,Notifications,Email Delivery Failure,P2,2025-04-24 13:44:49.000000000,True,209,True,2025-04-24 17:06:59.556875934,2025-04-25 11:35:59.608429398,3.369599132203889,21.85294678594389,True,True,False,False,False,
847262,171,Notifications,Email Delivery Failure,P4,2025-04-26 20:09:51.000000000,True,218,False,2025-04-27 02:43:28.551622482,2025-04-27 22:15:46.159385712,6.560431006245,26.09865538492,False,False,False,False,False,
847263,131,Payments & Checkout,Card Declines,P4,2025-03-05 14:44:20.000000000,True,207,False,2025-03-05 20:09:51.873972620,2025-03-08 11:03:25.951540834,5.42552054795,68.3183198724539,False,True,True,False,False,
847264,191,Account Access,2FA Reset,P3,2025-04-09 09:36:37.000000000,True,207,True,2025-04-09 12:22:50.092310581,2025-04-10 04:16:19.801259561,2.7703034196058334,18.661889238766943,False,False,False,False,False,
847265,145,Fulfilment & Logistics,Carrier Sync Failure,P3,2026-02-16 02:45:21.000000000,True,201,True,2026-02-16 07:02:06.936464491,2026-02-17 15:02:23.838344589,4.279426795691944,36.28412176238584,True,True,True,False,False,
847266,120,Notifications,SMS Gateway Drag,P3,2026-04-15 16:22:16.000000000,True,218,False,2026-04-15 19:30:08.134194035,2026-04-16 05:04:56.095874454,3.1311483872319443,12.711137742903889,False,False,False,False,False,
847267,139,API Integrations,Endpoint Timeout,P2,2026-03-04 18:39:35.000000000,True,211,False,2026-03-04 19:06:16.628132358,2026-03-05 03:42:57.507211750,0.4448967034327777,9.05625200326389,False,True,True,False,False,
847268,163,Payments & Checkout,Payout Delays,P3,2026-03-27 18:09:00.000000000,True,217,False,2026-03-27 21:19:55.461789721,2026-03-30 01:41:24.852101132,3.182072719366944,55.54023669475889,False,True,False,False,False,0.71
847269,106,API Integrations,Webhook Failures,P2,2025-08-30 21:18:28.000000000,True,201,False,2025-08-30 23:12:09.586795502,2025-09-01 12:16:14.642459050,1.8948852209727776,38.962956238625,True,True,True,False,False,
847270,161,Fulfilment & Logistics,Tracking Updates,P4,2026-03-31 20:33:47.000000000,True,213,True,2026-04-01 03:26:12.814301326,2026-04-02 19:00:51.050857124,6.873837305923889,46.45112523809,False,False,False,False,False,
847271,201,Notifications,Template Syntax Error,P3,2026-03-05 00:01:13.000000000,True,220,False,2026-03-05 02:46:49.366083938,2026-03-05 18:32:07.338468536,2.760101689982778,18.51509401903778,False,False,False,False,False,
847272,147,API Integrations,Authentication Error,P3,2026-01-08 11:27:12.000000000,True,205,False,2026-01-08 13:47:16.870254526,2026-01-09 21:53:22.301912239,2.3346861818127778,34.436194975621945,False,True,True,False,False,
847273,101,Payments & Checkout,Card Declines,P3,2025-03-13 09:25:49.000000000,True,204,False,2025-03-13 12:14:07.682709904,2025-03-15 16:47:35.645118884,2.80518964164,55.362956977467775,False,True,False,False,False,
847274,187,Notifications,SMS Gateway Drag,P3,2026-06-09 14:22:06.000000000,True,220,False,2026-06-09 18:06:31.295327610,2026-06-10 08:14:18.160932542,3.740359813225,17.870044703483888,False,False,False,False,False,
847275,176,Payments & Checkout,Payout Delays,P3,2025-07-14 17:03:32.000000000,True,204,False,2025-07-14 19:43:18.315784865,2025-07-16 17:11:24.050699634,2.6628654957958338,48.13112519434278,False,True,True,False,False,
847276,136,API Integrations,Webhook Failures,P3,2025-02-01 21:04:26.000000000,True,211,False,2025-02-01 22:16:15.557650586,2025-02-02 19:11:32.720165631,1.197099347385,22.118533379341947,False,False,False,False,False,
847277,128,Fulfilment & Logistics,Tracking Updates,P3,2025-10-03 22:52:32.000000000,True,209,False,2025-10-04 02:03:04.042678505,2025-10-05 00:00:06.447520776,3.1755674106958334,25.126235422437777,False,True,False,False,False,
847278,127,API Integrations,Webhook Failures,P4,2025-04-03 06:07:58.000000000,True,201,False,2025-04-03 13:59:40.428869596,2025-04-07 22:01:08.787850643,7.86178579711,111.88632995851194,False,True,False,False,False,
847279,177,Payments & Checkout,Card Declines,P3,2025-03-07 09:01:06.000000000,True,217,False,2025-03-07 11:54:03.884887250,2025-03-09 19:07:05.438048222,2.882745802013889,58.09984390228389,False,True,True,False,False,
847280,135,API Integrations,Endpoint Timeout,P2,2025-08-22 12:06:04.000000000,True,214,False,2025-08-22 12:45:07.270502656,2025-08-23 01:41:40.826839355,0.6509084729600001,13.593563010931945,False,True,False,False,False,
847281,169,Notifications,SMS Gateway Drag,P4,2025-12-14 10:57:02.000000000,True,218,False,2025-12-14 18:01:14.136261926,2025-12-15 14:44:23.234057100,7.070037850535,27.789231682527777,False,False,False,False,False,0.83
847282,209,Payments & Checkout,3DS Authentication,P2,2025-03-25 14:13:48.000000000,True,207,False,2025-03-25 15:38:19.467775795,2025-03-26 09:20:58.412603695,1.4087410488319445,19.119559056581945,True,True,False,False,False,
847283,211,Notifications,Webhook Retries,P3,2025-05-26 05:10:54.000000000,True,218,False,2025-05-26 08:01:05.295963711,2025-05-27 01:38:16.125488698,2.836471101030833,20.45614596908278,False,False,False,False,False,
847284,189,Payments & Checkout,Payout Delays,P3,2025-10-21 20:04:13.000000000,True,217,False,2025-10-21 23:56:52.725494334,2025-10-23 13:15:12.720424139,3.877701526203889,41.183255673371946,False,True,True,False,False,0.4
847285,198,Account Access,User Permissions,P3,2025-02-21 07:09:19.000000000,True,219,False,2025-02-21 09:46:43.205568840,2025-02-21 23:49:48.843953586,2.6233904357888886,16.67495665377389,False,False,False,False,False,
847286,155,Payments & Checkout,Payout Delays,P2,2026-04-19 06:32:14.000000000,True,204,False,2026-04-19 08:07:17.407970048,2026-04-20 03:39:05.570731034,1.58427999168,21.114325203065,True,True,True,False,False,
847287,153,API Integrations,Webhook Failures,P3,2025-12-11 18:48:33.000000000,True,214,False,2025-12-11 20:21:06.274578656,2025-12-12 17:07:13.738733560,1.542576271848889,22.31131631487778,False,False,False,False,False,
847288,183,Notifications,Email Delivery Failure,P4,2025-10-22 03:51:36.000000000,True,218,False,2025-10-22 11:41:26.048758293,2025-10-23 10:44:43.410222801,7.8305690995258335,30.885391728555835,False,False,False,False,False,
847289,101,Payments & Checkout,Card Declines,P3,2025-07-27 18:22:36.000000000,True,204,False,2025-07-27 21:02:36.766042730,2025-07-29 15:06:11.305939358,2.6668794563138887,44.72647387204388,False,True,True,False,False,
847290,165,Account Access,2FA Reset,P3,2026-05-08 18:34:36.000000000,True,213,False,2026-05-08 21:05:20.385347494,2026-05-09 08:12:41.290294585,2.512329263192778,13.634802859606944,False,False,False,False,False,
847291,172,Payments & Checkout,Refund Processing,P3,2025-06-02 11:47:41.000000000,True,207,False,2025-06-02 14:17:59.321609643,2025-06-03 20:06:24.530056370,2.5050893360119444,32.312091682325,False,True,True,False,False,0.43
847292,103,Fulfilment & Logistics,Carrier Sync Failure,P3,2025-11-30 17:31:32.000000000,True,203,True,2025-11-30 21:08:17.506031778,2025-12-01 22:56:22.289428696,3.612640564382778,29.41396928574889,False,True,False,False,False,
847293,208,Account Access,Password Reset,P4,2025-09-09 03:12:52.000000000,True,203,False,2025-09-09 07:50:02.394015322,2025-09-10 15:34:37.820023753,4.619553893145,36.36272778437584,False,False,False,False,False,
847294,147,Notifications,SMS Gateway Drag,P4,2026-03-26 03:35:10.000000000,True,220,False,2026-03-26 10:12:20.572168493,2026-03-27 19:27:30.042394686,6.619603380136945,39.87223399852389,False,False,False,False,False,
847295,151,Notifications,Email Delivery Failure,P3,2026-02-12 02:47:37.000000000,True,218,False,2026-02-12 05:51:28.277854880,2026-02-12 18:22:13.085464587,3.0642438485777777,15.57669040682972,False,False,False,False,False,
847296,179,API Integrations,Rate Limiting,P3,2025-03-23 11:35:56.000000000,True,205,False,2025-03-23 14:10:39.479573517,2025-03-24 20:04:06.968776288,2.578744325976944,32.46971354896889,False,True,False,False,False,
847297,138,Account Access,User Permissions,P4,2025-08-13 23:13:54.000000000,True,204,True,2025-08-14 13:44:45.574001997,2025-08-16 05:05:25.158519573,14.514326111665834,53.85865514432583,True,True,False,False,False,
847298,206,Payments & Checkout,Refund Processing,P4,2025-02-24 21:48:12.000000000,True,215,False,2025-02-25 04:01:41.219294053,2025-02-28 05:00:52.099972899,6.224783137236945,79.21113888136084,False,True,True,False,False,
847299,110,Account Access,2FA Reset,P4,2025-11-18 13:20:02.000000000,True,213,False,2025-11-18 17:22:34.038225933,2025-11-19 20:24:41.367921972,4.042232840536944,31.07760220054778,False,False,False,False,False,
847300,188,Payments & Checkout,3DS Authentication,P4,2025-07-06 17:11:46.000000000,True,204,False,2025-07-06 23:24:09.529195108,2025-07-10 04:50:45.910975232,6.20653588753,83.64997527089778,False,True,True,False,False,
847301,177,Notifications,SMS Gateway Drag,P3,2025-07-03 02:36:48.000000000,True,220,False,2025-07-03 06:18:45.696561488,2025-07-03 18:38:08.614062990,3.699360155968889,16.022392795275,False,False,False,False,False,
847302,123,Account Access,User Permissions,P2,2025-10-27 22:17:17.000000000,True,217,True,2025-10-27 23:42:42.961546686,2025-10-28 12:46:43.777282128,1.4238782074127776,14.490771467257778,True,True,False,False,False,
847303,204,Account Access,Password Reset,P3,2026-02-13 05:45:38.000000000,True,210,True,2026-02-13 09:14:07.751531510,2026-02-14 05:15:37.814895023,3.4749309809750004,23.499948581950832,False,False,False,False,False,
847304,127,API Integrations,Endpoint Timeout,P3,2025-09-18 01:43:29.000000000,True,201,False,2025-09-18 04:08:36.819451875,2025-09-20 10:01:48.629214585,2.418838736631945,56.30545255960695,False,True,False,False,False,
847305,151,Notifications,Template Syntax Error,P2,2025-08-28 01:31:36.000000000,True,220,False,2025-08-28 02:23:56.894954304,2025-08-28 05:38:18.497950651,0.8724708206399999,4.111804986291944,False,False,False,False,False,
847306,161,Account Access,2FA Reset,P2,2025-07-13 08:09:12.000000000,True,202,False,2025-07-13 09:28:11.561450553,2025-07-13 19:19:15.844593829,1.3165448473758334,11.167734609396945,True,True,False,False,False,
847307,112,Notifications,SMS Gateway Drag,P2,2026-01-17 11:17:59.000000000,True,220,False,2026-01-17 12:15:16.270600896,2026-01-17 17:11:27.695365336,0.9547973891377778,5.891304268148889,False,False,False,False,False,
847308,190,Fulfilment & Logistics,Carrier Sync Failure,P3,2025-06-20 20:57:48.000000000,True,208,False,2025-06-20 23:39:49.091678720,2025-06-21 22:31:50.657119224,2.700303244088889,25.56740475534,False,True,False,False,False,
847309,147,Notifications,Webhook Retries,P1,2025-05-08 00:51:03.000000000,True,218,False,2025-05-08 01:22:32.350113614,2025-05-08 03:08:27.886158115,0.5248194760038889,2.2902461550319444,True,True,False,False,False,
847310,163,Payments & Checkout,3DS Authentication,P2,2025-02-07 04:09:13.000000000,True,207,False,2025-02-07 05:27:39.283173032,2025-02-07 17:56:40.113386106,1.3073008813977778,13.79086482947389,True,True,False,False,False,
847311,108,Notifications,Email Delivery Failure,P3,2026-04-10 14:41:03.000000000,True,220,False,2026-04-10 17:06:42.230265043,2026-04-11 06:05:28.247349291,2.427563962511944,15.407013152580832,False,False,False,False,False,
847312,147,Payments & Checkout,Payout Delays,P2,2025-11-07 09:54:21.000000000,True,211,True,2025-11-07 10:34:52.512013809,2025-11-07 18:36:41.778649437,0.6754200038358333,8.705771847065833,False,True,False,False,False,
847313,102,Fulfilment & Logistics,Tracking Updates,P3,2026-04-14 18:13:42.000000000,True,209,False,2026-04-14 21:41:59.344723083,2026-04-16 00:35:42.315412478,3.471484645300833,30.36675428124389,False,True,False,False,False,
847314,107,Notifications,SMS Gateway Drag,P1,2025-05-03 03:23:34.000000000,True,210,True,2025-05-03 04:08:20.946028472,2025-05-03 07:14:19.411908269,0.7463738967977778,3.845947752296944,True,True,True,False,False,
847315,209,Account Access,User Permissions,P4,2025-02-13 22:10:53.000000000,True,219,False,2025-02-14 02:43:24.386264936,2025-02-15 11:00:36.406672390,4.54205174026,36.82872407566389,False,False,False,False,False,
847316,115,Fulfilment & Logistics,Carrier Sync Failure,P3,2025-11-23 01:08:01.000000000,True,208,False,2025-11-23 04:03:08.646457853,2025-11-23 22:58:37.749705820,2.9187906827369443,21.84354158495,False,False,False,False,False,
847317,139,Payments & Checkout,Payout Delays,P3,2025-08-11 00:31:04.000000000,True,207,False,2025-08-11 03:10:44.655946985,2025-08-12 15:26:04.789202574,2.6612933186069445,38.91688588960389,False,True,False,False,False,
847318,144,Payments & Checkout,Card Declines,P2,2025-07-24 02:16:28.000000000,True,204,False,2025-07-24 04:19:07.710773824,2025-07-25 07:02:08.763357971,2.04436410384,28.761323154991945,True,True,False,False,False,
847319,168,Payments & Checkout,Card Declines,P3,2025-09-18 11:37:59.000000000,True,217,False,2025-09-18 15:27:20.467909751,2025-09-19 21:24:11.261777542,3.8226299749308335,33.770072715983886,False,True,False,False,False,
847320,211,Fulfilment & Logistics,Inventory Mismatch,P3,2026-06-24 11:12:16.000000000,True,206,False,2026-06-24 13:38:12.896807022,2026-06-25 06:13:29.225464645,2.4324713352838887,19.02034040684584,False,False,False,False,False,0.97
847321,108,API Integrations,Authentication Error,P3,2026-06-26 05:09:01.000000000,True,205,False,2026-06-26 07:29:48.008380894,2026-06-27 08:38:50.387991172,2.346391216915,27.49705221977,False,True,True,False,False,
847322,201,Payments & Checkout,Refund Processing,P2,2025-05-07 13:31:19.000000000,True,207,False,2025-05-07 14:36:26.889454848,2025-05-08 05:54:06.053236820,1.0855248485688889,16.379737010227778,True,True,False,False,False,
847323,156,API Integrations,Rate Limiting,P3,2026-05-13 00:24:25.000000000,True,205,False,2026-05-13 03:00:26.792236031,2026-05-14 10:43:51.039362746,2.600497843341945,34.323899822985,False,True,False,False,False,
847324,153,Account Access,2FA Reset,P3,2025-05-23 18:19:11.000000000,True,209,True,2025-05-23 22:12:04.940985669,2025-05-25 08:33:15.194620116,3.881650273796944,38.23449850558778,False,True,False,False,False,
847325,104,Notifications,SMS Gateway Drag,P3,2025-06-21 17:52:46.000000000,True,218,False,2025-06-21 20:36:01.511211108,2025-06-22 14:47:11.149563820,2.720975336418889,20.90698598995,False,False,False,False,False,
847326,124,Account Access,Password Reset,P3,2025-03-17 11:54:05.000000000,True,203,False,2025-03-17 14:26:18.239802183,2025-03-18 04:06:11.186899851,2.537011056161944,16.201718583291946,False,False,False,False,False,
847327,140,Payments & Checkout,Payout Delays,P2,2025-05-12 02:46:53.000000000,True,215,False,2025-05-12 04:32:34.371871173,2025-05-13 13:04:56.234779387,1.7614921864369444,34.300898549829725,True,True,True,False,False,
847328,166,Notifications,Template Syntax Error,P4,2025-10-26 12:41:40.000000000,True,218,False,2025-10-26 20:59:03.901020440,2025-10-28 07:09:53.958761123,8.289972505677778,42.47054410031195,False,False,False,False,False,
847329,106,API Integrations,Endpoint Timeout,P4,2025-09-22 11:09:01.000000000,True,205,False,2025-09-22 16:14:56.227649192,2025-09-26 00:08:39.518067176,5.098674346997777,84.99403279643778,False,True,True,False,False,0.32
847330,157,Payments & Checkout,3DS Authentication,P2,2026-02-21 15:37:32.000000000,True,215,False,2026-02-21 17:46:03.416199976,2026-02-22 17:47:52.363909343,2.142060055548889,26.17232330815084,True,True,False,False,False,
847331,151,Fulfilment & Logistics,Inventory Mismatch,P3,2026-01-28 04:39:52.000000000,True,206,False,2026-01-28 07:22:14.156406096,2026-01-28 20:09:19.311749616,2.706154557248889,15.490919930448888,False,False,False,False,False,
847332,119,Notifications,Template Syntax Error,P2,2026-01-26 02:32:34.000000000,True,218,False,2026-01-26 04:38:34.999374047,2026-01-26 11:25:21.946253144,2.1002776039019446,8.879985070317778,True,True,False,False,False,
847333,101,API Integrations,Webhook Failures,P3,2025-09-30 12:12:29.000000000,True,209,True,2025-09-30 17:56:24.578999284,2025-10-03 23:06:19.077112798,5.7321052775788885,82.89724364244388,True,True,True,False,False,
847334,111,Fulfilment & Logistics,Carrier Sync Failure,P3,2025-06-05 18:12:51.000000000,True,206,False,2025-06-05 21:01:05.918416074,2025-06-06 13:31:06.292443974,2.8041440044650003,19.30424790110389,False,False,False,False,False,
847335,106,API Integrations,Webhook Failures,P3,2025-09-04 23:49:51.000000000,True,211,False,2025-09-05 01:02:27.369549828,2025-09-05 13:01:47.164126624,1.21010265273,13.198934479617776,False,False,False,False,False,
847336,110,Fulfilment & Logistics,Tracking Updates,P2,2025-02-14 11:52:53.000000000,True,208,False,2025-02-14 13:38:50.141312156,2025-02-15 05:43:35.669041092,1.76587258671,17.84518584474778,True,True,False,False,False,
847337,165,API Integrations,Rate Limiting,P3,2026-05-01 07:59:14.000000000,True,201,False,2026-05-01 10:14:59.895810939,2026-05-02 13:54:38.846165541,2.2627488363719443,29.923568379316947,False,True,True,False,False,
847338,115,Notifications,Email Delivery Failure,P4,2025-04-05 21:21:13.000000000,True,210,True,2025-04-06 09:16:09.989672614,2025-04-08 10:01:06.915005857,11.915830464615,60.66497639051583,False,True,True,False,False,
847339,162,Account Access,Password Reset,P2,2025-12-14 20:25:39.000000000,True,212,False,2025-12-14 21:24:53.287853011,2025-12-15 01:01:52.432705311,0.9873021813919444,4.603731307030833,False,False,False,False,False,
847340,109,API Integrations,Endpoint Timeout,P3,2025-11-23 19:47:21.000000000,True,205,False,2025-11-23 22:10:47.109813688,2025-11-25 08:54:35.600226496,2.3905860593577777,37.120722285137774,False,True,False,False,False,
847341,140,Fulfilment & Logistics,Tracking Updates,P3,2025-08-17 09:29:35.000000000,True,209,False,2025-08-17 13:19:03.931415715,2025-08-18 18:17:47.535848259,3.824703171031945,32.803482180071946,False,True,False,False,False,
847342,114,API Integrations,Endpoint Timeout,P4,2025-01-26 22:49:07.000000000,True,206,True,2025-01-27 08:32:03.863242190,2025-01-30 11:24:06.580517558,9.715795345052776,84.58321681043277,False,True,True,False,False,
847343,183,API Integrations,Rate Limiting,P4,2025-04-15 03:14:11.000000000,True,217,True,2025-04-15 13:50:10.443536483,2025-04-22 03:57:35.352813524,10.599845426800831,168.72343133708998,False,True,True,False,False,
847344,209,Account Access,Password Reset,P3,2025-07-04 18:11:35.000000000,True,217,True,2025-07-04 22:49:31.119603191,2025-07-06 15:06:54.798912495,4.632255445330833,44.92216636458194,True,True,False,False,False,
847345,204,Fulfilment & Logistics,Label Generation,P3,2025-03-24 06:31:01.000000000,True,209,False,2025-03-24 09:27:14.458201597,2025-03-25 05:34:49.748253292,2.9370717226658334,23.06354118147,False,False,False,False,False,
847346,115,Account Access,2FA Reset,P3,2025-03-04 20:57:33.000000000,True,203,False,2025-03-04 22:51:04.339231591,2025-03-05 09:30:06.911539720,1.8920386754419445,12.542753205477778,False,False,False,False,False,
847347,166,Payments & Checkout,Card Declines,P3,2025-02-13 14:34:21.000000000,True,217,False,2025-02-13 18:12:57.087812030,2025-02-15 07:04:43.538647753,3.643357725563889,40.50626073548695,False,True,False,False,False,0.64
847348,170,Notifications,Template Syntax Error,P2,2026-01-10 23:20:17.000000000,True,220,False,2026-01-11 00:29:45.752990890,2026-01-11 05:36:04.963846703,1.1579869419138888,6.263323290750834,True,False,False,False,False,0.87
847349,164,Account Access,User Permissions,P3,2025-11-07 01:53:44.000000000,True,219,False,2025-11-07 04:20:12.169048634,2025-11-07 18:18:37.022363498,2.441158069065,16.414728434305,False,False,False,False,False,
847350,194,API Integrations,Authentication Error,P4,2025-04-21 21:56:02.000000000,True,205,False,2025-04-22 02:55:24.818203520,2025-04-24 01:28:11.363796465,4.9896717232,51.53593438790695,False,True,False,False,False,
847351,197,Account Access,SSO Failure,P4,2025-05-01 11:02:15.000000000,True,219,False,2025-05-01 15:01:05.792222323,2025-05-02 17:24:49.744127034,3.980775617311944,30.376317813065,False,False,False,False,False,0.89
847352,168,Notifications,Email Delivery Failure,P4,2025-05-06 10:10:39.000000000,True,220,False,2025-05-06 17:03:34.393723430,2025-05-07 16:50:03.171499544,6.882053812063889,30.65671430542889,False,False,False,False,False,
847353,197,Fulfilment & Logistics,Carrier Sync Failure,P3,2025-08-20 10:07:04.000000000,True,215,True,2025-08-20 14:43:10.391471478,2025-08-22 10:19:42.822733478,4.601775408743889,48.21078409263278,True,True,False,False,False,
847354,188,Notifications,Webhook Retries,P3,2025-07-13 15:19:07.000000000,True,220,False,2025-07-13 18:12:09.295589869,2025-07-14 07:11:39.750256414,2.883970997185833,15.875763960115,False,False,False,False,False,1.0
847355,105,API Integrations,Endpoint Timeout,P3,2026-03-06 00:53:26.000000000,True,211,False,2026-03-06 01:46:42.897650176,2026-03-06 22:03:10.218393981,0.8880271250488888,21.162282887216943,False,False,False,False,False,
847356,102,Notifications,Webhook Retries,P3,2025-11-09 00:51:55.000000000,True,218,False,2025-11-09 03:38:08.799901878,2025-11-09 16:29:21.131638370,2.7704999727438886,15.623925455102778,False,False,True,False,False,0.63
847357,136,Account Access,User Permissions,P3,2025-05-31 13:05:38.000000000,True,212,False,2025-05-31 14:30:46.862040527,2025-06-01 02:25:15.564124991,1.4191283445908334,13.327101145830833,False,False,False,False,False,
847358,174,Fulfilment & Logistics,Inventory Mismatch,P3,2026-04-30 07:38:49.000000000,True,208,False,2026-04-30 11:24:04.980195811,2026-05-01 10:58:37.131237056,3.7544389432808334,27.33003645473778,False,True,False,False,False,
847359,113,Fulfilment & Logistics,Carrier Sync Failure,P3,2025-10-07 11:56:08.000000000,True,209,False,2025-10-07 14:30:34.053407688,2025-10-08 17:36:34.870163603,2.573903724357778,29.67413060100084,False,True,False,False,False,
847360,160,Fulfilment & Logistics,Label Generation,P3,2026-01-02 03:37:10.000000000,True,208,False,2026-01-02 06:05:13.160634624,2026-01-03 04:52:24.598582249,2.467544620728889,25.254055161735835,False,True,False,False,False,
847361,105,Account Access,SSO Failure,P2,2026-04-01 21:21:06.000000000,True,209,True,2026-04-01 23:32:12.842085943,2026-04-03 00:18:35.089375174,2.1852339127619445,26.958080381992776,True,True,True,False,False,0.07
847362,192,Notifications,Template Syntax Error,P3,2025-10-08 10:54:39.000000000,True,218,False,2025-10-08 13:31:32.800234502,2025-10-09 02:29:52.240500964,2.614944509583889,15.587011250267777,False,False,False,False,False,
847363,178,Fulfilment & Logistics,Label Generation,P3,2025-04-14 20:42:03.000000000,True,208,False,2025-04-15 00:04:58.573703968,2025-04-15 23:04:44.065159310,3.3821038066577778,26.37807365536389,False,True,False,False,False,
847364,201,Payments & Checkout,3DS Authentication,P4,2025-07-13 00:47:40.000000000,True,217,False,2025-07-13 10:08:05.073957580,2025-07-16 20:46:02.023358744,9.340298321550002,91.97278426631776,False,True,False,False,False,
847365,157,Notifications,SMS Gateway Drag,P4,2026-04-12 13:49:09.000000000,True,220,False,2026-04-12 21:12:17.096190446,2026-04-14 10:05:51.814191961,7.385582275123888,44.27855949776694,False,False,False,False,False,
847366,140,Payments & Checkout,Payout Delays,P3,2026-03-07 18:37:37.000000000,True,204,False,2026-03-07 22:11:36.069179882,2026-03-09 17:37:57.728482303,3.566408105522778,47.005757911750834,False,True,True,False,False,
847367,174,Notifications,Webhook Retries,P2,2025-12-19 13:30:47.000000000,True,220,False,2025-12-19 14:23:39.414854718,2025-12-19 18:56:54.013399042,0.8812263485327777,5.435281499733889,False,False,False,False,False,
847368,135,API Integrations,Webhook Failures,P1,2025-09-26 03:38:15.000000000,True,214,False,2025-09-26 03:56:23.683053966,2025-09-26 07:45:13.255331680,0.302411959435,4.1161820365777775,True,True,False,False,False,
847369,102,API Integrations,Webhook Failures,P4,2025-02-24 22:43:48.000000000,True,211,False,2025-02-25 00:46:24.694893454,2025-02-26 12:32:11.417449178,2.0435263592927777,37.80650484699389,False,False,False,False,False,0.97
847370,143,Fulfilment & Logistics,Inventory Mismatch,P3,2026-03-22 13:41:18.000000000,True,208,False,2026-03-22 16:40:01.190951368,2026-03-24 00:38:13.761745945,2.9786641531577778,34.94882270720694,False,True,False,False,False,
847371,125,Account Access,SSO Failure,P4,2025-08-14 07:00:38.000000000,True,203,False,2025-08-14 13:09:00.927099783,2025-08-15 22:43:55.624009244,6.139701972161944,39.72156222479,False,False,False,False,False,
847372,129,API Integrations,Rate Limiting,P1,2025-06-01 01:41:03.000000000,True,211,False,2025-06-01 01:53:31.296077886,2025-06-01 04:19:03.516683598,0.207860021635,2.633476856555,False,True,False,False,False,
847373,185,Account Access,Password Reset,P2,2026-04-22 00:29:36.000000000,True,202,False,2026-04-22 01:40:12.815153757,2026-04-22 08:07:40.261080850,1.1768930982658334,7.634516966902778,True,False,False,False,False,
847374,149,Payments & Checkout,Payout Delays,P4,2025-10-20 12:00:39.000000000,True,207,False,2025-10-20 16:53:54.656723246,2025-10-23 12:54:08.737361306,4.887682423123889,72.89159371147389,False,True,False,False,False,
847375,161,API Integrations,Rate Limiting,P4,2025-07-10 21:06:05.000000000,True,214,False,2025-07-11 01:19:26.759246750,2025-07-13 15:38:47.415435536,4.222710901875,66.54511539876,False,True,True,False,False,
847376,194,Payments & Checkout,Payout Delays,P3,2025-08-17 11:56:59.000000000,True,210,True,2025-08-17 17:34:53.803937752,2025-08-20 18:05:31.963781976,5.631889982708889,78.14248993943778,True,True,False,False,False,
847377,132,Account Access,User Permissions,P4,2025-10-09 05:12:28.000000000,True,212,False,2025-10-09 08:20:17.685165889,2025-10-10 00:27:58.242915708,3.130468101635833,19.25840080991889,False,False,False,False,False,
847378,116,Notifications,Email Delivery Failure,P1,2025-06-15 21:16:12.000000000,True,220,False,2025-06-15 21:38:37.059182869,2025-06-15 22:47:32.426330830,0.3736275507969445,1.5223406474527776,True,False,False,False,False,
847379,147,Account Access,Password Reset,P3,2026-06-29 13:00:33.000000000,True,219,False,2026-06-29 14:47:51.292710400,2026-06-30 00:09:27.551969646,1.7884146417777778,11.148486658235,False,False,False,False,False,
847380,194,Fulfilment & Logistics,Carrier Sync Failure,P3,2026-05-20 23:10:40.000000000,True,208,False,2026-05-21 02:03:43.313461883,2026-05-22 04:51:36.350516213,2.8842537394119447,29.682319587836947,False,True,False,False,False,
847381,129,Account Access,User Permissions,P2,2025-11-08 01:59:34.000000000,True,212,False,2025-11-08 02:41:09.055862494,2025-11-08 10:18:31.368569024,0.693071072915,8.315935713617778,False,True,False,False,False,
847382,210,Account Access,SSO Failure,P3,2025-12-06 07:10:09.000000000,True,212,False,2025-12-06 08:46:31.696398086,2025-12-06 14:54:10.219137925,1.6063045550238888,7.733671982756944,False,False,False,False,False,
847383,192,Fulfilment & Logistics,Tracking Updates,P4,2026-05-23 02:55:49.000000000,True,208,False,2026-05-23 10:23:06.965290265,2026-05-25 17:23:54.584089446,7.454990358406945,62.46821780262389,False,True,False,False,False,0.77
847384,167,Fulfilment & Logistics,Inventory Mismatch,P3,2025-08-30 23:24:39.000000000,True,209,False,2025-08-31 03:11:39.698097912,2025-09-01 05:43:37.820138917,3.78352724942,30.316338927476945,False,True,False,False,False,
847385,211,Account Access,User Permissions,P1,2026-05-31 22:16:20.000000000,True,212,False,2026-05-31 22:28:51.081268854,2026-06-01 00:07:45.620153368,0.2086336857927777,1.8571167092688887,False,False,False,False,False,
847386,211,Notifications,Webhook Retries,P4,2026-05-06 11:26:18.000000000,True,220,False,2026-05-06 18:20:38.904614186,2026-05-07 20:12:03.513458618,6.905806837273889,32.76264262739389,False,False,False,False,False,
847387,132,Fulfilment & Logistics,Inventory Mismatch,P2,2025-06-25 19:51:40.000000000,True,216,False,2025-06-25 20:57:00.375339848,2025-06-26 07:59:27.097664255,1.0889931499577776,12.129749351181944,True,True,False,False,False,
847388,185,Account Access,SSO Failure,P3,2025-01-24 17:02:44.000000000,True,202,False,2025-01-24 20:46:47.778742842,2025-01-25 10:52:54.613184410,3.7343829841227776,17.83628144011389,False,False,False,False,False,
847389,123,Fulfilment & Logistics,Inventory Mismatch,P3,2025-03-19 00:53:51.000000000,True,209,False,2025-03-19 04:02:37.287316982,2025-03-20 09:00:48.467059560,3.146190921383889,32.1159630721,False,True,False,False,False,
847390,136,Notifications,Webhook Retries,P2,2025-03-14 18:50:57.000000000,True,220,False,2025-03-14 19:56:07.117027640,2025-03-14 23:57:13.476140869,1.0861436187888889,5.104576705796944,True,False,False,False,False,
847391,147,Notifications,Template Syntax Error,P3,2025-08-07 10:22:55.000000000,True,216,True,2025-08-07 12:51:17.380777969,2025-08-08 04:05:38.153819282,2.472883549435833,17.711987172022777,False,False,False,False,False,
847392,167,Notifications,Template Syntax Error,P3,2025-08-23 06:15:28.000000000,True,218,False,2025-08-23 09:32:01.619015444,2025-08-24 02:11:29.710149161,3.2760052820677776,19.933808374766944,False,False,False,False,False,0.93
847393,194,API Integrations,Endpoint Timeout,P3,2025-06-08 03:59:32.000000000,True,211,False,2025-06-08 05:04:45.838822829,2025-06-08 18:37:29.030540682,1.0871774507858334,14.632508483522775,False,False,False,False,False,
847394,186,Payments & Checkout,3DS Authentication,P4,2025-02-08 19:20:01.000000000,True,217,False,2025-02-09 02:16:57.086317128,2025-02-11 19:09:29.966817391,6.948912865868889,71.82471300483083,False,True,False,False,False,
847395,159,API Integrations,Endpoint Timeout,P2,2025-06-13 21:09:48.000000000,True,211,False,2025-06-13 21:48:30.142727630,2025-06-14 07:54:49.623643808,0.6450396465638889,10.75045101216889,False,True,False,False,False,
847396,109,Payments & Checkout,3DS Authentication,P1,2025-06-02 17:36:12.000000000,True,217,False,2025-06-02 18:07:45.130879165,2025-06-02 23:01:26.292521724,0.5258696886569444,5.4206368115900005,True,True,False,False,False,
847397,207,Fulfilment & Logistics,Label Generation,P3,2025-08-10 04:12:04.000000000,True,218,True,2025-08-10 07:47:19.767723878,2025-08-11 17:28:02.131076795,3.5877132566327776,37.266147521331945,False,True,False,False,False,0.71
847398,187,API Integrations,Rate Limiting,P3,2025-07-06 00:20:48.000000000,True,201,False,2025-07-06 02:30:47.860604368,2025-07-07 13:18:33.891647726,2.166627945657778,36.96274767992389,False,True,True,False,False,
847399,142,Notifications,Webhook Retries,P4,2026-02-22 09:03:15.000000000,True,218,False,2026-02-22 14:43:17.322859162,2026-02-23 07:41:26.608286586,5.667311905322777,22.636557857385,False,False,False,False,False,
847400,137,API Integrations,Webhook Failures,P3,2025-12-31 00:49:19.000000000,True,214,False,2025-12-31 02:55:32.968205459,2026-01-01 06:36:37.986323527,2.1038800570719447,29.78860731209084,False,True,False,False,False,
847401,206,Payments & Checkout,3DS Authentication,P4,2025-06-14 20:36:37.000000000,True,217,False,2025-06-15 03:44:30.109519319,2025-06-17 15:40:07.840528412,7.131419310921944,67.05856681344778,False,True,True,False,False,
847402,198,Notifications,Webhook Retries,P4,2025-07-03 02:15:02.000000000,True,214,True,2025-07-03 08:30:39.949701485,2025-07-04 22:10:12.125406959,6.260541583745833,43.91947927971084,False,False,False,False,False,
847403,110,API Integrations,Webhook Failures,P3,2025-06-24 19:13:09.000000000,True,216,True,2025-06-24 21:38:10.160605671,2025-06-26 05:33:39.276522614,2.416989057130833,34.341743478503886,False,True,False,False,False,
847404,162,Notifications,Email Delivery Failure,P3,2026-02-10 13:38:34.000000000,True,220,False,2026-02-10 17:07:27.372442064,2026-02-11 06:56:44.143689774,3.4814923450177777,17.302817691603888,False,False,False,False,False,
847405,154,Fulfilment & Logistics,Carrier Sync Failure,P1,2026-05-15 18:16:26.000000000,True,206,False,2026-05-15 18:48:54.056507885,2026-05-15 20:39:18.282797931,0.5411268077458333,2.3811896660919447,True,True,False,False,False,
847406,126,Account Access,2FA Reset,P2,2026-04-14 09:08:50.000000000,True,203,False,2026-04-14 09:54:59.797753078,2026-04-14 13:05:09.317616206,0.7693882647438889,3.938699337835,False,False,False,False,False,
847407,159,Notifications,Email Delivery Failure,P4,2026-04-07 11:59:30.000000000,True,220,False,2026-04-07 18:12:20.625505645,2026-04-09 04:05:22.294755019,6.214062640456945,40.09785965417194,False,False,False,False,False,
847408,124,Account Access,Password Reset,P3,2026-01-05 21:47:25.000000000,True,203,False,2026-01-06 00:28:07.715942701,2026-01-06 15:33:19.299578903,2.678532206305833,17.765083216361944,False,False,False,False,False,
847409,120,Notifications,Template Syntax Error,P2,2026-03-05 03:35:09.000000000,True,220,False,2026-03-05 04:36:27.024127327,2026-03-05 07:44:51.463419764,1.0216733687019444,4.161795394378889,True,False,True,False,False,0.45
847410,162,Account Access,User Permissions,P4,2025-05-14 02:56:15.000000000,True,212,False,2025-05-14 07:31:38.849167934,2025-05-14 18:23:32.953811308,4.589958102203889,15.454987169807778,False,False,False,False,False,
847411,166,Account Access,2FA Reset,P2,2025-09-21 19:52:56.000000000,True,219,False,2025-09-21 20:31:01.552345284,2025-09-21 23:37:45.800154182,0.6348756514677777,3.747166709495,False,False,False,False,False,
847412,101,Notifications,Email Delivery Failure,P2,2026-04-16 04:52:31.000000000,True,220,False,2026-04-16 05:47:28.116985894,2026-04-16 11:58:39.956365400,0.915865829415,7.102487879277778,False,False,False,False,False,
847413,139,Payments & Checkout,Card Declines,P3,2025-11-23 22:13:43.000000000,True,217,False,2025-11-24 02:12:38.833550334,2025-11-25 22:14:31.339795880,3.982175986203889,48.013427721077775,False,True,False,False,False,
847414,144,Account Access,User Permissions,P2,2025-04-28 06:59:54.000000000,True,212,False,2025-04-28 07:38:47.957099097,2025-04-28 11:26:59.971172461,0.6483214164158334,4.451658659016944,False,False,False,False,False,
847415,119,Account Access,Password Reset,P1,2026-04-11 11:31:22.000000000,True,203,False,2026-04-11 11:50:25.744950476,2026-04-11 13:23:43.008053246,0.3177069306877778,1.8725022370127773,True,False,False,False,False,
847416,161,Notifications,Template Syntax Error,P4,2026-03-24 02:08:47.000000000,True,218,False,2026-03-24 10:04:36.550473128,2026-03-25 15:35:40.683240077,7.93043068698,37.44824534446583,False,False,False,False,False,
847417,147,Payments & Checkout,3DS Authentication,P3,2025-10-11 03:20:15.000000000,True,204,False,2025-10-11 07:07:53.897300731,2025-10-13 08:16:47.583189490,3.794138139091944,52.94238421930277,False,True,True,False,False,0.56
847418,108,API Integrations,Rate Limiting,P4,2026-02-23 04:32:17.000000000,True,205,False,2026-02-23 10:50:29.325045463,2026-02-26 20:40:31.251418285,6.3034236237397225,88.13729206063472,False,True,False,False,False,
847419,180,Notifications,Email Delivery Failure,P3,2025-08-27 10:39:48.000000000,True,218,False,2025-08-27 13:46:49.315937913,2025-08-28 01:10:52.627016097,3.117032204975833,14.517951948915831,False,False,False,False,False,0.99
847420,159,Payments & Checkout,3DS Authentication,P3,2025-05-04 06:13:33.000000000,True,204,False,2025-05-04 09:02:53.574822766,2025-05-05 14:24:03.319197744,2.822381895212778,32.17508866604,False,True,True,False,False,
847421,132,Fulfilment & Logistics,Label Generation,P4,2026-02-12 11:19:09.000000000,True,206,False,2026-02-12 15:41:03.126605973,2026-02-13 20:54:30.719684187,4.365035168325833,33.58936657894083,False,False,False,False,False,0.87
847422,126,Fulfilment & Logistics,Tracking Updates,P4,2026-03-10 11:55:01.000000000,True,208,False,2026-03-10 19:23:02.855678332,2026-03-13 04:12:34.276571432,7.46718213287,64.29257682539779,False,True,False,False,False,
847423,179,Notifications,SMS Gateway Drag,P4,2025-05-16 00:25:48.000000000,True,218,False,2025-05-16 07:18:36.381897363,2025-05-17 19:33:12.445654136,6.880106082600833,43.12345712614889,False,False,False,False,False,
847424,172,Notifications,Webhook Retries,P3,2025-05-07 07:54:22.000000000,True,212,True,2025-05-07 10:01:11.577800032,2025-05-07 21:29:18.958519086,2.11377161112,13.582488477523889,False,False,False,False,False,
847425,195,Fulfilment & Logistics,Inventory Mismatch,P4,2025-09-30 15:03:44.000000000,True,216,False,2025-09-30 19:09:58.724162630,2025-10-01 22:22:22.457180504,4.104090045175,31.31068255014,False,False,False,False,False,
847426,206,API Integrations,Authentication Error,P3,2025-12-06 12:08:25.000000000,True,211,False,2025-12-06 13:16:29.711337710,2025-12-07 04:35:21.565777616,1.1346420382527778,16.449046049337777,False,False,False,False,False,
847427,137,Payments & Checkout,3DS Authentication,P3,2026-05-14 00:29:53.000000000,True,215,False,2026-05-14 03:54:30.579715208,2026-05-15 10:38:54.832713621,3.41043880978,34.150509087116944,False,True,True,False,False,
847428,139,Account Access,SSO Failure,P3,2025-05-23 23:44:42.000000000,True,202,False,2025-05-24 04:08:13.757146641,2025-05-24 21:11:49.241341377,4.392154762955833,21.452011483715832,True,False,False,False,False,
847429,113,Payments & Checkout,Refund Processing,P4,2025-11-08 19:31:35.000000000,True,207,False,2025-11-09 01:54:54.110444082,2025-11-11 12:48:23.569947168,6.3886417900227785,65.28015831865778,False,True,False,False,False,
847430,208,Fulfilment & Logistics,Label Generation,P4,2025-11-20 12:42:16.000000000,True,210,False,2025-11-20 21:00:45.873195571,2025-11-22 00:14:33.683604865,8.308298109880834,35.53824544579583,False,False,False,False,False,
847431,130,Fulfilment & Logistics,Inventory Mismatch,P3,2025-10-25 14:05:20.000000000,True,209,False,2025-10-25 17:26:28.629481955,2025-10-26 13:07:57.537079193,3.352397078320833,23.04376029977584,False,False,False,False,False,0.93
847432,132,Account Access,User Permissions,P2,2026-03-23 14:20:00.000000000,True,203,False,2026-03-23 15:09:48.292224704,2026-03-23 20:18:22.803046564,0.8300811735288889,5.9730008462677775,False,False,False,False,False,
847433,129,Account Access,User Permissions,P4,2025-12-14 01:46:26.000000000,True,212,False,2025-12-14 05:53:25.730640430,2025-12-14 17:42:22.958655764,4.116591844563889,15.93248851549,False,False,False,False,False,
847434,116,Payments & Checkout,Card Declines,P1,2025-05-06 13:08:07.000000000,True,207,False,2025-05-06 13:41:26.447845858,2025-05-06 16:49:57.409918106,0.555402179405,3.6973360883627775,True,True,True,False,False,
847435,203,API Integrations,Authentication Error,P3,2026-02-15 21:13:33.000000000,True,205,False,2026-02-15 23:50:29.857406446,2026-02-17 02:41:49.023402141,2.615793724012778,29.471117611705832,False,True,True,False,False,
847436,103,API Integrations,Webhook Failures,P3,2025-06-17 08:22:07.000000000,True,201,False,2025-06-17 11:43:25.809410640,2025-06-19 15:35:47.680147018,3.355224836288889,55.227966707505,False,True,False,False,False,0.65
847437,168,Notifications,SMS Gateway Drag,P3,2026-03-28 23:06:24.000000000,True,220,False,2026-03-29 02:04:34.726487382,2026-03-29 20:26:12.982587114,2.969646246495,21.330272940865,False,False,False,False,False,
847438,153,Fulfilment & Logistics,Carrier Sync Failure,P3,2025-04-23 19:04:31.000000000,True,210,False,2025-04-23 21:30:10.954006613,2025-04-24 12:57:24.200307809,2.4277650018369443,17.881444529946943,False,False,False,False,False,
847439,168,Payments & Checkout,Payout Delays,P3,2026-01-23 08:41:58.000000000,True,207,False,2026-01-23 10:41:58.008790267,2026-01-24 15:27:16.498795454,2.000002441740833,30.755138554292778,False,True,True,False,False,
847440,201,API Integrations,Authentication Error,P4,2025-09-12 06:35:39.000000000,True,206,True,2025-09-12 13:17:56.716957588,2025-09-16 05:47:05.537193578,6.704921377107778,95.1907047759939,False,True,True,False,False,
847441,163,Account Access,SSO Failure,P3,2025-07-25 17:19:50.000000000,True,212,False,2025-07-25 18:38:11.267730242,2025-07-26 06:03:21.800602431,1.305907702845,12.725500167341943,False,False,False,False,False,
847442,171,Account Access,Password Reset,P3,2026-06-22 01:44:55.000000000,True,212,False,2026-06-22 03:06:54.748089554,2026-06-22 15:02:12.740488505,1.366596691542778,13.288261246806943,False,False,False,False,False,
847443,193,API Integrations,Endpoint Timeout,P2,2025-09-19 01:44:50.000000000,True,219,True,2025-09-19 02:39:00.702124632,2025-09-19 23:05:59.146479762,0.9029728123977778,21.35254068882277,False,True,True,False,False,
847444,198,Notifications,Webhook Retries,P3,2025-01-05 11:56:25.000000000,True,218,False,2025-01-05 14:50:50.832324401,2025-01-06 04:04:35.796287052,2.907175645666945,16.136332301958888,False,False,False,False,False,
847445,103,Payments & Checkout,3DS Authentication,P1,2025-07-27 01:29:28.000000000,True,215,False,2025-07-27 02:09:28.912986846,2025-07-27 10:11:28.110232885,0.6669202741238889,8.700030620245833,True,True,True,False,False,
847446,109,Notifications,Email Delivery Failure,P3,2026-03-14 17:58:07.000000000,True,218,False,2026-03-14 20:25:28.852718538,2026-03-15 15:37:23.963409440,2.456070199593889,21.65471205817777,False,False,False,False,False,1.0
847447,206,Account Access,SSO Failure,P4,2025-04-12 10:15:23.000000000,True,219,False,2025-04-12 15:53:40.261105694,2025-04-14 01:28:53.386656797,5.638128084915,39.22510740466584,False,False,False,False,False,
847448,132,Account Access,Password Reset,P3,2025-12-06 14:00:33.000000000,True,212,False,2025-12-06 15:46:25.150990680,2025-12-07 02:09:54.742792005,1.7644863863,12.156039664445837,False,False,False,False,False,
847449,189,Account Access,Password Reset,P3,2025-10-13 13:30:21.000000000,True,213,False,2025-10-13 15:36:08.623000851,2025-10-14 03:11:33.345448020,2.096561944680833,13.68676262445,False,False,False,False,False,
847450,205,Payments & Checkout,Refund Processing,P3,2025-08-04 02:33:45.000000000,True,217,False,2025-08-04 06:44:36.750633230,2025-08-05 19:54:14.616369590,4.181041842563888,41.34156010266389,True,True,True,False,False,
847451,198,Account Access,User Permissions,P2,2025-05-07 14:13:43.000000000,True,202,False,2025-05-07 15:05:52.837263366,2025-05-07 19:59:19.007029896,0.8693992398238889,5.7600019527488895,False,False,False,False,False,
847452,105,API Integrations,Rate Limiting,P4,2026-04-29 21:50:15.000000000,True,205,False,2026-04-30 02:13:11.573452012,2026-05-02 06:45:52.129628964,4.382381514447778,56.92698045249,False,True,True,False,False,
847453,179,Account Access,User Permissions,P3,2025-05-13 16:29:46.000000000,True,203,False,2025-05-13 18:40:00.416903549,2025-05-14 11:02:04.161155924,2.1706713620969444,18.538378098867778,False,False,False,False,False,
847454,170,Account Access,2FA Reset,P1,2025-03-10 05:37:20.000000000,True,219,False,2025-03-10 05:52:19.634602185,2025-03-10 07:34:18.270227068,0.2498985006069444,1.949519507518889,False,False,False,False,False,
847455,169,Notifications,Template Syntax Error,P2,2025-07-12 15:07:06.000000000,True,207,True,2025-07-12 17:19:08.469942021,2025-07-13 08:33:43.444945660,2.200686095005833,17.443734707127778,True,True,False,False,False,
847456,196,Notifications,Email Delivery Failure,P2,2026-01-30 00:32:43.000000000,True,216,True,2026-01-30 02:01:52.817969135,2026-01-30 07:32:29.220502454,1.4860605469819443,6.9961723617927785,True,False,False,False,False,
847457,140,Notifications,Webhook Retries,P4,2025-07-22 18:49:26.000000000,True,209,True,2025-07-23 05:05:07.846764492,2025-07-24 13:05:45.318875239,10.261624101247778,42.27203302089972,False,False,False,False,False,
847458,133,Fulfilment & Logistics,Tracking Updates,P3,2025-03-12 18:09:47.000000000,True,208,False,2025-03-12 20:48:41.050127820,2025-03-14 02:32:45.365176592,2.648347257727778,32.38287921572,False,True,False,False,False,
847459,159,Account Access,SSO Failure,P3,2025-12-07 14:34:07.000000000,True,212,False,2025-12-07 16:03:02.146921654,2025-12-08 01:03:16.579708114,1.481985256015,10.485994363364998,False,False,False,False,False,
847460,145,Account Access,SSO Failure,P3,2026-03-19 20:11:21.000000000,True,215,True,2026-03-20 00:57:59.899363306,2026-03-20 20:34:51.417848113,4.777472045362778,24.391782735586943,True,True,False,False,False,
847461,127,Payments & Checkout,Card Declines,P3,2026-04-06 03:25:49.000000000,True,215,False,2026-04-06 06:34:07.852600148,2026-04-08 07:40:58.144229834,3.138570166707778,52.25254006384278,False,True,False,False,False,
847462,158,API Integrations,Authentication Error,P4,2026-02-13 03:23:23.000000000,True,214,False,2026-02-13 07:25:16.920072131,2026-02-16 06:53:33.402078867,4.031644464480833,75.50288946635195,False,True,False,False,False,
847463,110,Payments & Checkout,Payout Delays,P4,2025-09-14 18:25:44.000000000,True,217,False,2025-09-15 01:20:32.522965212,2025-09-18 07:47:59.813188176,6.913478601447777,85.37105921893779,False,True,False,False,False,
847464,182,Account Access,2FA Reset,P3,2025-08-14 04:31:25.000000000,True,218,True,2025-08-14 07:49:58.373940155,2025-08-15 17:54:50.710129585,3.309270538931944,37.39047503599584,False,True,False,False,False,
847465,112,API Integrations,Rate Limiting,P4,2026-01-08 05:21:31.000000000,True,205,False,2026-01-08 09:20:05.469451465,2026-01-11 09:56:47.590392995,3.9762415142958334,76.58794177583194,False,True,False,False,False,
847466,204,Fulfilment & Logistics,Tracking Updates,P2,2025-12-06 16:51:27.000000000,True,209,False,2025-12-06 19:06:28.540693497,2025-12-07 14:41:22.070931075,2.250427970415833,21.831964147520832,True,True,False,False,False,
847467,135,Fulfilment & Logistics,Tracking Updates,P1,2025-11-05 04:19:55.000000000,True,208,False,2025-11-05 04:49:27.254224576,2025-11-05 09:48:26.660051958,0.49229284016,5.475461125543888,True,True,True,False,False,
847468,196,Account Access,Password Reset,P1,2026-06-01 06:51:19.000000000,True,219,False,2026-06-01 07:11:33.589510453,2026-06-01 08:10:26.297726760,0.3373859751258333,1.3186938129888888,True,False,False,False,False,
847469,194,Fulfilment & Logistics,Inventory Mismatch,P3,2026-01-15 21:46:53.000000000,True,206,False,2026-01-16 00:33:22.291773926,2026-01-16 19:49:03.810879929,2.774803270535,22.03633635553584,False,False,False,False,False,
847470,196,Notifications,Email Delivery Failure,P4,2025-04-05 09:06:26.000000000,True,218,False,2025-04-05 14:38:03.841869455,2025-04-06 07:07:45.288097738,5.527178297070833,22.022024471593888,False,False,False,False,False,
847471,117,API Integrations,Rate Limiting,P4,2026-05-20 10:41:02.000000000,True,211,False,2026-05-20 13:13:13.101392693,2026-05-21 10:42:10.377590928,2.5364170535258337,24.018993775257776,False,False,False,False,False,
847472,165,API Integrations,Rate Limiting,P3,2025-08-29 19:07:32.000000000,True,214,False,2025-08-29 21:33:58.136929302,2025-08-31 11:20:33.503474538,2.4405935914727777,40.21708429848278,False,True,False,False,False,
847473,164,Fulfilment & Logistics,Tracking Updates,P1,2025-10-15 23:53:48.000000000,True,209,False,2025-10-16 00:37:58.777001308,2025-10-16 04:33:16.250276979,0.7363269448077777,4.657847299160833,True,True,False,False,False,
847474,152,Notifications,Template Syntax Error,P3,2025-09-11 20:06:57.000000000,True,213,True,2025-09-11 23:09:36.975221086,2025-09-12 16:30:34.655327256,3.044437561412778,20.39379314646,False,False,False,False,False,
847475,133,Notifications,Template Syntax Error,P1,2025-11-21 01:04:09.000000000,True,214,True,2025-11-21 01:32:30.263832609,2025-11-21 03:32:25.515117559,0.4725732868358333,2.4712541993219443,True,True,False,False,False,
847476,198,Account Access,User Permissions,P3,2026-02-23 16:49:28.000000000,True,203,False,2026-02-23 19:25:41.370609311,2026-02-24 13:51:06.866944882,2.603714058141944,21.027463040245,False,False,False,False,False,
847477,113,Fulfilment & Logistics,Label Generation,P4,2026-02-25 17:37:37.000000000,True,216,False,2026-02-25 22:15:44.889861774,2026-02-27 14:27:57.347195646,4.635524961603889,44.83898533212389,False,False,False,False,False,
847478,175,Payments & Checkout,Payout Delays,P3,2025-11-05 07:41:15.000000000,True,215,False,2025-11-05 11:16:56.750097306,2025-11-06 22:30:35.262790376,3.594930582585,38.82229521954889,False,True,False,False,False,
847479,184,API Integrations,Endpoint Timeout,P2,2026-03-06 17:11:40.000000000,True,211,False,2026-03-06 17:43:54.236175241,2026-03-07 01:44:12.283682857,0.5372878264558333,8.542301023015833,False,True,False,False,False,
847480,208,Account Access,User Permissions,P4,2026-05-19 15:40:44.000000000,True,203,False,2026-05-19 21:08:35.153514628,2026-05-20 16:34:57.696188652,5.464209309618889,24.903804496847776,False,False,False,False,False,
847481,119,API Integrations,Webhook Failures,P4,2025-12-14 10:48:36.000000000,True,214,False,2025-12-14 16:45:10.553976219,2025-12-16 21:58:01.103223684,5.942931660060833,59.15697311769,False,True,True,False,False,
847482,158,Payments & Checkout,Card Declines,P4,2025-06-04 07:21:35.000000000,True,211,True,2025-06-04 11:55:29.242143052,2025-06-05 21:57:48.420231081,4.565067261958889,38.60372784196694,False,False,False,False,False,
847483,135,API Integrations,Rate Limiting,P2,2026-05-13 02:15:23.000000000,True,205,False,2026-05-13 03:27:56.952350812,2026-05-14 01:56:49.934760395,1.209431208558889,23.69081521122084,True,True,True,False,False,
847484,115,Payments & Checkout,Card Declines,P3,2025-01-14 10:36:00.000000000,True,207,False,2025-01-14 12:25:03.639331268,2025-01-15 20:42:34.917522206,1.817677592018889,34.10969931172389,False,True,True,False,False,
847485,146,API Integrations,Endpoint Timeout,P3,2025-05-30 22:03:38.000000000,True,214,False,2025-05-31 00:10:51.550899040,2025-06-01 15:50:52.844630397,2.120430805288889,41.78745684177695,False,True,False,False,False,0.65
847486,127,Payments & Checkout,Card Declines,P2,2025-09-22 07:22:53.000000000,True,215,False,2025-09-22 09:22:31.533453130,2025-09-23 13:32:20.762481638,1.994037070313889,30.157711800455,True,True,False,False,False,
847487,144,Fulfilment & Logistics,Tracking Updates,P1,2025-11-08 10:26:06.000000000,True,210,False,2025-11-08 11:05:09.760841246,2025-11-08 15:13:39.284296075,0.6510446781238889,4.792578971131944,True,True,True,False,False,
847488,120,Notifications,Template Syntax Error,P4,2025-12-29 15:47:13.000000000,True,218,False,2025-12-30 00:08:43.211030929,2025-12-30 20:59:24.800332763,8.358391953035833,29.203277870211945,False,False,False,False,False,
847489,208,Payments & Checkout,3DS Authentication,P2,2025-01-11 05:39:27.000000000,True,204,False,2025-01-11 07:57:52.877195470,2025-01-12 01:11:38.333641941,2.307188109852778,19.53648156720584,True,True,True,False,False,
847490,160,API Integrations,Endpoint Timeout,P3,2025-12-05 12:57:18.000000000,True,214,False,2025-12-05 14:54:23.443875918,2025-12-06 16:09:48.972138303,1.951512187755,27.20860337175084,False,True,True,False,False,
847491,181,Notifications,Email Delivery Failure,P3,2025-04-16 03:36:43.000000000,True,220,False,2025-04-16 06:06:14.947573656,2025-04-17 00:59:06.951456842,2.492207659348889,21.373319849122776,False,False,False,False,False,
847492,210,Notifications,SMS Gateway Drag,P3,2025-09-03 13:53:20.000000000,True,218,False,2025-09-03 16:42:16.356942093,2025-09-04 03:04:14.545383858,2.8156547061369444,13.181818162182775,False,False,False,False,False,0.97
847493,108,Account Access,2FA Reset,P4,2025-03-20 23:28:39.000000000,True,213,False,2025-03-21 04:48:49.420117911,2025-03-22 09:00:10.186946701,5.336227810530833,33.525329707416944,False,False,True,False,False,
847494,117,Account Access,Password Reset,P3,2025-09-22 07:39:19.000000000,True,212,False,2025-09-22 09:20:44.993628340,2025-09-22 19:50:57.189247471,1.69055378565,12.193941457630832,False,False,False,False,False,
847495,180,API Integrations,Webhook Failures,P3,2025-05-18 08:05:33.000000000,True,211,False,2025-05-18 09:12:07.895297311,2025-05-18 21:34:47.293797795,1.1096931381419444,13.487303832720832,False,False,True,False,False,
847496,132,API Integrations,Endpoint Timeout,P3,2026-05-23 00:53:58.000000000,True,201,False,2026-05-23 03:38:35.576115044,2026-05-24 14:00:17.966492314,2.743771143067778,37.105546247865,False,True,True,False,False,
847497,133,Fulfilment & Logistics,Tracking Updates,P2,2025-05-30 17:50:23.000000000,True,213,True,2025-05-30 18:40:02.692275068,2025-05-31 02:37:45.080923923,0.82769229863,8.789466923311945,False,True,False,False,False,
847498,126,Payments & Checkout,Card Declines,P2,2025-01-24 13:02:42.000000000,True,215,False,2025-01-24 14:40:11.437040182,2025-01-25 13:47:36.537628488,1.6248436222727778,24.74848267458,True,True,False,False,False,0.54
847499,115,Fulfilment & Logistics,Carrier Sync Failure,P3,2025-04-09 16:17:48.000000000,True,206,False,2025-04-09 18:39:15.035406338,2025-04-10 16:26:44.087039997,2.357509835093889,24.14891306666584,False,True,False,False,False,
847500,204,Fulfilment & Logistics,Carrier Sync Failure,P2,2026-06-23 18:10:55.000000000,True,208,False,2026-06-23 19:45:45.093308945,2026-06-24 15:06:31.876575326,1.5805814747069444,20.926910159812778,True,True,False,False,False,0.67
847501,109,Account Access,2FA Reset,P3,2025-01-18 17:01:56.000000000,True,212,False,2025-01-18 18:31:05.887507167,2025-01-19 05:11:09.545699937,1.4860798631019445,12.153762694426945,False,False,False,False,False,
847502,176,Payments & Checkout,Payout Delays,P3,2025-04-09 11:25:27.000000000,True,210,True,2025-04-09 15:35:52.797140666,2025-04-12 11:09:03.516132282,4.173832539073889,71.72681003674501,True,True,True,False,False,0.18
847503,107,Fulfilment & Logistics,Tracking Updates,P4,2025-05-25 07:31:57.000000000,True,210,False,2025-05-25 15:07:26.536635476,2025-05-27 14:12:24.054606756,7.5915379542988894,54.67418183521,False,True,False,False,False,0.65
847504,158,Account Access,SSO Failure,P3,2025-07-06 05:07:16.000000000,True,219,False,2025-07-06 06:50:38.558180800,2025-07-07 01:35:25.584155992,1.722932828,20.46932893222,False,False,False,False,False,
847505,160,Fulfilment & Logistics,Inventory Mismatch,P3,2026-06-21 18:15:03.000000000,True,209,False,2026-06-21 21:55:32.545964043,2026-06-22 16:31:12.690019640,3.674873878900833,22.269358338788887,False,False,False,False,False,
847506,113,Fulfilment & Logistics,Carrier Sync Failure,P2,2026-04-27 15:47:22.000000000,True,210,False,2026-04-27 17:39:57.053822484,2026-04-28 11:46:50.202003898,1.876403839578889,19.991167223305,True,True,False,False,False,
847507,155,Payments & Checkout,Card Declines,P3,2025-02-15 08:42:57.000000000,True,207,False,2025-02-15 11:16:44.504217333,2025-02-16 12:46:20.438240067,2.5631956159258333,28.056510622240832,False,True,True,False,False,
847508,153,API Integrations,Webhook Failures,P2,2026-02-25 23:27:49.000000000,True,209,True,2026-02-26 02:35:55.311675374,2026-02-27 18:21:42.019313033,3.1350865764927778,42.89806092028695,True,True,True,False,False,
847509,183,Account Access,SSO Failure,P3,2025-01-24 10:59:28.000000000,True,213,False,2025-01-24 12:49:41.574284468,2025-01-24 22:32:50.426081988,1.8371039679077776,11.55622946721889,False,False,False,False,False,
847510,103,Notifications,Template Syntax Error,P3,2026-03-20 12:19:05.000000000,True,220,False,2026-03-20 15:25:15.689791824,2026-03-21 07:04:53.358129748,3.1029693866177777,18.763432813818888,False,False,False,False,False,1.0
847511,193,API Integrations,Rate Limiting,P3,2025-04-02 00:45:47.000000000,True,201,False,2025-04-02 04:09:11.796316299,2025-04-03 12:30:40.067296515,3.3902211989719446,35.748074249031944,False,True,True,False,False,
847512,185,Payments & Checkout,Payout Delays,P3,2026-03-20 07:08:12.000000000,True,215,False,2026-03-20 10:33:02.300300916,2026-03-21 14:33:11.208252195,3.41397230581,31.41644673672084,False,True,False,False,False,
847513,104,Fulfilment & Logistics,Label Generation,P4,2025-07-08 03:36:03.000000000,True,217,True,2025-07-08 19:02:56.433361831,2025-07-13 04:13:44.319691348,15.448175933841943,120.6281443587078,True,True,False,False,False,
847514,124,API Integrations,Endpoint Timeout,P4,2025-08-30 20:10:34.000000000,True,204,True,2025-08-31 09:21:47.641168822,2025-09-07 15:19:04.518397355,13.187122546895,187.141810665932,True,True,False,False,False,
847515,136,Fulfilment & Logistics,Label Generation,P3,2026-05-10 18:58:47.000000000,True,209,False,2026-05-10 21:39:55.142760712,2026-05-12 02:57:53.266694904,2.685595211308889,31.985074081917777,False,True,False,False,False,
847516,134,Fulfilment & Logistics,Label Generation,P3,2025-07-18 12:38:37.000000000,True,209,False,2025-07-18 15:09:40.397887534,2025-07-19 21:27:58.712665540,2.517610524315,32.822697962650004,False,True,False,False,False,
847517,158,API Integrations,Rate Limiting,P3,2026-01-22 16:01:53.000000000,True,211,False,2026-01-22 17:09:41.742628368,2026-01-23 14:41:32.638387152,1.130206285657778,22.661010663097777,False,False,True,False,False,
847518,121,Notifications,Template Syntax Error,P3,2025-11-24 02:38:30.000000000,True,211,True,2025-11-24 04:09:56.967497692,2025-11-24 12:31:06.314959062,1.5241576382477775,9.876754155295,False,False,False,False,False,
847519,194,Payments & Checkout,Payout Delays,P4,2025-05-20 07:40:30.000000000,True,207,False,2025-05-20 12:45:20.215722830,2025-05-22 09:39:22.632616551,5.080615478563889,49.98128683793084,False,True,True,False,False,
847520,137,Fulfilment & Logistics,Tracking Updates,P3,2026-03-30 11:03:17.000000000,True,210,False,2026-03-30 14:32:10.144052888,2026-03-31 19:37:54.911006461,3.48142890358,32.57719750179472,False,True,False,False,False,
847521,160,Notifications,SMS Gateway Drag,P3,2025-07-02 02:44:04.000000000,True,220,False,2025-07-02 05:40:56.912172540,2025-07-02 23:47:49.015039806,2.948031159038889,21.06250417772389,False,False,False,False,False,
847522,189,Notifications,Webhook Retries,P3,2025-03-07 02:54:29.000000000,True,218,False,2025-03-07 05:30:28.757234727,2025-03-07 18:22:33.825741209,2.5999325652019443,15.468007150335836,False,False,False,False,False,
847523,189,API Integrations,Rate Limiting,P2,2025-01-24 16:40:25.000000000,True,211,False,2025-01-24 17:18:33.778409537,2025-01-25 02:05:44.636534005,0.6357717804269444,9.422121259445834,False,True,False,False,False,
847524,105,Payments & Checkout,Refund Processing,P3,2025-01-26 04:36:51.000000000,True,207,False,2025-01-26 07:22:31.488591812,2025-01-27 09:31:00.020055394,2.7612468310588887,28.90250557094277,False,True,False,False,False,
847525,145,Payments & Checkout,Refund Processing,P3,2025-10-28 23:45:38.000000000,True,204,False,2025-10-29 02:48:53.758687502,2025-10-31 06:25:50.320955472,3.054377413195,54.67008915429778,False,True,True,False,False,
847526,174,Account Access,Password Reset,P2,2025-05-19 10:00:46.000000000,True,203,False,2025-05-19 10:47:36.995498857,2025-05-19 14:50:34.953458772,0.7808320830158333,4.830264849658889,False,False,False,False,False,
847527,101,Notifications,SMS Gateway Drag,P3,2025-09-14 02:11:51.000000000,True,220,False,2025-09-14 05:52:14.175344589,2025-09-15 01:55:40.850087145,3.6731042623858334,23.73051391309583,False,False,False,False,False,
847528,157,Notifications,Template Syntax Error,P3,2025-07-02 13:15:43.000000000,True,220,False,2025-07-02 16:17:43.117201753,2025-07-03 12:20:57.610500282,3.0333658893758337,23.08739180563389,False,False,False,False,False,
847529,147,API Integrations,Endpoint Timeout,P1,2025-04-12 18:19:15.000000000,True,211,False,2025-04-12 18:27:53.939732746,2025-04-12 20:55:38.114362705,0.1441499257627777,2.6064206563069447,False,True,False,False,False,
847530,144,Notifications,Template Syntax Error,P3,2025-01-22 21:36:47.000000000,True,220,False,2025-01-23 00:00:48.349949218,2025-01-23 16:42:23.958430205,2.400374985893889,19.09359956394584,False,False,False,False,False,
847531,161,API Integrations,Authentication Error,P4,2025-05-17 00:33:46.000000000,True,201,False,2025-05-17 07:19:16.383673753,2025-05-20 09:09:14.220704767,6.758439909375833,80.59117241799083,False,True,True,False,False,
847532,129,API Integrations,Rate Limiting,P4,2025-08-29 16:40:56.000000000,True,214,False,2025-08-29 21:07:34.963680242,2025-08-31 11:42:07.965362614,4.444156577845,43.01999037850389,False,False,False,False,False,
847533,159,Payments & Checkout,Payout Delays,P2,2026-02-10 09:56:51.000000000,True,215,False,2026-02-10 12:11:43.143555818,2026-02-11 05:37:22.118205381,2.247817654393889,19.67531061260584,True,True,True,False,False,
847534,112,Notifications,Email Delivery Failure,P3,2026-05-30 03:38:52.000000000,True,220,False,2026-05-30 07:12:12.343548487,2026-05-31 00:50:57.397967789,3.5556509856908334,21.201499435496945,False,False,False,False,False,
847535,198,Fulfilment & Logistics,Tracking Updates,P4,2025-09-04 13:37:45.000000000,True,209,False,2025-09-04 22:12:02.147663587,2025-09-06 19:28:24.270652483,8.571429906551945,53.844241847911945,False,True,False,False,False,
847536,195,Payments & Checkout,3DS Authentication,P4,2025-04-10 18:51:17.000000000,True,204,False,2025-04-11 04:25:45.180749982,2025-04-13 11:59:54.195982487,9.574494652772778,65.14366555069083,False,True,True,False,False,
847537,184,Account Access,Password Reset,P3,2025-02-20 11:04:04.000000000,True,213,False,2025-02-20 13:29:02.328357234,2025-02-20 23:26:31.946394839,2.416202321453889,12.374429554121944,False,False,False,False,False,0.97
847538,108,Notifications,Template Syntax Error,P3,2025-03-20 10:05:41.000000000,True,218,False,2025-03-20 12:41:46.550368446,2025-03-21 07:23:52.169382489,2.6015417690127776,21.30310260624694,False,False,False,False,False,1.0
847539,129,Fulfilment & Logistics,Label Generation,P2,2025-02-07 03:29:10.000000000,True,210,False,2025-02-07 05:01:06.767481569,2025-02-07 19:25:49.367391193,1.5324354115469443,15.944268719775836,True,True,False,False,False,
847540,165,Notifications,Webhook Retries,P2,2025-09-13 19:29:36.000000000,True,220,False,2025-09-13 20:32:53.178514848,2025-09-14 03:10:43.309650436,1.05477180968,7.685363791787778,True,False,False,False,False,
847541,117,Fulfilment & Logistics,Inventory Mismatch,P3,2026-05-02 18:47:44.000000000,True,209,False,2026-05-02 21:47:15.701351102,2026-05-03 18:39:50.864524317,2.992139264195,23.868573478976945,False,False,False,False,False,
847542,176,Fulfilment & Logistics,Tracking Updates,P4,2025-05-25 21:06:55.000000000,True,216,False,2025-05-26 02:02:54.957910555,2025-05-27 10:07:53.482318546,4.933321641820833,37.016245088485,False,False,False,False,False,
847543,101,Account Access,SSO Failure,P4,2025-08-20 13:48:15.000000000,True,202,False,2025-08-20 22:52:14.640399475,2025-08-22 00:38:57.757758549,9.066566777631945,34.84521048848583,False,False,False,False,False,
847544,148,Account Access,User Permissions,P3,2025-06-12 00:45:39.000000000,True,202,False,2025-06-12 05:00:30.753647612,2025-06-13 02:44:37.705533868,4.247709346558889,25.982973759407777,True,True,False,False,False,
847545,166,Notifications,Email Delivery Failure,P2,2025-03-22 07:16:42.000000000,True,218,False,2025-03-22 08:55:16.917574380,2025-03-22 19:12:48.977715950,1.64303265955,11.93527158776389,True,True,False,False,False,
847546,133,Fulfilment & Logistics,Tracking Updates,P1,2026-02-24 18:26:15.000000000,True,209,False,2026-02-24 19:09:30.432093447,2026-02-24 22:12:04.115192036,0.7209533592908334,3.763643108898889,True,True,True,False,False,
847547,177,Payments & Checkout,Card Declines,P4,2025-02-27 10:41:11.000000000,True,212,True,2025-02-27 15:50:12.628289385,2025-03-02 04:29:54.777577941,5.150452302606944,65.81216043831694,False,True,False,False,False,
847548,202,Payments & Checkout,Payout Delays,P4,2025-07-09 21:22:10.000000000,True,207,False,2025-07-10 03:35:40.740093803,2025-07-12 16:50:15.245379868,6.225205581611944,67.46812371663,False,True,False,False,False,
847549,205,Account Access,Password Reset,P4,2025-05-25 17:16:59.000000000,True,219,False,2025-05-25 21:15:23.666757298,2025-05-27 04:26:18.370260465,3.973518543693889,35.15538062790694,False,False,False,False,False,
847550,154,Account Access,2FA Reset,P4,2026-06-24 13:32:06.000000000,True,213,False,2026-06-24 19:17:45.899932729,2026-06-26 00:19:03.675383479,5.761083314646944,34.78268760652195,False,False,False,False,False,0.95
847551,171,Payments & Checkout,Card Declines,P3,2025-12-20 06:33:46.000000000,True,207,False,2025-12-20 08:24:11.047423146,2025-12-21 09:25:08.608535550,1.840290950873889,26.856280148763886,False,True,True,False,False,
847552,149,Notifications,Webhook Retries,P3,2025-05-17 23:32:47.000000000,True,214,True,2025-05-18 02:51:02.648937621,2025-05-18 17:36:33.973292886,3.3043469271169443,18.06304813691278,False,False,False,False,False,1.0
847553,111,Payments & Checkout,Payout Delays,P2,2026-06-17 16:44:08.000000000,True,217,False,2026-06-17 17:33:37.191270152,2026-06-18 12:44:59.354911761,0.82477535282,20.01426525326694,False,True,False,False,False,0.68
847554,166,Account Access,SSO Failure,P3,2026-05-19 20:04:24.000000000,True,203,False,2026-05-19 22:04:12.778434067,2026-05-20 16:32:45.445561653,1.9968828983519444,20.472623767125835,False,False,False,False,False,
847555,166,Payments & Checkout,Payout Delays,P3,2025-06-22 20:06:06.000000000,True,217,False,2025-06-22 23:36:14.380850180,2025-06-25 07:16:06.119102829,3.5023280139388886,59.16669975078583,False,True,False,False,False,
847556,105,API Integrations,Webhook Failures,P4,2025-09-17 06:36:58.000000000,True,205,False,2025-09-17 11:35:50.207673048,2025-09-19 21:47:04.831804349,4.981168798068889,63.16856439009695,False,True,True,False,False,
847557,200,Fulfilment & Logistics,Tracking Updates,P3,2025-04-28 22:41:46.000000000,True,215,True,2025-04-29 02:34:23.507414684,2025-04-30 21:27:53.568312750,3.8770853929677775,46.76876897576389,False,True,False,False,False,
847558,143,Account Access,SSO Failure,P3,2025-05-01 05:45:29.000000000,True,202,False,2025-05-01 09:02:00.436424148,2025-05-02 09:24:52.463829454,3.2753990067077776,27.65651773040389,False,True,False,False,False,
847559,180,Notifications,Email Delivery Failure,P2,2026-01-12 22:51:33.000000000,True,212,True,2026-01-13 00:11:45.591112761,2026-01-13 04:25:50.693399369,1.3368308646558331,5.571581499824722,True,False,False,False,False,
847560,151,Notifications,Template Syntax Error,P4,2025-09-15 11:34:33.000000000,True,220,False,2025-09-15 19:44:18.063943232,2025-09-17 07:39:53.263667431,8.16251776200889,44.08896212984194,False,False,False,False,False,
847561,134,API Integrations,Webhook Failures,P3,2025-12-18 20:54:41.000000000,True,211,False,2025-12-18 21:46:44.618368302,2025-12-19 16:12:49.407844769,0.8676717689727778,19.302335512435832,False,False,True,False,False,
847562,210,Notifications,Template Syntax Error,P3,2025-07-01 02:17:22.000000000,True,220,False,2025-07-01 05:48:26.942536877,2025-07-01 16:46:46.069457366,3.518039593576945,14.490019293712775,False,False,False,False,False,
847563,108,Account Access,2FA Reset,P4,2026-01-30 06:30:57.000000000,True,203,False,2026-01-30 10:45:39.078562490,2026-01-31 05:48:25.522932079,4.2450218229138885,23.291256370021944,False,False,False,False,False,
847564,149,Fulfilment & Logistics,Tracking Updates,P3,2026-04-08 07:42:56.000000000,True,216,False,2026-04-08 09:50:24.961453251,2026-04-09 05:44:50.279929773,2.1247115147919446,22.031744424936942,False,False,False,False,False,1.0
847565,175,Notifications,Template Syntax Error,P4,2025-12-08 19:34:52.000000000,True,218,False,2025-12-09 01:38:08.215281557,2025-12-09 19:10:50.081407212,6.054504244876945,23.59946705755889,False,False,False,False,False,
847566,163,API Integrations,Rate Limiting,P4,2025-10-23 08:20:21.000000000,True,214,False,2025-10-23 13:20:24.814673767,2025-10-25 06:26:37.378637353,5.001059631601945,46.10454962148694,False,False,False,False,False,
847567,184,Payments & Checkout,3DS Authentication,P2,2026-05-04 06:05:22.000000000,True,207,False,2026-05-04 07:21:00.104762143,2026-05-05 01:34:42.109198267,1.2605846561508334,19.48891922174084,True,True,False,False,False,
847568,144,API Integrations,Rate Limiting,P4,2025-06-17 14:32:31.000000000,True,208,True,2025-06-18 04:27:56.953972204,2025-06-22 07:30:09.287913047,13.92387610339,112.96063553140196,True,True,True,False,False,
847569,122,Notifications,SMS Gateway Drag,P2,2025-05-10 10:50:51.000000000,True,220,False,2025-05-10 11:42:22.181524588,2025-05-10 18:33:25.149193351,0.8586615346077777,7.709485887041945,False,False,False,False,False,
847570,115,Notifications,SMS Gateway Drag,P3,2026-03-21 09:46:47.000000000,True,217,True,2026-03-21 14:23:37.801012514,2026-03-22 15:28:47.741612157,4.614111392365,29.700206003376945,True,True,False,False,False,
847571,124,Fulfilment & Logistics,Tracking Updates,P3,2026-04-14 04:23:34.000000000,True,208,False,2026-04-14 07:12:12.353289515,2026-04-15 08:47:32.195336250,2.8106536915319444,28.39949870451389,False,True,False,False,False,
847572,150,Payments & Checkout,3DS Authentication,P3,2025-09-16 18:32:34.000000000,True,207,False,2025-09-16 21:21:38.417455471,2025-09-18 10:01:49.683412318,2.817893737630833,39.487689836755,False,True,True,False,False,
847573,119,Account Access,SSO Failure,P3,2025-03-31 17:57:36.000000000,True,213,False,2025-03-31 20:07:54.939134442,2025-04-01 08:56:29.698913922,2.171927537345,14.981583031645,False,False,False,False,False,
847574,169,API Integrations,Rate Limiting,P3,2026-02-27 17:10:08.000000000,True,207,True,2026-02-27 21:06:54.102244805,2026-03-01 19:59:30.565364819,3.9461395124458334,50.82293482356083,False,True,True,False,False,
847575,121,Payments & Checkout,Payout Delays,P4,2025-07-26 21:33:19.000000000,True,207,False,2025-07-27 04:22:35.645698645,2025-07-29 23:10:00.820863850,6.821290471845833,73.611616906625,False,True,True,False,False,
847576,135,Payments & Checkout,3DS Authentication,P1,2025-03-09 22:26:21.000000000,True,207,False,2025-03-09 23:00:22.398768434,2025-03-10 03:21:50.777854980,0.5670552134538889,4.924938293049999,True,True,True,False,False,
847577,178,API Integrations,Authentication Error,P3,2025-12-10 04:44:55.000000000,True,218,True,2025-12-10 09:30:24.854643882,2025-12-12 16:13:49.570746820,4.758292956633889,59.48182520745,True,True,True,False,False,
847578,102,Notifications,Email Delivery Failure,P2,2025-02-28 03:16:39.000000000,True,218,False,2025-02-28 04:44:25.726664292,2025-02-28 15:50:30.878262906,1.46297962897,12.564410628585,True,True,False,False,False,0.46
847579,139,Account Access,User Permissions,P3,2025-09-18 08:04:56.000000000,True,213,False,2025-09-18 10:27:19.254815741,2025-09-19 01:43:13.087622637,2.3731263377058336,17.638079895176944,False,False,False,False,False,
847580,146,Payments & Checkout,Card Declines,P1,2025-06-19 17:32:42.000000000,True,217,False,2025-06-19 17:58:00.202212458,2025-06-19 23:52:43.741158657,0.4217228367938889,6.333816988515834,True,True,False,False,False,
847581,132,Account Access,SSO Failure,P3,2025-01-15 00:28:24.000000000,True,203,False,2025-01-15 02:58:48.846231906,2025-01-15 21:48:13.458579697,2.506901731085,21.330405161026945,False,False,False,False,False,
847582,197,Notifications,SMS Gateway Drag,P3,2025-08-21 21:21:39.000000000,True,219,True,2025-08-22 00:54:17.807718219,2025-08-22 19:42:06.284383680,3.5441132550608336,22.3409123288,False,False,False,False,False,
847583,170,API Integrations,Authentication Error,P3,2026-01-13 20:34:39.000000000,True,211,False,2026-01-13 21:48:06.347927602,2026-01-14 16:56:53.781977166,1.2242633132227778,20.370772771435,False,False,False,False,False,
847584,160,Payments & Checkout,Payout Delays,P2,2025-06-21 17:51:43.000000000,True,215,False,2025-06-21 19:42:28.022043968,2025-06-23 02:16:20.059480399,1.8458394566577776,32.410294300110834,True,True,True,False,False,
847585,108,Fulfilment & Logistics,Tracking Updates,P4,2026-03-13 13:22:27.000000000,True,207,True,2026-03-13 22:28:16.429829652,2026-03-15 06:20:30.596210821,9.09706384157,40.96766561411695,False,False,False,False,False,
847586,103,Fulfilment & Logistics,Inventory Mismatch,P3,2025-07-06 14:24:56.000000000,True,208,False,2025-07-06 18:14:09.458613260,2025-07-07 15:04:25.360288804,3.82040517035,24.65815563577889,False,True,False,False,False,0.62
847587,181,Fulfilment & Logistics,Inventory Mismatch,P3,2025-06-28 10:18:12.000000000,True,206,False,2025-06-28 12:12:46.099009059,2025-06-29 09:53:45.928127563,1.9094719469608328,23.592757813211943,False,False,False,False,False,
847588,108,Account Access,Password Reset,P3,2025-09-29 15:36:18.000000000,True,218,True,2025-09-29 19:29:17.920228682,2025-10-01 00:24:34.696444798,3.883311174633889,32.804637901332775,False,True,False,False,False,0.63
847589,193,API Integrations,Rate Limiting,P4,2025-06-21 09:41:31.000000000,True,201,False,2025-06-21 16:43:50.497741691,2025-06-24 06:57:32.026938197,7.038749372691945,69.26695192727695,False,True,False,False,False,
847590,130,Payments & Checkout,Payout Delays,P3,2025-05-27 11:23:40.000000000,True,220,True,2025-05-27 17:09:31.531088687,2025-05-29 16:34:25.287865336,5.764314191301945,53.17924662926,True,True,False,False,False,
847591,116,Payments & Checkout,Payout Delays,P4,2025-07-10 23:15:27.000000000,True,204,False,2025-07-11 05:36:38.942839411,2025-07-14 02:59:34.814887861,6.353317455391944,75.73550413551695,False,True,True,False,False,
847592,130,API Integrations,Endpoint Timeout,P4,2025-09-22 14:30:38.000000000,True,211,False,2025-09-22 16:31:53.770317216,2025-09-24 02:35:59.646063338,2.021047310337778,36.089346128705,False,False,False,False,False,
847593,105,Notifications,Webhook Retries,P3,2025-08-08 19:01:08.000000000,True,218,False,2025-08-08 21:15:52.197414530,2025-08-09 15:03:02.567294661,2.245610392925,20.031824248516944,False,False,False,False,False,
847594,130,API Integrations,Endpoint Timeout,P4,2026-04-08 09:30:39.000000000,True,211,False,2026-04-08 11:34:08.651483001,2026-04-10 05:59:39.331228561,2.0582365230558333,44.483425341266944,False,False,False,False,False,
847595,203,Notifications,Template Syntax Error,P3,2025-11-28 16:07:34.000000000,True,218,False,2025-11-28 19:31:38.410925599,2025-11-29 11:15:59.478523232,3.4012252571108337,19.14041070089777,False,False,False,False,False,1.0
847596,198,Payments & Checkout,Card Declines,P4,2025-02-09 16:17:40.000000000,True,204,False,2025-02-10 00:59:31.912171700,2025-02-14 00:42:22.087215977,8.697753381027779,104.41169089332696,False,True,True,False,False,
847597,209,Notifications,SMS Gateway Drag,P2,2026-03-05 20:54:45.000000000,True,220,False,2026-03-05 21:56:10.838219643,2026-03-06 02:50:05.954575401,1.0238439499008332,5.9224873820558335,True,False,False,False,False,
847598,173,Fulfilment & Logistics,Label Generation,P2,2025-08-22 15:51:19.000000000,True,208,False,2025-08-22 17:45:38.943097804,2025-08-23 08:37:26.303657749,1.90553974939,16.768695460485834,True,True,False,False,False,
847599,126,Payments & Checkout,Payout Delays,P4,2026-04-29 07:34:45.000000000,True,207,False,2026-04-29 14:01:54.754701760,2026-05-01 16:37:28.630415916,6.452709639377778,57.04545289331,False,True,False,False,False,
847600,143,API Integrations,Rate Limiting,P3,2025-09-08 20:12:04.000000000,True,201,False,2025-09-08 22:31:46.341341440,2025-09-10 19:43:49.047546126,2.3284281504,47.52917987392389,False,True,False,False,False,
847601,211,API Integrations,Webhook Failures,P3,2025-02-28 07:34:34.000000000,True,214,False,2025-02-28 09:28:24.366339782,2025-03-01 07:19:22.649942467,1.8973239832727773,23.74684720624084,False,False,True,False,False,
847602,135,Payments & Checkout,3DS Authentication,P3,2025-05-28 15:32:59.000000000,True,207,False,2025-05-28 17:54:31.732272980,2025-05-29 23:53:52.174555923,2.35909229805,32.34810404331195,False,True,True,False,False,
847603,180,Fulfilment & Logistics,Carrier Sync Failure,P3,2025-02-03 11:06:41.000000000,True,208,False,2025-02-03 13:40:14.120759236,2025-02-04 17:14:52.904679089,2.559200210898889,30.13664018863584,False,True,False,False,False,
847604,166,API Integrations,Rate Limiting,P2,2025-12-29 08:02:41.000000000,True,202,True,2025-12-29 09:35:02.293179209,2025-12-30 11:04:04.296129302,1.5392481053358331,27.023137813695,True,True,True,False,False,
847605,120,Account Access,Password Reset,P2,2025-07-29 16:16:12.000000000,True,202,False,2025-07-29 17:14:37.760879716,2025-07-30 03:23:07.707850818,0.9738224665877778,11.115474403005,False,True,False,False,False,
847606,154,Fulfilment & Logistics,Tracking Updates,P4,2026-01-11 01:17:11.000000000,True,208,False,2026-01-11 07:09:35.151747958,2026-01-13 11:29:57.606032144,5.873375485543889,58.21294612004,False,True,False,False,False,0.74
847607,154,Payments & Checkout,Refund Processing,P3,2026-01-16 14:50:54.000000000,True,215,False,2026-01-16 17:21:12.866946373,2026-01-17 22:46:44.536513189,2.505240818436945,31.930704586996946,False,True,False,False,False,0.68
847608,106,Notifications,Template Syntax Error,P3,2026-02-05 13:44:07.000000000,True,201,True,2026-02-05 18:26:17.640718320,2026-02-06 13:27:55.217983423,4.7029557550888885,23.730060550950835,True,False,False,False,False,
847609,121,Payments & Checkout,Card Declines,P3,2025-10-10 23:19:34.000000000,True,212,True,2025-10-11 01:11:04.667657698,2025-10-12 10:14:33.475000934,1.858518793805,34.91652083359278,False,True,False,False,False,
847610,145,Fulfilment & Logistics,Tracking Updates,P2,2026-05-13 14:40:02.000000000,True,216,False,2026-05-13 15:55:24.881862897,2026-05-13 23:29:11.055277706,1.2563560730269443,8.819182021585,True,True,False,False,False,
847611,192,API Integrations,Endpoint Timeout,P4,2026-06-14 01:35:26.000000000,True,211,False,2026-06-14 03:41:28.197879833,2026-06-15 02:26:32.959833149,2.1006105221758333,24.85193328698584,False,False,False,False,False,
847612,193,Notifications,Webhook Retries,P3,2025-04-12 00:02:24.000000000,True,220,False,2025-04-12 03:38:09.089137273,2025-04-12 19:10:38.195062554,3.5958580936869446,19.137276406265,False,False,False,False,False,
847613,102,API Integrations,Authentication Error,P3,2025-04-14 13:01:29.000000000,True,214,False,2025-04-14 15:24:16.756118896,2025-04-16 06:10:07.977218574,2.3799322552488893,41.144160338492775,False,True,False,False,False,
847614,183,API Integrations,Authentication Error,P2,2025-04-08 11:48:19.000000000,True,201,False,2025-04-08 13:49:38.591109922,2025-04-09 16:55:24.600067934,2.022108641645,29.11822224109278,True,True,False,False,False,
847615,111,Fulfilment & Logistics,Carrier Sync Failure,P2,2025-01-13 06:19:40.000000000,True,206,False,2025-01-13 07:59:22.644791170,2025-01-13 23:34:53.659914030,1.661845775325,17.25379442056389,True,True,False,False,False,
847616,173,Fulfilment & Logistics,Label Generation,P3,2025-01-25 20:42:53.000000000,True,206,False,2025-01-25 22:50:00.589709318,2025-01-26 21:37:48.835558100,2.118774919255,24.915509877250003,False,True,False,False,False,
847617,162,Account Access,2FA Reset,P2,2025-03-14 21:11:54.000000000,True,212,False,2025-03-14 21:56:18.470647479,2025-03-15 02:07:07.207795604,0.7401307354108333,4.920335498778889,False,False,False,False,False,
847618,104,Account Access,User Permissions,P3,2026-03-09 07:40:15.000000000,True,215,True,2026-03-09 12:03:20.777719324,2026-03-10 20:55:37.359229873,4.384938255367778,37.25621089718694,True,True,False,False,False,
847619,152,API Integrations,Authentication Error,P2,2025-10-19 12:41:09.000000000,True,214,False,2025-10-19 13:10:58.214504392,2025-10-19 22:47:33.985822208,0.4970040289977778,10.10694050616889,False,True,True,False,False,
847620,203,Notifications,Template Syntax Error,P3,2025-08-02 01:23:48.000000000,True,218,False,2025-08-02 03:35:48.745261866,2025-08-02 15:04:13.298436489,2.200207017185,13.673694010135833,False,False,False,False,False,
847621,199,Fulfilment & Logistics,Inventory Mismatch,P4,2025-12-22 01:29:31.000000000,True,208,False,2025-12-22 10:21:30.816580778,2025-12-24 14:33:16.288010105,8.866615716882777,61.06258000280695,False,True,False,False,False,
847622,201,Account Access,SSO Failure,P3,2025-09-08 03:43:01.000000000,True,212,False,2025-09-08 05:21:59.286631976,2025-09-08 17:10:05.247455449,1.6495240644377778,13.451179848735835,False,False,False,False,False,
847623,162,Notifications,SMS Gateway Drag,P4,2026-05-09 07:55:44.000000000,True,218,False,2026-05-09 15:07:05.815436444,2026-05-10 09:44:14.888422920,7.18939317679,25.80858011747777,False,False,False,False,False,
847624,121,Account Access,2FA Reset,P1,2026-05-04 19:36:45.000000000,True,202,False,2026-05-04 20:12:42.163711527,2026-05-04 23:25:32.831903834,0.5992121420908333,3.8132866399538887,True,True,False,False,False,
847625,105,Fulfilment & Logistics,Inventory Mismatch,P2,2025-07-22 19:55:17.000000000,True,216,False,2025-07-22 21:02:39.559981880,2025-07-23 07:35:20.662215604,1.1229333283,11.66768394877889,True,True,False,False,False,
847626,209,Payments & Checkout,Card Declines,P1,2025-12-07 08:16:48.000000000,True,217,False,2025-12-07 08:48:56.165577534,2025-12-07 15:06:52.526370582,0.535601549315,6.834590658495,True,True,False,False,False,0.62
847627,132,Notifications,Email Delivery Failure,P4,2025-11-18 17:06:51.000000000,True,218,False,2025-11-19 00:53:01.498622383,2025-11-19 21:55:23.877928616,7.769582950661944,28.809132757948888,False,False,False,False,False,
847628,111,API Integrations,Webhook Failures,P2,2025-02-24 21:50:50.000000000,True,217,True,2025-02-24 23:08:13.409096244,2025-02-26 09:45:28.120087203,1.2898358600677775,35.910588913111944,True,True,False,False,False,
847629,126,Notifications,Template Syntax Error,P3,2026-03-06 03:26:43.000000000,True,214,True,2026-03-06 06:14:45.094035054,2026-03-06 19:12:45.258701410,2.800581676403889,15.767294083725,False,False,False,False,False,
847630,182,API Integrations,Rate Limiting,P3,2025-05-30 05:45:30.000000000,True,214,False,2025-05-30 08:12:16.384984093,2025-05-31 04:01:15.445829461,2.4462180511369445,22.26262384151694,False,False,False,False,False,
847631,138,Account Access,2FA Reset,P3,2025-01-11 10:57:31.000000000,True,202,False,2025-01-11 15:13:54.566151218,2025-01-12 17:03:28.034944344,4.273212819782778,30.09917637342889,True,True,False,False,False,
847632,205,Fulfilment & Logistics,Label Generation,P4,2026-02-10 21:21:51.000000000,True,213,True,2026-02-11 06:02:59.049384776,2026-02-13 09:24:13.803202006,8.68556927354889,60.03966755611278,False,True,True,False,False,
847633,102,Payments & Checkout,Refund Processing,P3,2025-02-02 13:13:35.000000000,True,204,False,2025-02-02 16:25:48.763472361,2025-02-04 10:29:27.329633699,3.203823186766945,45.26453600936083,False,True,False,False,False,
847634,158,API Integrations,Endpoint Timeout,P3,2026-02-25 17:57:04.000000000,True,205,False,2026-02-25 20:28:33.156735315,2026-02-27 03:53:58.529715540,2.524765759809722,33.94848047653889,False,True,True,False,False,
847635,108,API Integrations,Endpoint Timeout,P3,2025-06-05 07:07:12.000000000,True,201,False,2025-06-05 09:18:22.266138351,2025-06-06 13:28:36.948692053,2.186185038430833,30.356930192236945,False,True,True,False,False,
847636,117,Account Access,Password Reset,P3,2025-08-16 14:35:57.000000000,True,213,False,2025-08-16 16:17:50.691173916,2025-08-17 06:30:15.475242598,1.69824754831,15.905132011832777,False,False,False,False,False,
847637,169,API Integrations,Authentication Error,P3,2026-04-21 10:26:25.000000000,True,205,False,2026-04-21 12:30:34.666516691,2026-04-22 18:43:26.560656140,2.0693518101919444,32.283766848927776,False,True,True,False,False,
847638,177,API Integrations,Webhook Failures,P3,2025-02-18 12:20:22.000000000,True,201,False,2025-02-18 15:06:09.155422373,2025-02-20 10:13:35.898138143,2.7630987284369444,45.88719392726195,False,True,False,False,False,
847639,151,Payments & Checkout,Payout Delays,P3,2026-04-23 10:33:15.000000000,True,203,True,2026-04-23 13:32:42.344333043,2026-04-25 04:10:39.377944803,2.9909289814008333,41.62343831800084,False,True,False,False,False,0.65
847640,121,Account Access,SSO Failure,P1,2026-03-04 11:29:22.000000000,True,203,False,2026-03-04 11:46:57.088739054,2026-03-04 13:57:48.139910731,0.2930802052927777,2.473927752980833,True,True,False,False,False,
847641,152,Fulfilment & Logistics,Inventory Mismatch,P3,2025-10-24 22:28:25.000000000,True,206,False,2025-10-25 00:27:08.378224243,2025-10-25 20:15:13.740425284,1.9787161734008327,21.78020567369,False,False,False,False,False,1.0
847642,158,Account Access,User Permissions,P4,2025-04-23 01:39:53.000000000,True,204,True,2025-04-23 13:24:24.120170932,2025-04-26 12:15:00.063755611,11.74197782525889,82.58529548766973,False,True,False,False,False,
847643,164,Notifications,Email Delivery Failure,P3,2025-11-06 20:11:50.000000000,True,220,False,2025-11-06 23:47:05.981486669,2025-11-07 19:35:59.123477768,3.587772635185833,23.40253429938,False,False,False,False,False,
847644,195,Fulfilment & Logistics,Carrier Sync Failure,P2,2026-02-17 09:26:39.000000000,True,206,False,2026-02-17 10:58:01.894410471,2026-02-17 23:51:03.848694543,1.5230262251308333,14.406902415150832,True,True,False,False,False,
847645,167,Payments & Checkout,Card Declines,P3,2025-05-09 08:54:08.000000000,True,217,False,2025-05-09 11:45:15.246991160,2025-05-10 15:34:05.528288097,2.8520130531,30.665980080026944,False,True,False,False,False,
847646,205,Payments & Checkout,Refund Processing,P3,2026-03-25 19:53:48.000000000,True,212,True,2026-03-25 22:17:40.254309127,2026-03-26 17:27:07.126562997,2.3978484192019445,21.55531293416584,False,False,False,False,False,
847647,110,Payments & Checkout,Card Declines,P3,2026-06-17 23:03:24.000000000,True,204,False,2026-06-18 02:38:37.921494414,2026-06-19 23:16:45.668055967,3.587200415115,48.22268557110194,False,True,True,False,False,
847648,113,Notifications,Template Syntax Error,P3,2025-08-17 18:05:52.000000000,True,220,False,2025-08-17 21:17:23.850072556,2025-08-18 09:33:24.114263370,3.19218057571,15.458920628713887,False,False,False,False,False,
847649,198,Notifications,Template Syntax Error,P3,2025-12-22 04:07:58.000000000,True,204,True,2025-12-22 08:47:49.319035493,2025-12-23 09:57:33.027851436,4.664255287636945,29.82639662539889,True,True,False,False,False,
847650,118,Account Access,Password Reset,P3,2025-11-06 15:11:34.000000000,True,207,True,2025-11-06 18:57:17.123876329,2025-11-07 11:42:42.054279472,3.761978854535833,20.51890396652,False,False,False,False,False,
847651,189,Payments & Checkout,Card Declines,P3,2025-06-10 21:57:32.000000000,True,215,False,2025-06-11 01:39:50.940588905,2025-06-12 07:12:17.125294298,3.705261274695833,33.245868137305,False,True,True,False,False,
847652,185,Fulfilment & Logistics,Carrier Sync Failure,P3,2025-11-18 06:14:42.000000000,True,208,False,2025-11-18 08:46:51.621455953,2025-11-19 09:28:37.044482966,2.5360059599869444,27.231956800823887,False,True,False,False,False,
847653,121,API Integrations,Endpoint Timeout,P3,2025-09-16 18:54:46.000000000,True,211,False,2025-09-16 19:56:44.146007900,2025-09-17 17:39:01.030778779,1.0328183355277778,22.73750854966083,False,False,True,False,False,
847654,139,Account Access,Password Reset,P4,2025-04-11 04:07:17.000000000,True,212,False,2025-04-11 07:48:32.864852220,2025-04-12 05:04:21.348809277,3.6877402367277776,24.951208002576944,False,False,False,False,False,
847655,121,Payments & Checkout,Refund Processing,P4,2025-04-23 09:38:24.000000000,True,207,False,2025-04-23 15:32:14.655998612,2025-04-26 16:56:41.212509727,5.897404444058889,79.30478125270194,False,True,True,False,False,0.22
847656,210,Notifications,SMS Gateway Drag,P3,2026-05-01 05:04:38.000000000,True,220,False,2026-05-01 07:42:11.858064455,2026-05-02 04:45:29.269411035,2.6260716845708334,23.680908169731943,False,False,False,False,False,
847657,207,API Integrations,Endpoint Timeout,P2,2025-06-09 10:38:12.000000000,True,201,False,2025-06-09 12:03:01.549287668,2025-06-10 10:19:27.903494217,1.4137636910188889,23.68775097061583,True,True,True,False,False,
847658,182,Payments & Checkout,3DS Authentication,P3,2026-04-04 04:39:39.000000000,True,213,True,2026-04-04 07:24:27.249129213,2026-04-05 15:19:13.158738985,2.746735869225833,34.659488538606944,False,True,False,False,False,
847659,150,Fulfilment & Logistics,Label Generation,P3,2025-09-21 17:38:33.000000000,True,210,False,2025-09-21 21:20:20.137380277,2025-09-23 00:36:23.262367950,3.696427050076944,30.963961768875,False,True,False,False,False,0.6
847660,143,Account Access,User Permissions,P4,2025-12-24 05:54:28.000000000,True,212,False,2025-12-24 10:11:50.649102109,2025-12-25 10:43:33.543834350,4.289624750585833,28.818206620652777,False,False,False,False,False,
847661,163,Notifications,Email Delivery Failure,P3,2025-05-09 12:45:53.000000000,True,218,False,2025-05-09 15:49:55.717545508,2025-05-10 05:22:48.724601067,3.0674215404188887,16.615479055851946,False,False,False,False,False,
847662,201,Account Access,User Permissions,P3,2025-04-18 07:15:35.000000000,True,203,False,2025-04-18 09:50:45.121011843,2025-04-19 04:45:28.300656539,2.5861447255119447,21.49813907126083,False,False,False,False,False,
847663,105,Fulfilment & Logistics,Carrier Sync Failure,P1,2026-01-01 17:27:06.000000000,True,209,False,2026-01-01 17:58:27.330774649,2026-01-01 20:32:10.149414402,0.5225918818469444,3.084485948445,True,True,True,False,False,
847664,196,Account Access,2FA Reset,P3,2025-11-18 19:45:37.000000000,True,202,False,2025-11-18 23:55:32.781868265,2025-11-19 17:56:53.603471701,4.165494963406944,22.187945408805835,True,False,False,False,False,
847665,121,Fulfilment & Logistics,Carrier Sync Failure,P2,2026-02-14 02:50:48.000000000,True,212,True,2026-02-14 04:06:25.871506782,2026-02-14 15:22:31.665666002,1.260519862995,12.528796018333887,True,True,False,False,False,
847666,113,Account Access,User Permissions,P3,2025-01-14 22:04:30.000000000,True,212,False,2025-01-14 23:33:25.121474863,2025-01-15 09:24:57.946294612,1.4819781874619444,11.341096192947775,False,False,False,False,False,
847667,190,Payments & Checkout,Refund Processing,P3,2025-08-03 15:27:36.000000000,True,215,False,2025-08-03 18:56:41.536343086,2025-08-04 20:41:04.332449436,3.4848712064127776,29.22453679151,False,True,False,False,False,
847668,153,Fulfilment & Logistics,Carrier Sync Failure,P4,2025-09-04 23:45:36.000000000,True,216,False,2025-09-05 05:28:37.713237369,2025-09-06 08:34:05.679760742,5.717142565935833,32.80824437798389,False,False,False,False,False,
847669,195,Payments & Checkout,Refund Processing,P3,2026-02-16 18:12:01.000000000,True,211,True,2026-02-16 20:06:15.342871117,2026-02-17 08:41:05.371163962,1.9039841308658327,14.484547545545,False,False,True,False,False,
847670,104,Account Access,2FA Reset,P2,2026-06-01 18:54:37.000000000,True,219,False,2026-06-01 19:26:32.289959575,2026-06-02 00:36:58.290819176,0.5320249887708334,5.705914116437778,False,False,False,False,False,
847671,202,API Integrations,Rate Limiting,P4,2025-02-15 18:34:11.000000000,True,201,False,2025-02-16 02:44:52.796634159,2025-02-20 09:54:15.556491170,8.178276842821944,111.334599025325,False,True,False,False,False,
847672,174,Notifications,SMS Gateway Drag,P3,2025-06-10 23:32:35.000000000,True,218,False,2025-06-11 03:00:52.374695877,2025-06-11 20:09:27.168741182,3.4714929710769447,20.614491316995,False,False,False,False,False,
847673,171,API Integrations,Endpoint Timeout,P4,2026-05-17 22:38:45.000000000,True,205,False,2026-05-18 03:28:22.632524905,2026-05-21 04:05:48.948855163,4.827120145806944,77.45109690421195,False,True,False,False,False,
847674,201,API Integrations,Webhook Failures,P3,2025-04-28 23:57:10.000000000,True,205,False,2025-04-29 01:39:52.141973366,2025-04-30 09:21:05.698544986,1.7117061037127776,33.398805151385,False,True,True,False,False,
847675,124,Fulfilment & Logistics,Inventory Mismatch,P3,2025-10-23 17:31:34.000000000,True,216,False,2025-10-23 19:16:41.328506600,2025-10-24 11:39:36.664300426,1.7520356962777777,18.134073416785,False,False,False,False,False,0.91
847676,160,Fulfilment & Logistics,Carrier Sync Failure,P4,2025-07-29 13:41:49.000000000,True,208,False,2025-07-29 23:00:28.079779019,2025-07-31 06:51:01.128433991,9.310855494171944,41.15336900944194,False,False,False,False,False,
847677,122,API Integrations,Authentication Error,P3,2026-02-22 07:27:13.000000000,True,211,False,2026-02-22 08:34:34.373383021,2026-02-22 22:53:16.217324520,1.1226037175058332,15.43422703458889,False,False,True,False,False,
847678,131,Notifications,Template Syntax Error,P4,2025-08-16 11:26:28.000000000,True,218,False,2025-08-16 17:48:35.694238644,2025-08-17 13:25:15.599795988,6.368803955178889,25.97988883221889,False,False,False,False,False,
847679,194,API Integrations,Endpoint Timeout,P3,2025-12-07 09:33:22.000000000,True,216,True,2025-12-07 12:21:51.626043140,2025-12-09 21:37:17.692482173,2.808229456427778,60.06547013393695,False,True,False,False,False,
847680,192,Payments & Checkout,Payout Delays,P2,2025-04-04 13:24:02.000000000,True,215,False,2025-04-04 15:00:28.014848883,2025-04-05 22:48:36.362548701,1.6072263469119443,33.409545152416946,True,True,True,False,False,
847681,145,Account Access,User Permissions,P4,2025-05-09 16:21:08.000000000,True,213,False,2025-05-09 21:37:47.864343231,2025-05-10 22:26:44.860020476,5.277740095341944,30.09357222791,False,False,False,False,False,
847682,147,Payments & Checkout,Card Declines,P3,2025-08-08 19:20:14.000000000,True,217,False,2025-08-08 22:42:34.559643096,2025-08-10 23:41:21.487115415,3.3723776786377777,52.35207975428194,False,True,False,False,False,
847683,203,Account Access,User Permissions,P3,2026-03-17 02:07:05.000000000,True,219,False,2026-03-17 04:46:12.175917699,2026-03-17 13:48:14.193940901,2.651993310471944,11.685887205805834,False,False,False,False,False,
847684,161,Payments & Checkout,3DS Authentication,P3,2025-06-02 14:45:06.000000000,True,217,False,2025-06-02 18:33:56.464300240,2025-06-04 15:29:27.738436544,3.814017861177778,48.73937178792889,False,True,True,False,False,
847685,194,Fulfilment & Logistics,Carrier Sync Failure,P2,2026-03-03 20:32:47.000000000,True,209,False,2026-03-03 22:43:01.809678957,2026-03-04 17:18:53.965506347,2.1707804663769443,20.76860152954083,True,True,False,False,False,
847686,151,Notifications,SMS Gateway Drag,P3,2025-04-03 23:48:59.000000000,True,220,False,2025-04-04 02:39:11.287025380,2025-04-04 17:22:27.941810566,2.836746395938889,17.55803939182389,False,False,False,False,False,
847687,126,Notifications,Webhook Retries,P3,2026-01-23 20:03:56.000000000,True,218,False,2026-01-23 22:20:34.627642474,2026-01-24 09:39:46.744652860,2.277396567353889,13.597429070238888,False,False,False,False,False,
847688,121,Account Access,2FA Reset,P4,2025-10-15 17:51:43.000000000,True,213,False,2025-10-15 22:43:43.174122173,2025-10-17 06:37:18.078623232,4.866715033936945,36.759744062008885,False,False,False,False,False,
847689,190,Fulfilment & Logistics,Tracking Updates,P3,2026-02-27 12:59:48.000000000,True,210,False,2026-02-27 15:45:56.268822091,2026-02-28 19:29:12.598613310,2.7689635616919444,30.490166281475,False,True,False,False,False,
847690,101,API Integrations,Rate Limiting,P3,2025-06-07 02:23:29.000000000,True,211,False,2025-06-07 03:19:36.012185500,2025-06-08 00:15:26.999627745,0.9352811626388888,21.866111007706944,False,False,False,False,False,0.95
847691,146,Payments & Checkout,Refund Processing,P4,2025-05-14 03:19:16.000000000,True,204,False,2025-05-14 12:53:09.100230799,2025-05-18 10:20:31.410528529,9.564750064110832,103.02094736903584,False,True,False,False,False,
847692,184,API Integrations,Endpoint Timeout,P2,2025-03-11 08:32:29.000000000,True,214,False,2025-03-11 09:07:31.650676092,2025-03-11 22:33:19.355049438,0.5840696322477779,14.01398751373278,False,True,False,False,False,
847693,208,Payments & Checkout,Refund Processing,P1,2025-03-17 08:25:58.000000000,True,204,False,2025-03-17 08:59:12.949928321,2025-03-17 14:03:40.635105425,0.5541527578669444,5.628509751506945,True,True,True,False,False,
847694,135,Fulfilment & Logistics,Carrier Sync Failure,P1,2026-05-18 19:37:41.000000000,True,208,False,2026-05-18 20:09:58.686348134,2026-05-18 22:54:22.193972174,0.538246207815,3.278109436715,True,True,False,False,False,
847695,116,API Integrations,Rate Limiting,P2,2025-11-12 09:41:34.000000000,True,220,True,2025-11-12 10:57:40.316236958,2025-11-13 07:54:40.598440598,1.268421176932778,22.218499566832776,True,True,True,False,False,
847696,173,Fulfilment & Logistics,Label Generation,P4,2025-05-24 11:27:38.000000000,True,206,False,2025-05-24 18:27:47.208895410,2025-05-25 18:07:09.303637740,7.002558026502777,30.658695454927777,False,False,False,False,False,
847697,182,Notifications,Template Syntax Error,P1,2025-01-09 14:46:42.000000000,True,220,False,2025-01-09 15:10:13.039847149,2025-01-09 16:55:33.540051552,0.3919555130969444,2.14765001432,True,True,True,False,False,
847698,150,Fulfilment & Logistics,Inventory Mismatch,P2,2025-03-01 04:40:34.000000000,True,206,False,2025-03-01 05:58:30.572855382,2025-03-01 19:27:28.898921653,1.2990480153838888,14.781916367125834,True,True,False,False,False,
847699,115,Payments & Checkout,Payout Delays,P3,2026-04-04 17:59:25.000000000,True,207,False,2026-04-04 20:32:25.779848063,2026-04-06 02:18:49.290293065,2.5502166244619446,32.32341397029583,False,True,True,False,False,
847700,188,Fulfilment & Logistics,Tracking Updates,P3,2026-05-27 11:54:58.000000000,True,209,False,2026-05-27 14:46:50.619694555,2026-05-28 10:57:14.980449971,2.864616581820833,23.038050124991944,False,False,False,False,False,
847701,114,Notifications,SMS Gateway Drag,P4,2025-11-19 06:40:54.000000000,True,218,False,2025-11-19 12:35:31.594213916,2025-11-21 00:26:04.271965676,5.910442837198889,41.75285332379889,False,False,False,False,False,
847702,169,Payments & Checkout,Card Declines,P4,2025-11-22 14:40:16.000000000,True,217,False,2025-11-22 21:43:11.024238731,2025-11-25 04:33:18.492044198,7.048617844091944,61.88402556783278,False,True,False,False,False,0.67
847703,149,Account Access,User Permissions,P2,2025-05-22 16:37:42.000000000,True,213,False,2025-05-22 17:11:08.308481479,2025-05-22 21:01:38.784403219,0.5573079115219445,4.399106778671944,False,False,False,False,False,
847704,161,Account Access,User Permissions,P4,2025-10-15 03:37:27.000000000,True,202,False,2025-10-15 10:33:31.370202027,2025-10-17 14:19:15.181433791,6.934547278340833,58.69671706494194,False,True,False,False,False,0.77
847705,206,Payments & Checkout,Card Declines,P2,2025-11-24 10:38:58.000000000,True,216,True,2025-11-24 11:51:11.197844162,2025-11-25 13:08:17.966778826,1.203666067822778,26.488879660785,True,True,False,False,False,
847706,124,Payments & Checkout,Payout Delays,P3,2026-01-23 01:05:19.000000000,True,207,False,2026-01-23 03:48:10.261537121,2026-01-24 06:05:26.791964941,2.714239315866944,29.00216443470584,False,True,True,False,False,0.52
847707,143,Notifications,Email Delivery Failure,P4,2025-07-23 00:54:16.000000000,True,218,False,2025-07-23 06:33:40.652935212,2025-07-23 23:08:52.522568478,5.656848037558889,22.243478491243888,False,False,False,False,False,
847708,170,Payments & Checkout,Payout Delays,P3,2025-06-26 05:40:48.000000000,True,207,False,2025-06-26 08:21:42.781929224,2025-06-27 14:49:03.357372723,2.681883869228889,33.13759927020083,False,True,True,False,False,
847709,102,Fulfilment & Logistics,Label Generation,P3,2025-01-18 15:13:07.000000000,True,208,False,2025-01-18 18:48:21.362563062,2025-01-19 10:27:33.044514340,3.5873229341838893,19.24056792065,False,False,False,False,False,
847710,212,Payments & Checkout,3DS Authentication,P2,2025-05-11 20:07:42.000000000,True,208,True,2025-05-11 23:00:26.313175714,2025-05-13 02:12:15.687468426,2.8789758821427776,30.076024296785,True,True,True,False,False,
847711,188,Account Access,2FA Reset,P3,2026-04-11 04:08:42.000000000,True,212,False,2026-04-11 05:36:26.420254480,2026-04-11 16:52:58.401281193,1.4623389595777778,12.737889244775834,False,False,False,False,False,
847712,163,API Integrations,Authentication Error,P3,2025-09-11 14:33:34.000000000,True,205,False,2025-09-11 16:21:08.876082140,2025-09-12 20:27:56.136404892,1.7930211339277775,29.906149001358887,False,True,False,False,False,
847713,126,Payments & Checkout,Refund Processing,P3,2026-02-26 08:49:22.000000000,True,207,False,2026-02-26 11:27:37.607551159,2026-02-27 12:25:49.761215215,2.6376687642108334,27.60771144867084,False,True,True,False,False,0.47
847714,204,API Integrations,Rate Limiting,P4,2025-04-27 08:40:45.000000000,True,205,False,2025-04-27 14:06:28.033106751,2025-04-30 04:26:07.666802457,5.428620307430834,67.75629633401583,False,True,True,False,False,
847715,127,Notifications,Webhook Retries,P4,2025-10-02 01:49:00.000000000,True,220,False,2025-10-02 09:55:46.317898825,2025-10-04 01:38:33.169396792,8.112866083006944,47.82588038799777,False,False,False,False,False,
847716,126,Notifications,Email Delivery Failure,P3,2025-02-07 06:20:10.000000000,True,218,False,2025-02-07 08:31:04.326831167,2025-02-08 03:49:54.334527190,2.181757453101945,21.495648479775,False,False,False,False,False,
847717,103,Payments & Checkout,Payout Delays,P3,2025-01-21 23:29:58.000000000,True,215,False,2025-01-22 03:08:43.395862572,2025-01-23 12:34:00.649299415,3.645943295158889,37.06740258317083,False,True,True,False,False,
847718,106,API Integrations,Webhook Failures,P3,2025-03-16 00:48:33.000000000,True,205,False,2025-03-16 02:31:16.607403363,2025-03-17 05:38:40.665661179,1.7121131676008334,28.83546268366084,False,True,True,False,False,
847719,143,API Integrations,Authentication Error,P4,2025-09-28 10:19:28.000000000,True,212,True,2025-09-28 15:44:46.817620834,2025-10-01 04:41:00.453814114,5.421893783565,66.359014948365,False,True,False,False,False,
847720,112,Account Access,2FA Reset,P4,2025-02-02 21:17:42.000000000,True,210,True,2025-02-03 07:43:19.625534083,2025-02-05 04:47:04.713225280,10.427118203911943,55.48964256257778,False,True,False,False,False,
847721,136,Fulfilment & Logistics,Tracking Updates,P3,2026-01-08 22:13:59.000000000,True,208,False,2026-01-09 00:37:44.701532708,2026-01-10 01:57:52.634917888,2.39602820353,27.73156525496889,False,True,False,False,False,
847722,147,Notifications,Email Delivery Failure,P3,2025-04-13 21:20:07.000000000,True,217,True,2025-04-14 02:35:18.551391726,2025-04-15 05:47:39.696325781,5.253208719923888,32.459082312716944,True,True,False,False,False,0.57
847723,112,Fulfilment & Logistics,Carrier Sync Failure,P3,2026-06-30 02:07:00.000000000,True,210,False,2026-06-30 05:31:09.900029923,2026-07-01 04:09:40.086286756,3.402750008311944,26.04446841298778,False,True,False,False,False,
847724,103,Fulfilment & Logistics,Inventory Mismatch,P3,2025-07-06 04:58:19.000000000,True,209,False,2025-07-06 08:38:13.697816209,2025-07-07 06:43:53.338442327,3.6651938378358335,25.759538456201945,False,True,True,False,False,
847725,133,Account Access,Password Reset,P2,2025-12-18 12:17:40.000000000,True,203,False,2025-12-18 13:05:25.191165463,2025-12-18 16:38:57.323081455,0.7958864348508333,4.354811967070834,False,False,False,False,False,
847726,201,API Integrations,Webhook Failures,P1,2025-08-04 15:43:02.000000000,True,217,True,2025-08-04 16:26:57.786825624,2025-08-05 01:19:30.885886604,0.7321630071177777,9.60802385739,True,True,False,False,False,0.6
847727,194,API Integrations,Endpoint Timeout,P2,2025-05-22 08:27:46.000000000,True,205,False,2025-05-22 09:50:16.673961263,2025-05-23 04:50:05.564464644,1.3751872114619443,20.37210124017889,True,True,False,False,False,
847728,146,Account Access,SSO Failure,P2,2025-09-25 05:09:29.000000000,True,212,False,2025-09-25 05:48:03.965996820,2025-09-25 11:46:07.410788859,0.6430461102277777,6.610669663571945,False,False,False,False,False,
847729,113,Payments & Checkout,Payout Delays,P3,2025-11-17 21:54:36.000000000,True,204,False,2025-11-18 01:10:11.818839576,2025-11-19 21:21:49.055881719,3.2599496776600003,47.45362663381083,False,True,True,False,False,
847730,159,Fulfilment & Logistics,Tracking Updates,P4,2025-10-08 02:35:09.000000000,True,209,False,2025-10-08 08:57:20.932284662,2025-10-10 14:20:57.764835018,6.369981190183889,59.763545787505,False,True,False,False,False,
847731,120,Account Access,2FA Reset,P3,2025-02-01 00:08:55.000000000,True,216,True,2025-02-01 03:04:40.666216062,2025-02-01 22:04:24.613862167,2.9293517266838887,21.92489273949084,False,False,False,False,False,
847732,161,Fulfilment & Logistics,Carrier Sync Failure,P2,2025-08-24 00:08:01.000000000,True,208,False,2025-08-24 01:51:56.321840646,2025-08-24 18:54:30.838355608,1.732033844623889,18.77495509878,True,True,False,False,False,
847733,106,API Integrations,Webhook Failures,P3,2026-04-21 10:08:48.000000000,True,211,False,2026-04-21 11:11:48.783214516,2026-04-22 00:56:04.264326249,1.0502175595877778,14.787851201735831,False,False,False,False,False,0.93
847734,166,Account Access,SSO Failure,P3,2025-05-02 04:39:37.000000000,True,202,False,2025-05-02 08:20:18.554278098,2025-05-02 22:08:49.674192240,3.678209521693889,17.48685394228889,False,False,False,False,False,
847735,198,API Integrations,Endpoint Timeout,P3,2025-08-04 20:19:34.000000000,True,201,False,2025-08-04 23:38:43.984551401,2025-08-06 20:07:09.941793935,3.319440153166944,47.79331716498194,False,True,True,False,False,
847736,212,Account Access,SSO Failure,P3,2025-04-05 18:47:52.000000000,True,202,False,2025-04-05 22:10:33.370039642,2025-04-06 16:10:58.370836568,3.378158344345,21.38510301015778,False,False,False,False,False,
847737,133,Notifications,Template Syntax Error,P4,2025-12-10 09:05:00.000000000,True,218,False,2025-12-10 17:29:05.695351347,2025-12-11 21:35:21.693141176,8.401582042040832,36.50602587254888,False,False,False,False,False,0.93
847738,151,Notifications,Webhook Retries,P2,2025-07-29 08:32:39.000000000,True,220,False,2025-07-29 09:36:17.440749978,2025-07-29 15:34:56.045958537,1.060677986105,7.0380683218158335,True,False,False,False,False,
847739,117,Fulfilment & Logistics,Carrier Sync Failure,P3,2026-03-06 17:57:40.000000000,True,208,False,2026-03-06 21:07:13.492658525,2026-03-08 04:38:12.471553878,3.1593035162569443,34.67568654274389,False,True,False,False,False,
847740,191,Notifications,Template Syntax Error,P3,2026-05-31 17:55:25.000000000,True,207,True,2026-05-31 21:43:22.902140806,2026-06-01 20:39:30.839623204,3.799417261335,26.73495545089,False,True,False,False,False,
847741,134,Account Access,2FA Reset,P2,2025-08-03 21:09:34.000000000,True,203,False,2025-08-03 21:42:21.090252158,2025-08-04 00:47:32.955670094,0.5464139589327778,3.6330432416927776,False,False,False,False,False,
847742,147,Fulfilment & Logistics,Inventory Mismatch,P3,2025-12-22 23:43:22.000000000,True,209,False,2025-12-23 03:25:12.419738003,2025-12-24 12:08:13.459245946,3.697338816111945,36.414294234985,False,True,False,False,False,
847743,187,Payments & Checkout,Refund Processing,P2,2026-03-21 05:21:10.000000000,True,215,False,2026-03-21 07:14:29.789358488,2026-03-22 10:43:08.001291564,1.888830377357778,29.366111469878888,True,True,True,False,False,
847744,115,Account Access,SSO Failure,P4,2026-02-25 08:09:08.000000000,True,213,False,2026-02-25 14:10:49.243866928,2026-02-26 16:19:59.097691247,6.028123296368889,32.18086046979084,False,False,False,False,False,
847745,146,Notifications,Webhook Retries,P4,2025-04-14 05:18:43.000000000,True,219,True,2025-04-14 13:38:05.330451553,2025-04-15 06:42:03.170992951,8.322869569875833,25.38893638693084,False,False,False,False,False,
847746,109,API Integrations,Rate Limiting,P4,2025-01-23 20:40:05.000000000,True,211,False,2025-01-23 23:41:59.945797221,2025-01-25 15:30:40.344332225,3.0319293881169447,42.84315120339584,False,False,False,False,False,
847747,197,Account Access,SSO Failure,P3,2026-05-28 08:41:52.000000000,True,202,False,2026-05-28 12:45:44.553324192,2026-05-29 04:15:17.111723903,4.064598145608889,19.556975478861943,True,False,False,False,False,
847748,198,Account Access,User Permissions,P3,2025-03-23 06:08:25.000000000,True,207,True,2025-03-23 09:26:03.072083487,2025-03-24 13:29:50.785137264,3.2939089120797225,31.35716253812889,False,True,False,False,False,
847749,119,API Integrations,Webhook Failures,P3,2025-09-27 11:06:09.000000000,True,201,False,2025-09-27 13:34:07.710930177,2025-09-28 16:58:16.063690839,2.4663085917158334,29.868628803010832,False,True,True,False,False,
847750,114,Account Access,SSO Failure,P1,2025-10-03 20:30:14.000000000,True,219,False,2025-10-03 20:47:51.907461903,2025-10-03 22:30:17.536259400,0.2938631838619444,2.0009822942777777,True,True,False,False,False,
847751,183,Fulfilment & Logistics,Carrier Sync Failure,P3,2025-08-16 20:15:51.000000000,True,206,False,2025-08-16 22:35:04.722272756,2025-08-17 15:44:44.007143372,2.320478409098889,19.48139087315889,False,False,False,False,False,1.0
847752,128,Account Access,User Permissions,P4,2026-02-05 06:16:39.000000000,True,213,False,2026-02-05 10:34:00.254784770,2026-02-06 05:47:20.374302022,4.289237440213889,23.51149286167277,False,False,False,False,False,
847753,173,API Integrations,Webhook Failures,P4,2026-01-30 18:06:53.000000000,True,205,False,2026-01-31 00:15:59.042080458,2026-02-01 20:35:17.359974021,6.151678355682778,50.47343332611695,False,True,True,False,False,
847754,119,Account Access,SSO Failure,P4,2025-01-15 11:33:14.000000000,True,207,True,2025-01-15 20:15:36.475658452,2025-01-17 12:42:37.236982258,8.706243238458889,49.15645471729389,False,True,True,False,False,0.34
847755,161,API Integrations,Rate Limiting,P2,2026-06-26 11:04:19.000000000,True,201,False,2026-06-26 13:07:25.469650201,2026-06-27 09:05:48.897222026,2.0517971250558333,22.024971450562777,True,True,False,False,False,
847756,152,API Integrations,Endpoint Timeout,P3,2025-08-22 04:27:11.000000000,True,214,False,2025-08-22 06:44:54.950960920,2025-08-23 11:51:02.635968692,2.295541933588889,31.397676657970003,False,True,True,False,False,
847757,205,Payments & Checkout,3DS Authentication,P3,2025-01-20 00:50:41.000000000,True,206,True,2025-01-20 04:28:27.805011266,2025-01-22 02:29:42.138079383,3.629668058685,49.65031613316194,False,True,False,False,False,
847758,168,Account Access,Password Reset,P3,2025-03-06 00:35:14.000000000,True,219,False,2025-03-06 03:13:12.810395115,2025-03-06 19:37:44.151587217,2.6330028875319447,19.041708774226944,False,False,False,False,False,
847759,210,API Integrations,Endpoint Timeout,P4,2025-04-25 11:43:55.000000000,True,205,False,2025-04-25 16:55:21.236658490,2025-04-28 16:13:50.949940520,5.190621294025,76.49887498347778,False,True,False,False,False,
847760,116,Payments & Checkout,Refund Processing,P2,2025-02-12 23:07:33.000000000,True,207,False,2025-02-13 00:48:36.814388170,2025-02-13 13:40:09.801192318,1.6843928856027777,14.543555886755,True,True,False,False,False,
847761,112,Notifications,SMS Gateway Drag,P4,2025-06-21 00:32:28.000000000,True,218,False,2025-06-21 06:54:53.540546051,2025-06-22 05:08:21.722478176,6.373761262791945,28.59825624393778,False,False,False,False,False,
847762,121,Account Access,User Permissions,P4,2026-06-25 07:46:27.000000000,True,219,False,2026-06-25 12:40:59.442311613,2026-06-26 10:36:58.161770721,4.909011753225833,26.84198938075583,False,False,False,False,False,
847763,144,Notifications,Template Syntax Error,P4,2025-09-18 21:50:57.000000000,True,218,False,2025-09-19 04:25:05.455343052,2025-09-20 15:44:16.151584933,6.56901537307,41.88865321803694,False,False,False,False,False,
847764,109,Payments & Checkout,Card Declines,P2,2025-06-18 20:42:35.000000000,True,207,False,2025-06-18 22:09:48.687987374,2025-06-19 22:12:40.402353067,1.453802218715,25.50150065362972,True,True,False,False,False,
847765,196,API Integrations,Authentication Error,P4,2025-07-18 19:00:38.000000000,True,205,False,2025-07-19 00:19:15.825222716,2025-07-21 09:27:01.792955831,5.31050700631,62.43994248773084,False,True,False,False,False,
847766,140,Payments & Checkout,Refund Processing,P3,2026-03-03 03:25:33.000000000,True,205,True,2026-03-03 06:39:24.869416926,2026-03-04 09:22:48.324781726,3.231074838035,29.95425688381278,False,True,True,False,False,
847767,115,API Integrations,Rate Limiting,P3,2026-02-16 08:11:25.000000000,True,205,False,2026-02-16 10:08:55.297601285,2026-02-18 03:20:56.774630780,1.9584160003569449,43.15882628632778,False,True,True,False,False,
847768,122,Payments & Checkout,Payout Delays,P4,2025-10-21 07:08:11.000000000,True,204,False,2025-10-21 16:36:20.993444855,2025-10-25 18:06:39.999332490,9.469442623570831,106.9747220368028,False,True,True,False,False,
847769,129,Notifications,Webhook Retries,P3,2026-01-12 10:12:07.000000000,True,218,False,2026-01-12 13:10:12.771620308,2026-01-13 06:29:12.954988458,2.96826989453,20.28498749679389,False,False,False,False,False,
847770,128,Account Access,SSO Failure,P3,2025-11-30 17:35:22.000000000,True,203,False,2025-11-30 19:44:15.811460769,2025-12-01 13:29:23.125043056,2.1482809613247222,19.90031251196,False,False,False,False,False,
847771,186,API Integrations,Rate Limiting,P4,2025-04-12 05:25:21.000000000,True,211,False,2025-04-12 08:13:35.637680287,2025-04-13 15:29:45.618042314,2.8040660223019445,34.07350501175389,False,False,False,False,False,
847772,155,API Integrations,Rate Limiting,P3,2025-07-27 03:43:21.000000000,True,201,False,2025-07-27 06:51:46.857285162,2025-07-28 14:21:06.653267211,3.140515912545,34.62934812978084,False,True,True,False,False,
847773,106,Payments & Checkout,Card Declines,P3,2025-02-06 21:16:20.000000000,True,204,False,2025-02-07 01:16:12.572219885,2025-02-08 15:07:31.796485850,3.997936727745833,41.853276801625,False,True,True,False,False,
847774,106,Payments & Checkout,3DS Authentication,P3,2025-07-07 01:59:38.000000000,True,207,False,2025-07-07 04:21:49.518020876,2025-07-08 08:36:11.919657995,2.36986611691,30.60942212722083,False,True,False,False,False,
847775,165,Fulfilment & Logistics,Inventory Mismatch,P2,2025-02-15 07:55:20.000000000,True,209,False,2025-02-15 09:28:33.425833314,2025-02-16 02:05:40.638588717,1.5537293981427778,18.172399607976946,True,True,False,False,False,
847776,114,Payments & Checkout,Card Declines,P3,2026-03-05 09:28:06.000000000,True,207,False,2026-03-05 11:46:18.651834135,2026-03-06 16:58:56.846812347,2.303514398370833,31.51412411454083,False,True,True,False,False,
847777,149,Account Access,SSO Failure,P3,2025-07-13 06:12:06.000000000,True,205,True,2025-07-13 09:24:21.168160224,2025-07-14 01:44:25.348720029,3.20421337784,19.53870797778584,False,False,True,False,False,
847778,162,Notifications,Email Delivery Failure,P1,2026-01-17 23:33:00.000000000,True,217,True,2026-01-18 00:25:32.504963592,2026-01-18 02:46:11.373803551,0.87569582322,3.2198260565419443,True,True,True,False,False,
847779,139,Account Access,SSO Failure,P2,2026-06-19 16:07:52.000000000,True,202,False,2026-06-19 17:08:40.989305710,2026-06-20 00:17:35.041221510,1.013608140475,8.161955894863889,True,True,False,False,False,0.71
847780,207,Notifications,Email Delivery Failure,P3,2025-11-04 19:18:00.000000000,True,220,False,2025-11-04 23:07:36.461071200,2025-11-05 08:58:14.305614672,3.826794742,13.67064044852,False,False,False,False,False,
847781,141,Payments & Checkout,Card Declines,P4,2025-06-15 15:43:43.000000000,True,217,False,2025-06-16 00:05:08.951270028,2025-06-19 07:55:30.269334385,8.357208686118888,88.19646370399583,False,True,False,False,False,
847782,139,Payments & Checkout,Refund Processing,P3,2025-08-31 17:24:09.000000000,True,213,True,2025-08-31 21:09:07.835282510,2025-09-02 17:15:34.635749738,3.749676467363889,47.857121041593885,False,True,False,False,False,
847783,111,Payments & Checkout,Payout Delays,P3,2026-02-25 15:30:25.000000000,True,215,False,2026-02-25 17:49:36.373881631,2026-02-27 15:21:08.045998993,2.3198260782308333,47.84529055527584,False,True,False,False,False,
847784,140,Notifications,Webhook Retries,P3,2025-07-17 09:48:47.000000000,True,218,False,2025-07-17 13:12:07.466067491,2025-07-18 01:15:03.766377897,3.389018352080833,15.437990660526944,False,False,False,False,False,
847785,161,API Integrations,Authentication Error,P3,2025-03-10 15:44:06.000000000,True,201,False,2025-03-10 19:05:30.834597804,2025-03-12 12:24:16.379143372,3.35689849939,44.66954976204778,False,True,True,False,False,
847786,192,Notifications,Email Delivery Failure,P3,2025-04-08 05:08:53.000000000,True,220,False,2025-04-08 08:59:10.988458920,2025-04-08 17:38:26.414799768,3.8383301274777777,12.492615222157776,False,False,False,False,False,0.99
847787,187,Fulfilment & Logistics,Label Generation,P1,2025-04-16 13:59:08.000000000,True,210,False,2025-04-16 14:27:07.696595036,2025-04-16 18:52:03.353140191,0.46658238751,4.882042538941945,True,True,False,False,False,
847788,184,Notifications,Webhook Retries,P2,2026-05-16 08:41:17.000000000,True,220,False,2026-05-16 09:29:04.763559082,2026-05-16 14:20:48.145199390,0.796600988633889,5.658651444275001,False,False,False,False,False,1.0
847789,133,Fulfilment & Logistics,Carrier Sync Failure,P2,2026-03-17 09:11:56.000000000,True,206,False,2026-03-17 10:43:00.477414198,2026-03-17 22:16:59.237759027,1.5179103928327775,13.084232710840832,True,True,False,False,False,
847790,128,API Integrations,Rate Limiting,P2,2025-05-09 19:56:29.000000000,True,205,False,2025-05-09 20:56:36.574092038,2025-05-11 00:24:12.696737316,1.002103914455,28.462137982587777,True,True,True,False,False,
847791,115,API Integrations,Webhook Failures,P2,2025-04-14 03:43:52.000000000,True,214,False,2025-04-14 04:12:23.354574365,2025-04-14 14:01:25.363000992,0.4753762706569444,10.292600833608889,False,True,True,False,False,
847792,205,Payments & Checkout,Payout Delays,P3,2025-09-30 23:22:03.000000000,True,207,False,2025-10-01 01:25:22.954003251,2025-10-01 20:16:53.608981569,2.0555427786808336,20.91405805043584,False,False,False,False,False,
847793,110,Fulfilment & Logistics,Carrier Sync Failure,P4,2025-09-04 16:31:07.000000000,True,209,False,2025-09-05 00:11:12.362897944,2025-09-06 13:25:58.777695718,7.66815636054,44.914382693255,False,False,False,False,False,
847794,139,Fulfilment & Logistics,Inventory Mismatch,P4,2025-06-09 23:55:35.000000000,True,216,False,2025-06-10 05:01:58.003028111,2025-06-11 11:19:16.204699462,5.106389730030834,35.39477908318389,False,False,False,False,False,1.0
847795,102,API Integrations,Authentication Error,P3,2025-11-26 09:33:39.000000000,True,211,False,2025-11-26 10:24:32.453481828,2025-11-27 01:57:16.920932044,0.84818152273,16.393866925567778,False,False,False,False,False,
847796,140,Notifications,SMS Gateway Drag,P4,2025-12-10 09:58:52.000000000,True,220,False,2025-12-10 16:20:56.839603819,2025-12-12 06:56:58.849476839,6.368011001060833,44.968569299121945,False,False,False,False,False,
847797,135,Fulfilment & Logistics,Label Generation,P3,2025-03-04 18:35:54.000000000,True,209,False,2025-03-04 21:46:26.897391308,2025-03-05 22:48:43.370976928,3.175804830918889,28.213714160257776,False,True,False,False,False,
847798,190,Account Access,2FA Reset,P2,2026-03-12 15:42:05.000000000,True,203,False,2026-03-12 16:24:20.317781562,2026-03-12 21:46:33.482309598,0.7042549393227778,6.074578419332777,False,False,False,False,False,
847799,124,Notifications,Email Delivery Failure,P4,2026-06-04 03:42:13.000000000,True,220,False,2026-06-04 09:59:33.403248139,2026-06-05 15:13:11.491519865,6.289000902260833,35.516247644406945,False,False,False,False,False,
847800,207,Payments & Checkout,3DS Authentication,P4,2025-09-07 04:40:20.000000000,True,217,False,2025-09-07 12:41:00.882964698,2025-09-10 19:55:00.270392564,8.011356379082779,87.24451955349001,False,True,False,False,False,
847801,173,Fulfilment & Logistics,Tracking Updates,P3,2026-05-01 23:34:13.000000000,True,217,True,2026-05-02 05:50:37.692154510,2026-05-03 19:23:36.448980546,6.2735255984750005,43.82318027237389,True,True,True,False,False,
847802,208,Notifications,SMS Gateway Drag,P4,2026-03-21 09:24:10.000000000,True,218,False,2026-03-21 17:51:43.901845606,2026-03-22 16:15:52.962568678,8.459417179335,30.861934046855,False,False,False,False,False,
847803,179,Fulfilment & Logistics,Tracking Updates,P4,2025-02-27 17:40:58.000000000,True,210,False,2025-02-28 02:39:46.796941788,2025-03-01 23:30:51.267367298,8.980221372718889,53.831463157582775,False,True,False,False,False,
847804,132,Payments & Checkout,Payout Delays,P2,2025-07-23 12:10:22.000000000,True,204,False,2025-07-23 14:29:50.950951039,2025-07-24 11:47:14.104920072,2.324708597510833,23.61447358890889,True,True,False,False,False,
847805,133,Fulfilment & Logistics,Inventory Mismatch,P3,2025-05-04 07:55:14.000000000,True,208,False,2025-05-04 10:54:18.236563742,2025-05-05 18:08:45.897824502,2.9845101565950003,34.22552717347278,False,True,False,False,False,
847806,168,Fulfilment & Logistics,Tracking Updates,P2,2025-09-13 07:02:29.000000000,True,210,False,2025-09-13 09:01:32.029431012,2025-09-13 22:35:18.884683200,1.9841748419477776,15.547190189777778,True,True,False,False,False,
847807,120,Notifications,Template Syntax Error,P4,2026-04-01 13:44:13.000000000,True,220,False,2026-04-01 20:59:26.256076024,2026-04-02 17:28:28.945057315,7.25368224334,27.73776251592083,False,False,False,False,False,0.78
847808,192,Account Access,2FA Reset,P3,2025-07-15 09:08:32.000000000,True,213,False,2025-07-15 11:19:33.974749290,2025-07-15 19:52:39.614584044,2.1838818748027777,10.73544849556778,False,False,False,False,False,
847809,111,Account Access,User Permissions,P3,2026-06-06 11:30:33.000000000,True,202,False,2026-06-06 14:44:35.764491738,2026-06-07 04:48:40.809947445,3.234101247705,17.302169429845833,False,False,True,False,False,
847810,148,Payments & Checkout,Card Declines,P3,2025-09-18 10:10:40.000000000,True,207,False,2025-09-18 12:40:04.902857546,2025-09-19 15:19:04.537851851,2.490250793762778,29.140149403291943,False,True,True,False,False,
847811,131,API Integrations,Endpoint Timeout,P4,2025-02-14 13:50:55.000000000,True,201,False,2025-02-14 20:36:30.723860300,2025-02-17 11:42:21.868781659,6.759923294527778,69.85746355046084,False,True,False,False,False,
847812,130,API Integrations,Webhook Failures,P2,2025-03-03 09:11:31.000000000,True,205,False,2025-03-03 10:11:36.371501946,2025-03-04 00:42:40.853547253,1.001492083873889,15.519403763125831,True,True,True,False,False,
847813,126,Account Access,User Permissions,P4,2026-04-04 16:02:10.000000000,True,219,False,2026-04-04 21:58:02.802055098,2026-04-05 23:42:50.135268971,5.931333904193889,31.677815352491944,False,False,False,False,False,
847814,206,Account Access,Password Reset,P1,2026-01-29 17:20:25.000000000,True,212,False,2026-01-29 17:32:45.586459024,2026-01-29 19:08:28.675611091,0.2057184608399999,1.8010210030808331,False,False,False,False,False,
847815,115,Account Access,Password Reset,P3,2025-11-17 23:27:55.000000000,True,213,False,2025-11-18 01:18:14.419752090,2025-11-18 10:05:41.991779068,1.838727708913889,10.62971993863,False,False,False,False,False,
847816,137,Notifications,SMS Gateway Drag,P2,2026-01-02 15:08:40.000000000,True,212,True,2026-01-02 16:04:00.288153427,2026-01-02 22:39:43.592380435,0.9223022648408332,7.517664550120833,False,False,True,False,False,
847817,168,Fulfilment & Logistics,Tracking Updates,P3,2025-11-27 11:09:56.000000000,True,210,False,2025-11-27 14:01:25.092658320,2025-11-28 17:40:05.940042270,2.858081293977777,30.50276112285277,False,True,False,False,False,
847818,177,Fulfilment & Logistics,Tracking Updates,P3,2026-05-17 21:58:51.000000000,True,209,False,2026-05-18 00:29:46.909075852,2026-05-19 10:18:41.638626166,2.5155302988477777,36.330732951712776,False,True,False,False,False,
847819,196,Account Access,User Permissions,P2,2026-06-08 13:11:07.000000000,True,201,True,2026-06-08 16:11:07.682300022,2026-06-09 11:28:23.803029000,3.000189527783889,22.28800084138889,True,True,False,False,False,
847820,113,API Integrations,Webhook Failures,P2,2025-12-07 20:14:39.000000000,True,209,True,2025-12-07 22:59:16.836385944,2025-12-09 13:59:51.284429803,2.74384344054,41.75341234161194,True,True,False,False,False,
847821,187,Fulfilment & Logistics,Label Generation,P4,2025-10-03 15:32:09.000000000,True,206,False,2025-10-03 21:05:02.813822946,2025-10-05 14:08:59.064105927,5.548281617484999,46.61390669609084,False,False,False,False,False,
847822,209,Account Access,User Permissions,P3,2026-04-11 00:58:06.000000000,True,209,True,2026-04-11 05:23:31.401803271,2026-04-12 13:30:40.973022994,4.423722723130833,36.54304806194278,True,True,False,False,False,
847823,208,Account Access,Password Reset,P2,2025-10-03 00:27:41.000000000,True,203,False,2025-10-03 01:10:35.106111796,2025-10-03 04:49:04.978888308,0.7150294754988888,4.356660802307778,False,False,False,False,False,0.99
847824,101,Notifications,Template Syntax Error,P4,2025-06-26 07:55:29.000000000,True,203,True,2025-06-26 17:06:34.064234766,2025-06-28 07:50:29.545576977,9.18474006521278,47.91681821582694,False,False,False,False,False,
847825,113,API Integrations,Authentication Error,P2,2025-11-23 06:59:45.000000000,True,205,False,2025-11-23 08:22:54.536881524,2025-11-24 04:40:44.061345841,1.38598246709,21.683072596066943,True,True,False,False,False,
847826,117,Fulfilment & Logistics,Inventory Mismatch,P2,2025-02-27 14:04:43.000000000,True,211,True,2025-02-27 14:59:33.542635006,2025-02-28 00:20:33.851225062,0.914039620835,10.264125340295,False,True,False,False,False,
847827,124,Account Access,SSO Failure,P3,2025-12-09 21:00:39.000000000,True,213,False,2025-12-09 23:26:41.136914458,2025-12-10 13:52:42.163595214,2.433926920682778,16.867545443115,False,False,False,False,False,
847828,108,Fulfilment & Logistics,Inventory Mismatch,P2,2025-08-14 07:54:59.000000000,True,206,False,2025-08-14 09:34:32.114920691,2025-08-14 22:48:09.761164242,1.6591985890808334,14.88632254562278,True,True,False,False,False,
847829,119,API Integrations,Webhook Failures,P3,2025-02-05 10:33:24.000000000,True,207,True,2025-02-05 14:24:24.954784148,2025-02-08 03:27:02.452621182,3.850265217818889,64.894014616995,False,True,True,False,False,0.33
847830,145,Account Access,2FA Reset,P3,2026-04-29 17:21:56.000000000,True,203,False,2026-04-29 19:18:25.985433108,2026-04-30 09:18:27.787542197,1.9416626203077776,15.942163206165834,False,False,False,False,False,
847831,203,API Integrations,Rate Limiting,P2,2026-04-07 07:21:45.000000000,True,214,False,2026-04-07 08:00:06.924922866,2026-04-07 17:57:38.228410886,0.639423589685,10.598119003023887,False,True,False,False,False,
847832,141,API Integrations,Webhook Failures,P4,2026-05-21 04:33:22.000000000,True,214,False,2026-05-21 09:22:14.221444706,2026-05-24 10:45:39.187610251,4.814505956862778,78.20477433618083,False,True,True,False,False,
847833,126,Fulfilment & Logistics,Tracking Updates,P4,2026-04-21 18:18:57.000000000,True,208,False,2026-04-22 02:38:13.083330808,2026-04-24 07:09:39.147243150,8.321134258557779,60.845040900875,False,True,False,False,False,
847834,155,API Integrations,Endpoint Timeout,P4,2026-01-12 14:46:28.000000000,True,205,False,2026-01-12 20:46:26.594001773,2026-01-16 05:14:06.036511968,5.999609444936945,86.46056569776889,False,True,False,False,False,
847835,162,Fulfilment & Logistics,Tracking Updates,P3,2025-01-06 21:01:19.000000000,True,209,False,2025-01-07 00:33:55.118552178,2025-01-08 07:36:53.993039171,3.5433662644938893,34.59305362199194,False,True,False,False,False,
847836,181,Account Access,User Permissions,P4,2025-05-25 19:35:13.000000000,True,202,False,2025-05-26 05:31:55.976161214,2025-05-28 15:04:34.223328910,9.945271155892778,67.489228702475,False,True,False,False,False,
847837,192,Account Access,2FA Reset,P4,2025-03-09 07:46:24.000000000,True,220,True,2025-03-09 16:45:02.607662499,2025-03-12 12:49:50.887720032,8.977391017360834,77.05746881112,False,True,False,False,False,
847838,209,Account Access,User Permissions,P4,2026-04-29 21:39:17.000000000,True,204,True,2026-04-30 06:49:30.873529690,2026-05-02 20:34:54.088956524,9.170520424913889,70.92696915459,False,True,False,False,False,
847839,145,Account Access,SSO Failure,P4,2026-05-24 15:21:22.000000000,True,213,False,2026-05-24 19:41:17.793363908,2026-05-25 14:11:34.658613186,4.332164823307778,22.83684961477389,False,False,False,False,False,
847840,172,Payments & Checkout,Card Declines,P4,2025-05-04 13:06:38.000000000,True,207,False,2025-05-04 19:53:05.495918660,2025-05-07 10:57:47.086952970,6.77430442185,69.85252415360279,False,True,False,False,False,0.78
847841,169,Account Access,User Permissions,P4,2026-06-23 19:38:33.000000000,True,213,False,2026-06-24 01:17:31.378970558,2026-06-24 20:55:55.589970885,5.649549714043888,25.28960832524584,False,False,False,False,False,
847842,180,Notifications,Webhook Retries,P3,2025-08-14 01:47:09.000000000,True,220,False,2025-08-14 05:12:25.455135255,2025-08-14 17:17:29.166017378,3.4212375375708337,15.505601671493888,False,False,False,False,False,
847843,167,Fulfilment & Logistics,Tracking Updates,P4,2025-07-17 16:49:45.000000000,True,213,True,2025-07-18 00:52:25.569650530,2025-07-19 12:28:20.181457206,8.044602680702777,43.643105960335,False,False,False,False,False,0.92
847844,180,Fulfilment & Logistics,Carrier Sync Failure,P3,2025-07-12 03:35:47.000000000,True,216,False,2025-07-12 05:54:11.817572972,2025-07-13 02:05:06.261882586,2.3068937702700003,22.488683856273887,False,False,False,False,False,0.95
847845,130,API Integrations,Rate Limiting,P3,2026-01-13 19:15:02.000000000,True,205,False,2026-01-13 21:51:47.087389092,2026-01-15 13:48:49.300428036,2.612524274747777,42.563139007787775,False,True,True,False,False,
847846,126,Payments & Checkout,3DS Authentication,P1,2025-09-04 21:09:26.000000000,True,207,False,2025-09-04 21:42:22.641749478,2025-09-05 02:43:27.403969854,0.5490671526327778,5.567056658292778,True,True,False,False,False,
847847,136,Payments & Checkout,Refund Processing,P3,2025-06-24 17:07:11.000000000,True,204,False,2025-06-24 20:35:27.565670285,2025-06-26 10:50:43.173007530,3.471268241745833,41.72560361320277,False,True,True,False,False,
847848,113,Payments & Checkout,Card Declines,P3,2025-04-22 14:52:19.000000000,True,203,True,2025-04-22 18:30:30.303784916,2025-04-24 15:33:56.845046579,3.6364732735877774,48.69384584627194,False,True,False,False,False,
847849,101,Notifications,Template Syntax Error,P3,2025-01-26 09:42:21.000000000,True,218,False,2025-01-26 12:09:56.586829512,2025-01-27 03:17:01.609387282,2.45988523042,17.57794705202278,False,False,False,False,False,
847850,123,API Integrations,Authentication Error,P3,2026-06-06 22:47:02.000000000,True,205,False,2026-06-07 01:06:11.822334252,2026-06-08 07:02:33.298633341,2.3193950928477776,32.25869406481694,False,True,True,False,False,
847851,104,Payments & Checkout,3DS Authentication,P2,2025-03-07 06:38:54.000000000,True,217,False,2025-03-07 07:39:45.711066799,2025-03-07 20:34:58.173009158,1.0143641852219445,13.93449250254389,True,True,True,False,False,
847852,160,Account Access,User Permissions,P3,2025-12-20 10:29:32.000000000,True,212,False,2025-12-20 11:50:04.389988697,2025-12-20 21:09:56.446618184,1.342330552415833,10.67345739394,False,False,False,False,False,
847853,161,Notifications,Email Delivery Failure,P3,2025-10-31 16:09:15.000000000,True,218,False,2025-10-31 19:25:04.261764970,2025-11-01 09:32:03.123133093,3.263683823602778,17.380034203636946,False,False,False,False,False,
847854,140,Account Access,User Permissions,P4,2026-05-07 19:42:56.000000000,True,212,False,2026-05-07 23:35:37.563632064,2026-05-08 21:09:05.343098607,3.878212120017778,25.435928638501945,False,False,False,False,False,
847855,116,Payments & Checkout,Payout Delays,P4,2026-01-27 12:50:02.000000000,True,207,False,2026-01-27 19:48:58.079976573,2026-01-30 00:17:50.450107998,6.982244437936945,59.463458363332784,False,True,False,False,False,
847856,211,API Integrations,Rate Limiting,P2,2026-06-13 03:34:14.000000000,True,205,False,2026-06-13 04:43:50.199159322,2026-06-14 09:28:33.892145412,1.160055322033889,29.90552559594778,True,True,False,False,False,
847857,187,API Integrations,Rate Limiting,P3,2025-11-26 11:20:38.000000000,True,211,False,2025-11-26 12:25:25.524037829,2025-11-26 23:49:05.671561187,1.0798677882858334,12.474353211440834,False,False,False,False,False,
847858,139,Account Access,Password Reset,P3,2026-01-19 02:55:47.000000000,True,219,False,2026-01-19 05:02:48.615084550,2026-01-19 16:57:58.397911438,2.1171153012638886,14.036499419843889,False,False,False,False,False,
847859,113,Payments & Checkout,Card Declines,P3,2026-05-25 14:12:03.000000000,True,202,True,2026-05-25 18:34:21.679707048,2026-05-28 07:36:57.819271807,4.37185547418,65.41522757550194,True,True,False,False,False,
847860,125,Notifications,Webhook Retries,P3,2025-12-25 12:55:19.000000000,True,220,False,2025-12-25 15:57:30.904986932,2025-12-26 01:12:44.548012276,3.036640274147778,12.29043000341,False,False,False,False,False,0.99
847861,110,Payments & Checkout,Payout Delays,P3,2025-02-11 20:30:00.000000000,True,217,False,2025-02-11 23:39:07.971380002,2025-02-13 13:51:31.888676869,3.152214272222778,41.35885796579695,False,True,False,False,False,
847862,114,API Integrations,Endpoint Timeout,P3,2026-06-19 23:58:22.000000000,True,205,False,2026-06-20 01:46:53.425423588,2026-06-21 04:59:43.181364810,1.80872928433,29.02255037911389,False,True,False,False,False,
847863,124,Fulfilment & Logistics,Tracking Updates,P2,2025-11-12 02:55:47.000000000,True,206,False,2025-11-12 04:11:50.474429052,2025-11-12 16:33:43.637668265,1.267631785847778,13.632399352295833,True,True,False,False,False,
847864,182,API Integrations,Webhook Failures,P4,2025-04-06 16:55:34.000000000,True,220,True,2025-04-07 02:49:02.714200820,2025-04-12 06:10:41.003524272,9.89130950022778,133.2519454234089,False,True,False,False,False,
847865,182,API Integrations,Authentication Error,P2,2025-12-15 13:58:56.000000000,True,214,False,2025-12-15 14:38:57.061441346,2025-12-16 02:08:09.828573087,0.6669615114849999,12.153841270301944,False,True,False,False,False,
847866,157,Fulfilment & Logistics,Inventory Mismatch,P2,2025-09-11 20:47:09.000000000,True,216,False,2025-09-11 21:35:39.444460639,2025-09-12 06:50:46.796490007,0.8084567946219445,10.060499025001944,False,True,False,False,False,
847867,186,Payments & Checkout,3DS Authentication,P4,2026-06-10 04:09:02.000000000,True,204,False,2026-06-10 12:27:33.798499151,2026-06-12 20:09:24.581447577,8.308832916430832,64.00627262432694,False,True,True,False,False,0.43
847868,106,Payments & Checkout,Payout Delays,P3,2025-07-10 21:20:39.000000000,True,207,False,2025-07-11 00:00:31.547363312,2025-07-12 09:11:07.773315344,2.664596489808889,35.84132592092889,False,True,False,False,False,
847869,128,Notifications,Template Syntax Error,P3,2025-07-08 09:57:47.000000000,True,211,True,2025-07-08 11:34:58.435559099,2025-07-08 16:51:49.755963155,1.6198432108608334,6.900765545320833,False,False,True,False,False,
847870,109,Account Access,2FA Reset,P3,2025-08-27 00:47:13.000000000,True,212,False,2025-08-27 02:43:31.765180387,2025-08-27 14:58:55.644963774,1.938545883440833,14.195179156603889,False,False,False,False,False,
847871,182,Account Access,Password Reset,P3,2026-01-18 21:32:18.000000000,True,219,False,2026-01-18 23:55:26.778007323,2026-01-19 17:39:50.899968541,2.385771668700833,20.12580554681694,False,False,False,False,False,
847872,212,Account Access,2FA Reset,P3,2025-04-27 00:18:12.000000000,True,212,False,2025-04-27 02:06:04.521129571,2025-04-27 10:30:39.496109041,1.7979225359919444,10.207637808066943,False,False,False,False,False,
847873,129,API Integrations,Authentication Error,P2,2026-04-16 05:12:56.000000000,True,211,False,2026-04-16 05:40:54.695263967,2026-04-16 17:31:53.276318578,0.4663042399908333,12.315910088493888,False,True,False,False,False,
847874,155,Payments & Checkout,Refund Processing,P3,2025-02-07 09:25:10.000000000,True,204,False,2025-02-07 13:07:51.589784004,2025-02-09 12:12:38.017189870,3.711552717778889,50.791115886075005,False,True,False,False,False,
847875,207,Fulfilment & Logistics,Inventory Mismatch,P2,2026-05-10 04:16:19.000000000,True,208,False,2026-05-10 06:27:19.286977548,2026-05-11 03:28:03.328112170,2.183413049318889,23.195646697825,True,True,False,False,False,0.8
847876,117,Notifications,Email Delivery Failure,P4,2025-08-18 16:47:05.000000000,True,208,True,2025-08-19 03:20:56.701044136,2025-08-21 05:05:57.008126343,10.56436140114889,60.314446701761945,False,True,False,False,False,
847877,121,API Integrations,Authentication Error,P4,2025-06-17 04:23:35.000000000,True,201,False,2025-06-17 10:09:53.964723976,2025-06-20 05:04:33.281541683,5.771934645548889,72.68285598380083,False,True,False,False,False,
847878,117,API Integrations,Authentication Error,P3,2025-03-08 04:06:00.000000000,True,215,True,2025-03-08 08:23:42.552265657,2025-03-11 23:00:19.853006886,4.295153407126945,90.905514724135,True,True,True,False,False,
847879,141,Notifications,SMS Gateway Drag,P4,2025-01-21 22:35:06.000000000,True,220,False,2025-01-22 07:00:02.051512174,2025-01-23 03:12:39.117379633,8.415569864492777,28.625865938786944,False,False,False,False,False,
847880,178,Account Access,User Permissions,P2,2026-04-15 11:26:54.000000000,True,203,False,2026-04-15 12:05:45.583635182,2026-04-15 15:48:34.303054864,0.6476621208838889,4.3611952930177775,False,False,False,False,False,
847881,113,Account Access,SSO Failure,P1,2025-04-08 13:38:47.000000000,True,213,False,2025-04-08 13:57:50.814459442,2025-04-08 15:05:53.463572148,0.3177262387338889,1.4517954367077777,True,False,False,False,False,
847882,102,Fulfilment & Logistics,Label Generation,P4,2025-11-25 23:43:25.000000000,True,216,False,2025-11-26 03:48:04.353454156,2025-11-27 07:00:27.875163856,4.07759818171,31.28413198996,False,False,True,False,False,
847883,186,Payments & Checkout,Card Declines,P4,2025-09-15 08:13:42.000000000,True,218,True,2025-09-15 19:58:32.467835256,2025-09-20 00:01:56.531086425,11.74735217646,111.80403641289584,False,True,False,False,False,
847884,134,Payments & Checkout,Refund Processing,P3,2025-08-23 01:48:27.000000000,True,202,True,2025-08-23 06:30:56.898928972,2025-08-26 08:47:34.495042790,4.708305258047778,78.98541528966389,True,True,False,False,False,
847885,118,Payments & Checkout,Refund Processing,P4,2025-02-07 00:04:50.000000000,True,207,False,2025-02-07 05:05:21.495059788,2025-02-10 06:58:41.507312381,5.008748627718889,78.89764092010583,False,True,True,False,False,
847886,121,Account Access,SSO Failure,P4,2025-09-23 15:20:10.000000000,True,213,False,2025-09-23 20:26:30.800907604,2025-09-24 12:38:53.356006230,5.10577802989,21.312043335063887,False,False,False,False,False,
847887,200,API Integrations,Endpoint Timeout,P3,2025-02-23 04:59:43.000000000,True,211,False,2025-02-23 05:51:43.448556674,2025-02-24 03:29:19.633454602,0.8667912657427778,22.493509292945,False,False,False,False,False,
847888,157,Notifications,Template Syntax Error,P1,2026-06-13 18:10:19.000000000,True,218,False,2026-06-13 18:36:47.079730106,2026-06-13 21:40:26.875015926,0.4411332583627778,3.502187504423889,True,True,False,False,False,
847889,147,Payments & Checkout,3DS Authentication,P4,2025-04-09 19:31:54.000000000,True,209,True,2025-04-10 05:39:53.883897082,2025-04-13 10:18:20.671175029,10.133301082522776,86.77407532639695,False,True,False,False,False,
847890,202,Notifications,SMS Gateway Drag,P1,2025-07-24 12:22:59.000000000,True,218,False,2025-07-24 12:57:46.822963293,2025-07-24 14:51:45.536131222,0.5799508231369445,2.479593369783889,True,True,False,False,False,0.68
847891,135,Fulfilment & Logistics,Carrier Sync Failure,P3,2026-01-04 11:48:24.000000000,True,205,True,2026-01-04 15:40:17.509518972,2026-01-05 21:36:32.494918614,3.86486375527,33.802359699615,False,True,False,False,False,
847892,124,Payments & Checkout,Payout Delays,P3,2025-03-11 16:24:20.000000000,True,207,False,2025-03-11 19:10:01.089338925,2025-03-13 01:24:38.547612128,2.7614137052569445,33.00515211448,False,True,False,False,False,
847893,160,Notifications,Webhook Retries,P4,2026-06-03 07:49:12.000000000,True,218,False,2026-06-03 14:37:27.851617354,2026-06-04 22:44:06.681407838,6.804403227042778,38.915189279955,False,False,False,False,False,
847894,128,Fulfilment & Logistics,Carrier Sync Failure,P4,2025-04-01 04:11:33.000000000,True,210,False,2025-04-01 09:52:28.946892396,2025-04-03 16:20:14.958120883,5.682207470110001,60.144988366911946,False,True,False,False,False,
847895,153,Payments & Checkout,Refund Processing,P2,2025-01-29 08:26:01.000000000,True,204,False,2025-01-29 10:26:01.712796990,2025-01-30 12:41:59.766306374,2.000197999163889,28.26632397399278,True,True,True,False,False,
847896,134,Fulfilment & Logistics,Inventory Mismatch,P3,2026-02-21 12:15:35.000000000,True,208,False,2026-02-21 15:42:29.781498996,2026-02-22 07:06:15.670070658,3.448550416387778,18.844630575182777,False,False,False,False,False,
847897,125,Notifications,SMS Gateway Drag,P3,2025-07-18 13:36:30.000000000,True,217,True,2025-07-18 18:27:57.385754310,2025-07-19 21:36:39.808731100,4.857607153975,32.00272464752778,True,True,False,False,False,
847898,157,Payments & Checkout,Payout Delays,P3,2025-08-06 00:29:38.000000000,True,217,False,2025-08-06 03:21:04.912579328,2025-08-07 08:15:57.462438884,2.85747571648,31.77207289969,False,True,True,False,False,
847899,200,API Integrations,Endpoint Timeout,P3,2025-12-03 21:49:39.000000000,True,211,False,2025-12-03 22:48:08.916363770,2025-12-04 16:17:07.232906770,0.9749767677138887,18.45784247410278,False,False,False,False,False,
847900,173,Notifications,Webhook Retries,P4,2025-07-05 04:21:05.000000000,True,214,True,2025-07-05 12:29:00.841578536,2025-07-06 21:50:16.945238496,8.13217821626,41.48665145513778,False,False,False,False,False,0.98
847901,172,Account Access,SSO Failure,P4,2026-05-08 20:17:58.000000000,True,219,False,2026-05-09 01:08:25.729412422,2026-05-10 05:19:52.703342729,4.841035947895,33.031862039646946,False,False,False,False,False,
847902,167,Notifications,SMS Gateway Drag,P2,2026-03-16 22:51:18.000000000,True,204,True,2026-03-17 02:14:38.887771560,2026-03-17 23:59:50.441127673,3.3891354921,25.142344757686946,True,True,False,False,False,
847903,128,Notifications,Email Delivery Failure,P4,2026-04-21 07:48:48.000000000,True,220,False,2026-04-21 14:43:04.267183743,2026-04-22 19:00:15.499573395,6.904518662150833,35.19097210372083,False,False,False,False,False,
847904,190,Notifications,Webhook Retries,P2,2025-07-24 00:06:26.000000000,True,216,True,2025-07-24 01:25:07.125015584,2025-07-24 11:45:34.019110512,1.31142361544,11.65222753069778,True,True,False,False,False,
847905,184,Payments & Checkout,Payout Delays,P4,2025-12-13 15:08:14.000000000,True,217,False,2025-12-13 23:17:48.848809751,2025-12-17 20:10:19.013615551,8.159680224930835,101.03472600431972,False,True,False,False,False,
847906,117,Fulfilment & Logistics,Inventory Mismatch,P4,2025-11-11 11:03:03.000000000,True,206,False,2025-11-11 16:34:46.779129985,2025-11-13 17:07:45.107263460,5.528827536106944,54.078363128738886,False,True,True,False,False,
847907,157,Account Access,Password Reset,P2,2025-01-10 20:17:44.000000000,True,219,False,2025-01-10 20:47:48.304020600,2025-01-11 02:14:46.501612046,0.5011955612777778,5.950694892235,False,False,False,False,False,
847908,183,Fulfilment & Logistics,Label Generation,P4,2025-01-10 14:52:27.000000000,True,208,False,2025-01-10 21:02:24.271881916,2025-01-12 09:00:32.086734864,6.1659088560877775,42.13474631524,False,False,False,False,False,
847909,168,Account Access,2FA Reset,P4,2026-06-30 13:28:06.000000000,True,203,False,2026-06-30 18:03:07.284058352,2026-07-02 07:39:04.308775204,4.583690016208889,42.182863548667775,False,False,False,False,False,
847910,147,API Integrations,Authentication Error,P3,2025-03-14 16:37:03.000000000,True,201,False,2025-03-14 18:53:24.522646822,2025-03-16 17:40:06.105305344,2.272645179672778,49.05086258481778,False,True,True,False,False,
847911,157,API Integrations,Rate Limiting,P3,2025-03-04 13:18:50.000000000,True,214,False,2025-03-04 15:09:47.492912620,2025-03-05 11:41:23.672315216,1.849303586838889,22.37602008756,False,False,False,False,False,
847912,105,Payments & Checkout,3DS Authentication,P2,2025-11-29 23:12:47.000000000,True,217,False,2025-11-30 00:29:52.553782390,2025-11-30 15:57:17.138357674,1.284876050663889,16.741705099353887,True,True,False,False,False,
847913,133,API Integrations,Endpoint Timeout,P2,2026-04-08 01:19:48.000000000,True,209,True,2026-04-08 04:12:04.245049072,2026-04-10 16:29:31.504715376,2.8711791802977777,63.16208464316,True,True,False,False,False,
847914,196,Fulfilment & Logistics,Carrier Sync Failure,P3,2026-01-10 17:40:29.000000000,True,214,True,2026-01-10 20:51:26.434408778,2026-01-11 20:55:45.883228196,3.182620669105,27.25468978561,False,True,False,False,False,
847915,162,Notifications,SMS Gateway Drag,P3,2026-03-29 07:26:28.000000000,True,202,True,2026-03-29 12:24:41.599829192,2026-03-30 11:10:54.205850122,4.970444396997778,27.740612736145,True,True,False,False,False,0.55
847916,195,Fulfilment & Logistics,Carrier Sync Failure,P3,2026-06-29 21:07:23.000000000,True,208,False,2026-06-30 00:00:03.866828092,2026-07-01 06:04:44.556582473,2.878018563358889,32.955987939575834,False,True,False,False,False,
847917,209,Account Access,Password Reset,P4,2025-10-30 06:24:42.000000000,True,202,False,2025-10-30 13:00:35.129860206,2025-11-01 19:16:38.358115905,6.598091627835,60.86565503219583,False,True,False,False,False,
847918,177,Account Access,SSO Failure,P4,2026-06-13 05:53:13.000000000,True,219,False,2026-06-13 11:05:52.340079035,2026-06-14 14:04:05.945561351,5.2109277997319445,32.18137376704195,False,False,False,False,False,
847919,170,Fulfilment & Logistics,Inventory Mismatch,P3,2025-05-24 08:35:54.000000000,True,206,False,2025-05-24 10:56:13.863996284,2025-05-25 00:16:19.129433359,2.338851110078889,15.673647064821944,False,False,False,False,False,
847920,156,Payments & Checkout,Refund Processing,P3,2026-06-05 04:31:42.000000000,True,215,False,2026-06-05 07:03:50.414961057,2026-06-06 13:16:12.188433775,2.5356708225158333,32.741719009381946,False,True,False,False,False,
847921,111,Account Access,Password Reset,P3,2025-01-20 06:25:14.000000000,True,212,False,2025-01-20 08:13:51.731971368,2025-01-20 19:50:22.185962543,1.8104811031577777,13.418940545150834,False,False,False,False,False,
847922,155,Notifications,Email Delivery Failure,P4,2025-07-30 19:13:25.000000000,True,220,False,2025-07-31 02:45:03.458438064,2025-08-01 14:52:47.784863608,7.527349566128889,43.65632912878,False,False,False,False,False,
847923,129,Fulfilment & Logistics,Carrier Sync Failure,P1,2025-03-05 23:08:26.000000000,True,209,False,2025-03-05 23:43:37.564433506,2025-03-06 03:02:28.648468890,0.586545675973889,3.9007356858027777,True,True,False,False,False,
847924,143,Account Access,2FA Reset,P4,2025-12-16 11:58:33.000000000,True,212,False,2025-12-16 15:11:10.689094807,2025-12-17 09:05:38.869159582,3.2104691930019444,21.118296988772777,False,False,False,False,False,
847925,108,Notifications,Template Syntax Error,P4,2025-12-31 09:25:09.000000000,True,220,False,2025-12-31 17:09:37.760980614,2026-01-01 11:28:03.043832961,7.741322494615,26.04834550915584,False,False,False,False,False,
847926,139,Notifications,SMS Gateway Drag,P3,2025-09-13 00:02:49.000000000,True,215,True,2025-09-13 05:08:16.268224720,2025-09-14 05:56:39.303532602,5.0909078402,29.89730653683389,True,True,False,False,False,
847927,193,Payments & Checkout,Payout Delays,P4,2025-10-27 08:33:24.000000000,True,208,True,2025-10-27 18:41:38.602247656,2025-10-30 18:17:30.896807160,10.137389513237778,81.7352491131,False,True,True,False,False,
847928,201,API Integrations,Webhook Failures,P4,2025-06-08 14:58:42.000000000,True,211,False,2025-06-08 17:14:37.764879566,2025-06-09 15:04:06.045921553,2.265490244323889,24.090012755986944,False,False,False,False,False,0.81
847929,143,API Integrations,Endpoint Timeout,P3,2026-01-28 14:58:05.000000000,True,205,False,2026-01-28 17:08:54.037432073,2026-01-29 13:51:10.363640517,2.180288175575833,22.884823233476943,False,False,False,False,False,0.94
847930,166,Notifications,Template Syntax Error,P4,2025-10-27 21:55:50.000000000,True,218,False,2025-10-28 03:38:39.112818812,2025-10-29 09:55:10.624777138,5.713642449669999,35.98906243809389,False,False,False,False,False,
847931,113,Account Access,Password Reset,P3,2025-07-20 17:24:58.000000000,True,202,False,2025-07-20 21:15:18.675124758,2025-07-21 17:36:54.581552431,3.839076423543889,24.19905043123084,False,True,False,False,False,
847932,127,Notifications,SMS Gateway Drag,P4,2025-12-26 11:48:06.000000000,True,218,False,2025-12-26 18:58:48.216632248,2025-12-27 16:11:01.267820108,7.178393508957778,28.38201883891889,False,False,False,False,False,0.89
847933,184,Fulfilment & Logistics,Inventory Mismatch,P3,2026-06-05 03:45:05.000000000,True,208,False,2026-06-05 06:16:32.467460123,2026-06-06 14:22:07.233250724,2.5242965167008333,34.61728701409,False,True,False,False,False,
847934,203,API Integrations,Webhook Failures,P1,2026-06-24 06:12:49.000000000,True,209,True,2026-06-24 06:57:22.256039718,2026-06-24 16:12:56.233387127,0.7425711221438889,10.002009274201946,True,True,True,False,False,
847935,145,Account Access,Password Reset,P3,2025-11-11 03:05:52.000000000,True,212,False,2025-11-11 04:47:52.669728592,2025-11-11 13:49:19.113605723,1.70018603572,10.724198223811946,False,False,False,False,False,
847936,168,API Integrations,Webhook Failures,P3,2026-04-11 23:37:52.000000000,True,211,False,2026-04-12 00:36:51.298487320,2026-04-12 21:57:46.177542893,0.9831384687,22.331715984136945,False,False,False,False,False,
847937,209,Payments & Checkout,3DS Authentication,P4,2025-04-29 02:21:12.000000000,True,206,True,2025-04-29 09:10:05.738238866,2025-05-02 17:32:57.948554944,6.814927288573889,87.19609682081779,False,True,True,False,False,
847938,141,API Integrations,Endpoint Timeout,P1,2025-04-16 12:42:49.000000000,True,205,False,2025-04-16 13:11:54.505355928,2025-04-16 18:37:04.000942099,0.4848625988688889,5.904166928360833,True,True,True,False,False,
847939,122,Payments & Checkout,Card Declines,P1,2025-06-17 08:51:27.000000000,True,207,False,2025-06-17 09:17:22.543561251,2025-06-17 12:32:42.205344489,0.4320954336808333,3.6875570401358337,True,True,False,False,False,
847940,169,Fulfilment & Logistics,Tracking Updates,P3,2026-04-19 12:40:34.000000000,True,206,False,2026-04-19 14:59:16.841780088,2026-04-20 12:58:57.218420705,2.311900494468889,24.306449561306945,False,True,False,False,False,
847941,176,Account Access,SSO Failure,P3,2025-02-24 08:35:45.000000000,True,203,False,2025-02-24 10:33:40.403396553,2025-02-24 23:56:28.105438186,1.9653898323758328,15.345307066162778,False,False,False,False,False,
847942,171,Fulfilment & Logistics,Inventory Mismatch,P3,2026-04-09 07:48:10.000000000,True,216,False,2026-04-09 10:00:40.185579491,2026-04-10 05:23:48.073062734,2.2083848831919446,21.593909184092777,False,False,False,False,False,
847943,206,Fulfilment & Logistics,Tracking Updates,P3,2026-06-15 22:52:05.000000000,True,208,False,2026-06-16 01:42:47.367349306,2026-06-16 21:33:36.315795692,2.845102041473889,22.69203216547,False,False,False,False,False,
847944,193,API Integrations,Authentication Error,P3,2025-03-09 09:46:19.000000000,True,218,True,2025-03-09 14:59:46.543514789,2025-03-12 01:56:45.879147230,5.224317642996944,64.17413309645278,True,True,False,False,False,
847945,128,Payments & Checkout,Refund Processing,P3,2025-03-20 12:42:20.000000000,True,207,False,2025-03-20 15:18:18.027363803,2025-03-22 01:17:38.937243366,2.599452045500833,36.588593678712776,False,True,True,False,False,
847946,199,Payments & Checkout,Payout Delays,P2,2025-06-14 06:34:53.000000000,True,204,False,2025-06-14 08:12:29.748532614,2025-06-15 19:51:28.201155033,1.626874592392778,37.27644476528694,True,True,False,False,False,
847947,163,Notifications,Email Delivery Failure,P3,2026-01-19 19:33:58.000000000,True,220,False,2026-01-19 22:35:19.077007459,2026-01-20 08:22:21.577543730,3.0225213909608333,12.806549317702778,False,False,False,False,False,
847948,124,Notifications,Template Syntax Error,P3,2025-10-02 07:09:10.000000000,True,218,False,2025-10-02 09:50:43.818519432,2025-10-03 02:58:30.894596302,2.6927273665088887,19.822470721195,False,False,False,False,False,
847949,149,Fulfilment & Logistics,Tracking Updates,P2,2025-02-14 21:33:43.000000000,True,208,False,2025-02-14 23:28:40.673237136,2025-02-15 13:15:20.687648603,1.916020343648889,15.693802124611944,True,True,False,False,False,
847950,169,Notifications,Template Syntax Error,P3,2026-04-01 02:26:51.000000000,True,220,False,2026-04-01 06:06:26.436954153,2026-04-01 21:11:22.773240193,3.659843598375833,18.742159233386943,False,False,False,False,False,
847951,160,Notifications,SMS Gateway Drag,P3,2026-05-29 19:16:07.000000000,True,220,False,2026-05-29 22:32:27.653482921,2026-05-30 10:51:38.026864530,3.272403745255833,15.59195190681389,False,False,False,False,False,1.0
847952,203,Notifications,Email Delivery Failure,P4,2026-01-03 15:06:45.000000000,True,218,False,2026-01-03 20:31:15.121148116,2026-01-05 02:24:15.699199546,5.408366985587778,35.29186088876278,False,False,False,False,False,
847953,151,Notifications,Email Delivery Failure,P3,2026-01-21 11:29:02.000000000,True,220,False,2026-01-21 14:51:51.095392098,2026-01-22 03:50:45.029744973,3.3803042755827777,16.361952706936943,False,False,False,False,False,
847954,136,API Integrations,Endpoint Timeout,P3,2025-12-05 21:22:05.000000000,True,215,True,2025-12-06 00:50:52.582538348,2025-12-08 13:21:33.572253969,3.4798840384300003,63.99127007054695,False,True,False,False,False,
847955,150,Payments & Checkout,Card Declines,P4,2025-01-14 17:26:16.000000000,True,217,False,2025-01-15 02:58:35.973493045,2025-01-17 08:20:16.209464912,9.538881525845833,62.90005818469778,False,True,False,False,False,
847956,178,Notifications,Email Delivery Failure,P3,2025-10-17 23:52:17.000000000,True,218,False,2025-10-18 02:56:43.850623548,2025-10-18 12:24:55.675642240,3.074125173207778,12.544076567288888,False,False,False,False,False,
847957,200,Payments & Checkout,3DS Authentication,P3,2026-05-05 01:57:08.000000000,True,215,False,2026-05-05 04:42:20.323923826,2026-05-07 04:07:38.543301236,2.7534233121738887,50.17515091701,False,True,False,False,False,
847958,116,Notifications,SMS Gateway Drag,P3,2025-08-26 19:58:39.000000000,True,220,False,2025-08-26 22:48:49.669756664,2025-08-27 20:07:42.676115404,2.836297154628889,24.15102114316777,False,True,False,False,False,
847959,132,Account Access,User Permissions,P3,2025-11-05 23:54:48.000000000,True,212,False,2025-11-06 01:44:59.319169578,2025-11-06 13:39:24.279600716,1.836477547105,13.743411000198888,False,False,False,False,False,
847960,181,Account Access,Password Reset,P4,2025-10-09 18:03:51.000000000,True,203,False,2025-10-10 00:11:04.471049503,2025-10-10 21:49:20.132969450,6.120408624861945,27.75809249151389,False,False,False,False,False,
847961,168,Account Access,SSO Failure,P1,2025-04-28 02:03:59.000000000,True,202,False,2025-04-28 02:31:45.582904815,2025-04-28 04:51:35.457256432,0.4629396957819444,2.793460349008889,True,True,True,False,False,0.4
847962,201,API Integrations,Authentication Error,P3,2026-03-25 15:43:15.000000000,True,210,True,2026-03-25 19:50:25.307019370,2026-03-29 03:24:17.891683784,4.119529727602778,83.6841365788289,True,True,True,False,False,
847963,136,Payments & Checkout,Card Declines,P3,2025-01-12 15:35:13.000000000,True,215,False,2025-01-12 18:42:08.970128666,2025-01-14 19:06:29.874905828,3.1155472579627776,51.52135414050778,False,True,True,False,False,
847964,204,Payments & Checkout,Card Declines,P3,2025-05-19 22:42:08.000000000,True,204,False,2025-05-20 01:12:47.819191940,2025-05-21 15:55:54.551374490,2.51106088665,41.229597604025,False,True,True,False,False,
847965,139,Account Access,Password Reset,P4,2025-12-20 17:10:45.000000000,True,202,False,2025-12-21 00:01:09.149433894,2025-12-23 07:39:00.140612773,6.840041509415,62.47087239243694,False,True,False,False,False,
847966,141,Notifications,SMS Gateway Drag,P3,2026-05-23 20:11:37.000000000,True,203,True,2026-05-23 22:57:50.807891880,2026-05-24 21:45:22.950565229,2.770502192188889,25.562764045896945,False,True,False,False,False,
847967,184,Notifications,Email Delivery Failure,P3,2026-01-09 02:29:24.000000000,True,218,False,2026-01-09 04:54:41.273200540,2026-01-09 22:58:47.284957938,2.4214647779277776,20.489801377205,False,False,False,False,False,
847968,212,API Integrations,Webhook Failures,P4,2026-02-18 22:20:58.000000000,True,205,False,2026-02-19 03:33:27.652121375,2026-02-21 06:16:21.792058998,5.208236700381944,55.92327557194389,False,True,True,False,False,
847969,190,Notifications,Webhook Retries,P3,2025-10-03 06:52:49.000000000,True,218,False,2025-10-03 10:23:45.621149308,2025-10-03 17:54:17.714399806,3.51572809703,11.024642888835,False,False,False,False,False,
847970,118,API Integrations,Endpoint Timeout,P3,2025-01-18 00:24:34.000000000,True,205,False,2025-01-18 02:43:26.416973062,2025-01-19 10:24:28.006021268,2.314560270295,33.99833500590778,False,True,False,False,False,
847971,158,Payments & Checkout,Payout Delays,P4,2025-02-04 10:09:16.000000000,True,207,False,2025-02-04 14:39:17.650362986,2025-02-07 00:52:44.783830378,4.500458434162778,62.724662175105,False,True,False,False,False,
847972,104,Payments & Checkout,3DS Authentication,P4,2025-07-08 03:01:09.000000000,True,205,True,2025-07-08 10:52:54.065176761,2025-07-10 22:12:13.514960180,7.862518104655833,67.18458748893889,False,True,True,False,False,
847973,149,Account Access,2FA Reset,P4,2025-06-02 03:30:39.000000000,True,209,True,2025-06-02 14:55:37.439453259,2025-06-04 14:16:09.374419910,11.416233181460834,58.758437338863885,False,True,False,False,False,
847974,204,Account Access,2FA Reset,P3,2025-06-13 07:51:32.000000000,True,213,False,2025-06-13 09:33:10.482768006,2025-06-14 01:08:24.328911220,1.6940229911127778,17.28120247533889,False,False,False,False,False,
847975,119,Notifications,Template Syntax Error,P4,2025-10-18 21:55:45.000000000,True,220,False,2025-10-19 06:59:40.510958095,2025-10-20 09:28:12.595255387,9.065419710581946,35.54099868205194,False,False,False,False,False,
847976,189,API Integrations,Endpoint Timeout,P2,2025-10-23 07:44:08.000000000,True,205,False,2025-10-23 08:59:37.274390691,2025-10-24 03:44:48.846493430,1.2581317751919443,20.011346248175,True,True,False,False,False,0.69
847977,102,API Integrations,Authentication Error,P3,2026-03-15 05:28:53.000000000,True,201,False,2026-03-15 08:55:20.722616842,2026-03-17 05:12:15.527410372,3.441034060233889,47.72292428065889,False,True,True,False,False,0.37
847978,178,Account Access,2FA Reset,P4,2025-01-25 06:13:25.000000000,True,203,False,2025-01-25 11:24:40.164355148,2025-01-26 17:52:32.240493203,5.187545654207778,35.65201124811195,False,False,False,False,False,
847979,182,Account Access,Password Reset,P4,2025-05-30 19:14:57.000000000,True,219,False,2025-05-31 00:43:37.595017288,2025-06-01 08:07:26.696691622,5.477943060357778,36.87491574767278,False,False,False,False,False,
847980,112,API Integrations,Endpoint Timeout,P2,2025-04-10 14:36:31.000000000,True,201,False,2025-04-10 15:57:54.633238171,2025-04-11 13:17:18.722946253,1.3565647883808334,22.67992304062583,True,True,True,False,False,
847981,117,Notifications,Webhook Retries,P2,2025-09-27 16:57:46.000000000,True,215,True,2025-09-27 19:37:46.844580125,2025-09-28 13:13:14.389472516,2.6669012722569443,20.25788596458778,True,True,False,False,False,
847982,159,Payments & Checkout,Card Declines,P3,2025-10-19 23:08:36.000000000,True,217,False,2025-10-20 02:12:50.660554753,2025-10-21 23:36:24.412823666,3.0707390429869443,48.46344800657389,False,True,False,False,False,
847983,119,Payments & Checkout,3DS Authentication,P2,2025-09-24 07:59:35.000000000,True,208,True,2025-09-24 11:16:22.252808753,2025-09-25 12:42:14.307306917,3.2797924468758337,28.71091869636584,True,True,True,False,False,0.11
847984,168,Notifications,Webhook Retries,P2,2025-11-18 04:27:17.000000000,True,220,False,2025-11-18 05:31:35.731436045,2025-11-18 11:36:55.478800905,1.0718698433458334,7.160688555806944,True,False,False,False,False,
847985,187,Payments & Checkout,Card Declines,P4,2025-12-29 23:57:01.000000000,True,204,False,2025-12-30 09:02:01.248850945,2026-01-02 06:18:29.495548108,9.083402458595833,78.35791543003,False,True,False,False,False,
847986,120,Account Access,SSO Failure,P4,2026-01-15 22:28:06.000000000,True,212,False,2026-01-16 02:44:19.185928963,2026-01-16 19:00:22.016212795,4.270329424711944,20.537782281331943,False,False,False,False,False,0.9
847987,205,Notifications,Template Syntax Error,P3,2026-05-21 06:10:16.000000000,True,208,True,2026-05-21 11:37:51.472276043,2026-05-22 08:22:45.487101115,5.459853410011945,26.20819086142083,True,True,False,False,False,
847988,174,Payments & Checkout,Refund Processing,P2,2025-06-03 21:48:11.000000000,True,215,False,2025-06-03 23:21:42.022219793,2025-06-04 21:17:30.352086346,1.5586172832758332,23.48870891287389,True,True,False,False,False,0.61
847989,128,Payments & Checkout,3DS Authentication,P4,2025-07-16 06:52:51.000000000,True,217,False,2025-07-16 15:06:19.529243515,2025-07-19 15:58:56.009911520,8.224591456531945,81.10139164208888,False,True,False,False,False,
847990,141,Payments & Checkout,Card Declines,P2,2025-07-22 17:39:30.000000000,True,207,False,2025-07-22 19:12:37.751877994,2025-07-23 18:20:40.807098277,1.5521532994427778,24.686335305076945,True,True,False,False,False,
847991,198,Payments & Checkout,Payout Delays,P3,2025-04-21 18:10:16.000000000,True,212,True,2025-04-21 20:44:27.729848587,2025-04-22 17:36:23.521642265,2.569924957940833,23.435422678406944,False,False,False,False,False,
847992,124,Payments & Checkout,Payout Delays,P3,2025-11-06 18:48:26.000000000,True,211,True,2025-11-06 20:36:37.815073701,2025-11-07 22:38:31.751243218,1.8032819649169445,27.834930900893887,False,True,False,False,False,
847993,155,Fulfilment & Logistics,Carrier Sync Failure,P4,2026-05-08 11:53:13.000000000,True,215,True,2026-05-08 21:21:37.145621334,2026-05-11 21:16:49.891940916,9.473373783703888,81.39358109469889,False,True,False,False,False,
847994,191,Account Access,2FA Reset,P4,2025-10-19 00:21:38.000000000,True,213,False,2025-10-19 04:19:10.584704422,2025-10-19 23:31:21.650211280,3.959051306783889,23.162125058688886,False,False,False,False,False,
847995,184,Payments & Checkout,3DS Authentication,P3,2025-09-02 10:36:01.000000000,True,215,False,2025-09-02 14:13:50.776559942,2025-09-03 16:12:26.149939969,3.630493488872778,29.60698609443584,False,True,True,False,False,0.47
847996,134,Account Access,User Permissions,P3,2025-02-21 01:17:39.000000000,True,213,False,2025-02-21 03:23:32.041032852,2025-02-21 16:52:31.307837428,2.09806695357,15.58119662150778,False,False,False,False,False,
847997,173,Account Access,Password Reset,P3,2025-07-27 08:40:40.000000000,True,220,True,2025-07-27 12:37:14.151663518,2025-07-28 21:41:00.029309056,3.942819906532778,37.00556369696,False,True,False,False,False,
847998,159,Payments & Checkout,Refund Processing,P3,2025-01-22 06:02:15.000000000,True,217,False,2025-01-22 10:02:04.340730307,2025-01-23 13:56:40.870732462,3.997039091751944,31.90718631457278,False,True,False,False,False,
847999,168,API Integrations,Authentication Error,P3,2025-12-02 02:02:03.000000000,True,201,False,2025-12-02 05:22:10.532982438,2025-12-03 14:35:31.187482640,3.335425828455,36.55782985628889,False,True,True,False,False,
848000,179,Payments & Checkout,Payout Delays,P2,2025-05-25 07:43:47.000000000,True,217,False,2025-05-25 08:36:58.584762094,2025-05-26 01:51:51.029641678,0.8865513228038888,18.13445267824389,False,True,True,False,False,
848001,122,Account Access,Password Reset,P4,2025-11-30 04:05:39.000000000,True,203,False,2025-11-30 10:18:07.494666471,2025-12-01 02:44:08.985971931,6.207915185130833,22.64166276998084,False,False,False,False,False,
848002,128,API Integrations,Rate Limiting,P3,2025-06-30 15:36:11.000000000,True,201,False,2025-06-30 18:57:45.883055266,2025-07-02 22:09:46.511433369,3.359689737573889,54.55986428704695,False,True,False,False,False,
848003,109,Payments & Checkout,Card Declines,P3,2025-06-05 04:16:47.000000000,True,207,False,2025-06-05 07:08:41.632362802,2025-06-06 14:14:20.241844728,2.865175656333889,33.95923384575778,False,True,True,False,False,
848004,173,API Integrations,Authentication Error,P4,2026-02-24 01:53:38.000000000,True,211,False,2026-02-24 05:01:31.879839089,2026-02-25 10:54:44.749282010,3.1316332886358333,33.018541467225,False,False,False,False,False,
848005,106,Notifications,SMS Gateway Drag,P2,2025-01-31 02:31:58.000000000,True,218,False,2025-01-31 04:16:45.940355708,2025-01-31 12:20:59.600278301,1.746650098807778,9.817111188416945,True,True,False,False,False,
848006,125,Payments & Checkout,3DS Authentication,P1,2025-11-05 00:37:39.000000000,True,204,False,2025-11-05 01:14:17.977141726,2025-11-05 05:26:22.554935170,0.6108269838127778,4.812098593102777,True,True,False,False,False,
848007,127,API Integrations,Authentication Error,P3,2025-08-23 12:42:47.000000000,True,205,False,2025-08-23 14:21:52.302115661,2025-08-25 06:18:07.600590236,1.6514728099058331,41.58905571951,False,True,False,False,False,
848008,143,Fulfilment & Logistics,Inventory Mismatch,P3,2025-07-15 16:47:11.000000000,True,208,False,2025-07-15 19:16:17.503710045,2025-07-16 13:28:05.161238392,2.485139919456945,20.68171145510889,False,False,False,False,False,
848009,209,Payments & Checkout,Card Declines,P2,2026-06-29 05:17:06.000000000,True,207,False,2026-06-29 06:39:32.512403196,2026-06-29 23:09:52.733700036,1.37403122311,17.87964825001,True,True,True,False,False,
848010,152,Payments & Checkout,Card Declines,P4,2025-08-06 03:32:46.000000000,True,217,False,2025-08-06 11:33:33.877101053,2025-08-10 02:38:07.801669673,8.013299194736945,95.08938935268696,False,True,False,False,False,
848011,140,Payments & Checkout,Card Declines,P1,2025-09-03 11:44:32.000000000,True,204,False,2025-09-03 12:17:58.196905746,2025-09-03 17:37:29.378659908,0.5572769182627778,5.882605183307778,True,True,True,False,False,
848012,175,Account Access,2FA Reset,P3,2025-06-17 07:39:11.000000000,True,213,False,2025-06-17 09:35:28.195918013,2025-06-17 22:18:37.296445617,1.9381099772258328,14.657304568226944,False,False,False,False,False,
848013,182,Fulfilment & Logistics,Carrier Sync Failure,P4,2026-06-01 08:06:32.000000000,True,208,False,2026-06-01 14:28:53.966186180,2026-06-04 01:36:07.840356249,6.3727683850500005,65.49328898784695,False,True,False,False,False,0.72
848014,146,Account Access,SSO Failure,P4,2025-10-03 09:01:42.000000000,True,212,False,2025-10-03 13:31:43.398831663,2025-10-04 07:43:47.251604702,4.500388564350834,22.70145877908389,False,False,False,False,False,
848015,191,Account Access,Password Reset,P3,2025-06-17 21:15:33.000000000,True,212,False,2025-06-17 22:42:45.753819838,2025-06-18 12:18:10.278112909,1.4535427277327777,15.043688364696944,False,False,False,False,False,
848016,106,Account Access,Password Reset,P3,2025-06-04 17:23:07.000000000,True,213,False,2025-06-04 19:31:14.280250327,2025-06-05 11:28:21.642064988,2.135355625090833,18.087400573607777,False,False,False,False,False,
848017,128,Account Access,2FA Reset,P3,2025-10-18 05:33:46.000000000,True,212,False,2025-10-18 07:10:22.907469013,2025-10-18 15:51:07.875742074,1.610252074725833,10.289409928353887,False,False,False,False,False,0.91
848018,156,Payments & Checkout,3DS Authentication,P4,2025-07-07 19:21:52.000000000,True,215,False,2025-07-08 01:04:59.736709468,2025-07-10 20:38:45.880220851,5.71881575263,73.28163339468082,False,True,True,False,False,
848019,202,Account Access,2FA Reset,P3,2025-04-28 02:45:14.000000000,True,202,False,2025-04-28 07:03:35.270104596,2025-04-29 03:03:15.645957641,4.305908362387778,24.300457210455832,True,True,False,False,False,
848020,207,Fulfilment & Logistics,Tracking Updates,P3,2026-03-10 08:19:06.000000000,True,206,False,2026-03-10 10:42:22.120178109,2026-03-11 06:23:53.547583464,2.3878111605858336,22.07987432874,False,False,False,False,False,
848021,122,Notifications,Webhook Retries,P2,2025-01-05 23:35:25.000000000,True,212,True,2025-01-06 00:41:45.104804152,2025-01-06 06:12:42.921766316,1.10558466782,6.621644935087779,True,False,False,False,False,
848022,186,Account Access,Password Reset,P1,2025-07-28 08:17:06.000000000,True,213,False,2025-07-28 08:31:26.620537101,2025-07-28 10:32:03.324025939,0.2390612603058333,2.2492566738719444,False,True,False,False,False,
848023,192,Notifications,Webhook Retries,P3,2025-09-19 06:20:50.000000000,True,220,False,2025-09-19 09:15:09.320457669,2025-09-20 01:47:22.743663713,2.9053667937969445,19.44242879547584,False,False,False,False,False,
848024,101,Payments & Checkout,Payout Delays,P3,2025-05-07 15:08:39.000000000,True,213,True,2025-05-07 17:30:18.178229958,2025-05-09 04:08:07.103000640,2.360882841655,36.9911397224,False,True,True,False,False,
848025,174,Notifications,Template Syntax Error,P3,2025-09-21 02:11:59.000000000,True,218,False,2025-09-21 04:51:46.072693487,2025-09-21 20:11:27.116060244,2.6630757481908334,17.991143350067777,False,False,False,False,False,
848026,209,API Integrations,Webhook Failures,P3,2025-04-02 06:01:37.000000000,True,205,False,2025-04-02 08:13:01.366445098,2025-04-03 13:49:20.711098460,2.190101790305,31.795475305127777,False,True,False,False,False,
848027,101,API Integrations,Authentication Error,P2,2026-01-31 13:44:35.000000000,True,205,False,2026-01-31 15:16:01.059946041,2026-02-01 17:21:23.003694772,1.5239055405669446,27.61333435965889,True,True,False,False,False,
848028,123,API Integrations,Endpoint Timeout,P2,2025-11-21 08:59:20.000000000,True,201,False,2025-11-21 10:48:32.641494378,2025-11-22 15:43:47.948152425,1.8201781928827776,30.741096709006943,True,True,False,False,False,
848029,188,Payments & Checkout,Card Declines,P3,2025-01-23 09:43:14.000000000,True,215,False,2025-01-23 12:11:22.246952102,2025-01-24 12:59:30.328042061,2.468957486695,27.271202233905832,False,True,True,False,False,
848030,155,Payments & Checkout,Card Declines,P3,2026-01-11 17:42:54.000000000,True,207,False,2026-01-11 19:41:15.967189352,2026-01-12 17:48:54.099774385,1.9727686637088888,24.100027715106943,False,True,True,False,False,
848031,158,Notifications,Template Syntax Error,P3,2025-10-09 01:48:24.000000000,True,219,True,2025-10-09 04:57:05.491670002,2025-10-10 01:07:37.196054334,3.1448587972227777,23.320332237315,False,False,False,False,False,1.0
848032,106,Payments & Checkout,Card Declines,P2,2025-04-16 16:15:03.000000000,True,217,False,2025-04-16 17:09:01.738500855,2025-04-17 08:02:10.937916633,0.8996495835708334,15.785538310175834,False,True,False,False,False,
848033,141,Account Access,2FA Reset,P3,2025-11-14 07:26:12.000000000,True,202,False,2025-11-14 10:11:37.814018811,2025-11-15 16:44:05.571028279,2.757170560780833,33.298214174521945,False,True,False,False,False,
848034,187,Notifications,SMS Gateway Drag,P4,2025-02-22 06:31:38.000000000,True,202,True,2025-02-22 21:11:30.481633472,2025-02-24 02:28:11.787514144,14.66457823152,43.94271875392889,True,False,False,False,False,0.77
848035,173,Account Access,Password Reset,P3,2025-03-01 05:57:40.000000000,True,219,False,2025-03-01 07:38:07.053246852,2025-03-01 19:27:28.749343439,1.674181457458889,13.496874817621944,False,False,False,False,False,
848036,132,Notifications,Webhook Retries,P3,2026-01-03 18:35:55.000000000,True,218,False,2026-01-03 21:53:42.841997380,2026-01-04 07:39:07.762592009,3.29662277705,13.053545164446945,False,False,False,False,False,
848037,117,API Integrations,Authentication Error,P3,2026-01-21 10:32:11.000000000,True,216,True,2026-01-21 13:07:49.107028475,2026-01-23 13:47:02.376059999,2.593918619020833,51.24760446111083,False,True,True,False,False,0.29
848038,118,Notifications,SMS Gateway Drag,P3,2026-02-12 17:44:10.000000000,True,215,True,2026-02-12 23:18:25.457480982,2026-02-13 17:51:49.479006067,5.570960411383889,24.12763305724084,True,True,True,False,False,
848039,132,Payments & Checkout,3DS Authentication,P1,2026-04-19 03:45:45.000000000,True,215,False,2026-04-19 04:23:53.943444823,2026-04-19 08:48:38.397702474,0.6358176235619444,5.048166028465,True,True,True,False,False,
848040,211,Fulfilment & Logistics,Inventory Mismatch,P2,2026-06-09 00:25:44.000000000,True,210,False,2026-06-09 02:27:18.253305075,2026-06-09 19:35:15.293942004,2.026181473631945,19.15869276166778,True,True,False,False,False,0.7
848041,206,API Integrations,Authentication Error,P2,2025-06-29 22:27:19.000000000,True,201,False,2025-06-29 23:48:59.022449041,2025-07-01 04:34:40.475998220,1.3611173469558333,30.12263222172778,True,True,False,False,False,0.47
848042,147,API Integrations,Authentication Error,P2,2026-06-25 17:05:57.000000000,True,205,False,2026-06-25 18:37:01.393780618,2026-06-26 12:27:47.247034171,1.5178871612827778,19.363957509491943,True,True,False,False,False,
848043,124,Account Access,Password Reset,P2,2025-12-02 22:30:50.000000000,True,202,False,2025-12-02 23:45:11.892593199,2025-12-03 06:56:06.963669704,1.2394146092219445,8.421378797140001,True,True,False,False,False,
848044,162,Account Access,2FA Reset,P3,2025-07-13 03:12:31.000000000,True,212,False,2025-07-13 04:56:01.825063040,2025-07-13 16:41:00.766275785,1.7252291841777778,13.474935076606943,False,False,False,False,False,
848045,147,Payments & Checkout,Payout Delays,P3,2025-10-08 02:38:30.000000000,True,204,False,2025-10-08 05:55:25.835876460,2025-10-09 12:47:01.619082955,3.28217663235,34.142116411931944,False,True,True,False,False,
848046,113,Fulfilment & Logistics,Label Generation,P2,2025-10-12 18:01:21.000000000,True,215,True,2025-10-12 21:02:10.943948464,2025-10-13 16:34:54.264227556,3.0138733190177778,22.55924006321,True,True,False,False,False,
848047,177,Payments & Checkout,3DS Authentication,P1,2026-01-15 12:05:01.000000000,True,204,False,2026-01-15 12:35:06.223906860,2026-01-15 18:26:20.030012156,0.5014510852388889,6.355286114487778,True,True,True,False,False,
848048,139,Payments & Checkout,Card Declines,P2,2026-03-29 10:44:43.000000000,True,207,False,2026-03-29 12:13:48.389805738,2026-03-30 10:35:38.265527042,1.484830501593889,23.848684868622776,True,True,True,False,False,
848049,126,Fulfilment & Logistics,Label Generation,P2,2025-03-04 08:39:31.000000000,True,209,False,2025-03-04 10:52:46.675842812,2025-03-05 07:11:06.564023930,2.221021067447778,22.526545562202777,True,True,False,False,False,
848050,203,Payments & Checkout,Payout Delays,P2,2026-01-24 23:47:59.000000000,True,204,False,2026-01-25 01:37:58.253489519,2026-01-26 01:47:33.553719248,1.8331259693108333,25.99293158868,True,True,False,False,False,
848051,103,Notifications,Email Delivery Failure,P1,2025-11-23 09:34:15.000000000,True,220,False,2025-11-23 09:55:45.390531206,2025-11-23 11:23:56.759522713,0.3584418142238889,1.8282665340869444,True,False,False,False,False,
848052,116,Notifications,Email Delivery Failure,P2,2025-06-13 16:06:18.000000000,True,218,False,2025-06-13 17:44:58.159903124,2025-06-14 05:52:52.803136178,1.6444888619788889,13.776334204493889,True,True,False,False,False,0.67
848053,156,Payments & Checkout,3DS Authentication,P3,2025-08-09 01:16:38.000000000,True,209,True,2025-08-09 06:33:24.625587683,2025-08-12 11:34:46.128590357,5.279618218800834,82.30225794176584,True,True,False,False,False,
848054,208,Payments & Checkout,Card Declines,P4,2025-01-17 11:36:07.000000000,True,219,True,2025-01-17 17:57:20.397235818,2025-01-21 09:35:28.345282315,6.353721454393889,93.98926257842083,False,True,False,False,False,
848055,183,Account Access,Password Reset,P4,2026-06-11 00:43:07.000000000,True,217,True,2026-06-11 11:34:35.670198400,2026-06-15 05:12:51.206949205,10.857963944000002,100.49561304144584,False,True,False,False,False,
848056,130,Account Access,Password Reset,P3,2025-06-24 10:49:16.000000000,True,202,False,2025-06-24 13:46:51.697386037,2025-06-25 15:09:42.175339283,2.9599159405658333,28.340604260911945,False,True,False,False,False,
848057,166,Payments & Checkout,Refund Processing,P1,2025-01-19 06:52:30.000000000,True,215,False,2025-01-19 07:33:59.469938938,2025-01-19 14:26:11.622198231,0.6915194274827777,7.5615617217308335,True,True,False,False,False,
848058,192,API Integrations,Authentication Error,P3,2025-07-28 16:24:45.000000000,True,208,True,2025-07-28 20:08:40.756666261,2025-07-31 13:31:39.572052178,3.7321546295169448,69.11515890338278,False,True,True,False,False,
848059,177,API Integrations,Webhook Failures,P4,2025-01-25 07:26:56.000000000,True,211,False,2025-01-25 10:17:49.419729322,2025-01-26 16:26:02.118362589,2.848172147033889,32.985032878496945,False,False,False,False,False,
848060,206,Notifications,SMS Gateway Drag,P3,2025-09-09 20:02:35.000000000,True,220,False,2025-09-09 22:59:25.018315924,2025-09-10 09:52:15.555574842,2.947227309978889,13.82793210412278,False,False,False,False,False,
848061,178,Notifications,Webhook Retries,P2,2025-12-04 13:33:40.000000000,True,220,False,2025-12-04 14:37:13.201495295,2025-12-04 20:54:15.533030138,1.0592226375819445,7.343203619482778,True,False,False,False,False,
848062,175,Account Access,User Permissions,P3,2026-05-19 10:02:34.000000000,True,202,False,2026-05-19 14:23:10.327896034,2026-05-20 19:00:42.295003613,4.343424415565,32.96897083433694,True,True,False,False,False,
848063,130,Fulfilment & Logistics,Inventory Mismatch,P3,2026-02-21 18:15:53.000000000,True,210,False,2026-02-21 20:44:39.780102297,2026-02-22 22:39:53.601058674,2.4796611395269443,28.400166960742776,False,True,False,False,False,
848064,131,Account Access,Password Reset,P3,2025-09-23 03:13:30.000000000,True,219,False,2025-09-23 05:12:14.383930330,2025-09-23 17:13:33.865260466,1.9789955362027776,14.001073683462778,False,False,False,False,False,
848065,148,API Integrations,Rate Limiting,P4,2025-03-19 18:15:41.000000000,True,214,False,2025-03-19 23:46:15.368219954,2025-03-21 19:00:47.274044039,5.5095467277650005,48.75174279001083,False,True,False,False,False,0.7
848066,158,Payments & Checkout,Refund Processing,P4,2025-10-06 19:26:48.000000000,True,212,True,2025-10-07 00:35:27.979762177,2025-10-09 00:10:48.101104227,5.144438822826944,52.73336141784084,False,True,False,False,False,
848067,196,Notifications,Template Syntax Error,P4,2025-11-02 13:52:37.000000000,True,218,False,2025-11-02 19:47:06.583156186,2025-11-03 17:20:14.243373562,5.908217543385,27.460345381545,False,False,False,False,False,
848068,164,Fulfilment & Logistics,Tracking Updates,P2,2025-07-25 16:07:45.000000000,True,210,False,2025-07-25 18:14:01.638265065,2025-07-26 10:56:49.316738631,2.1046217402958334,18.817865760730832,True,True,False,False,False,
848069,109,API Integrations,Webhook Failures,P3,2025-11-07 21:23:38.000000000,True,211,False,2025-11-07 22:44:11.704688908,2025-11-08 19:46:47.979014328,1.342695746918889,22.38610528175778,False,False,False,False,False,
848070,116,API Integrations,Rate Limiting,P3,2025-04-10 08:25:51.000000000,True,205,False,2025-04-10 10:38:49.301302957,2025-04-11 08:18:59.719773802,2.2161948063769445,23.88575549272278,False,False,True,False,False,
848071,201,Account Access,2FA Reset,P3,2026-03-17 04:30:32.000000000,True,203,False,2026-03-17 06:31:06.243778581,2026-03-17 15:18:19.854012221,2.0095121607169446,10.796626114505834,False,False,False,False,False,
848072,142,Notifications,SMS Gateway Drag,P4,2026-05-15 13:40:26.000000000,True,218,False,2026-05-15 20:10:45.195938028,2026-05-17 00:40:32.263197754,6.505332205007777,35.00173977715389,False,False,False,False,False,0.83
848073,159,Notifications,Email Delivery Failure,P3,2026-06-01 23:44:38.000000000,True,217,True,2026-06-02 04:10:41.035292345,2026-06-03 01:40:56.356040088,4.434176470095833,25.938432233357776,True,True,True,False,False,
848074,194,Payments & Checkout,Refund Processing,P3,2025-04-18 07:34:24.000000000,True,217,False,2025-04-18 11:31:03.666320692,2025-04-20 16:33:17.462769870,3.944351755747778,56.981517436075,False,True,True,False,False,
848075,180,API Integrations,Rate Limiting,P3,2025-01-22 21:31:57.000000000,True,209,True,2025-01-23 02:55:02.349040566,2025-01-25 16:18:31.867348665,5.384819177935,66.77635204129584,True,True,False,False,False,
848076,190,Payments & Checkout,3DS Authentication,P3,2026-01-24 16:17:14.000000000,True,209,True,2026-01-24 21:54:09.550705284,2026-01-26 21:22:41.659528487,5.615430751467778,53.091016535690834,True,True,False,False,False,
848077,162,Fulfilment & Logistics,Carrier Sync Failure,P4,2025-11-12 05:17:50.000000000,True,208,False,2025-11-12 11:08:18.067301150,2025-11-14 03:15:00.193109166,5.841129805875,45.95283141921278,False,False,False,False,False,
848078,101,Payments & Checkout,Payout Delays,P3,2025-11-10 18:30:19.000000000,True,202,True,2025-11-10 23:59:53.021845852,2025-11-12 23:16:46.822949921,5.49278384607,52.77439526386695,True,True,True,False,False,
848079,210,Notifications,Template Syntax Error,P2,2025-12-22 23:30:00.000000000,True,218,False,2025-12-23 00:58:34.861294909,2025-12-23 11:01:52.517978576,1.4763503596969445,11.531254994048888,True,True,False,False,False,
848080,203,Notifications,Webhook Retries,P3,2025-02-02 19:53:44.000000000,True,218,False,2025-02-02 22:31:40.361323143,2025-02-03 08:40:19.466693632,2.632322589761945,12.77651852600889,False,False,False,False,False,
848081,123,Notifications,Webhook Retries,P4,2026-02-23 11:07:10.000000000,True,215,True,2026-02-23 23:30:16.268236658,2026-02-25 12:50:05.067752638,12.385074510182775,49.715296597955,True,True,True,False,False,
848082,133,API Integrations,Rate Limiting,P3,2026-03-24 00:16:10.000000000,True,205,False,2026-03-24 02:06:38.732480083,2026-03-25 09:33:32.111537808,1.8413145778008333,33.28947542716889,False,True,True,False,False,0.51
848083,122,API Integrations,Endpoint Timeout,P1,2026-04-23 01:09:17.000000000,True,211,False,2026-04-23 01:20:54.019621130,2026-04-23 02:47:09.597008390,0.193616561425,1.631276946775,False,False,True,False,False,
848084,160,Notifications,Email Delivery Failure,P4,2026-06-06 01:50:59.000000000,True,218,False,2026-06-06 09:11:18.006628758,2026-06-07 00:05:27.448577225,7.338612952432778,22.24123571589584,False,False,False,False,False,
848085,210,Fulfilment & Logistics,Tracking Updates,P3,2025-12-30 14:18:30.000000000,True,208,False,2025-12-30 18:07:47.626872622,2025-12-31 17:49:19.615838071,3.821563020172778,27.513782177241943,False,True,False,False,False,
848086,171,Account Access,SSO Failure,P3,2026-05-30 19:12:27.000000000,True,212,False,2026-05-30 21:01:34.606131675,2026-05-31 08:17:55.626179067,1.8187794810208333,13.091285049740836,False,False,False,False,False,
848087,154,Notifications,SMS Gateway Drag,P2,2025-01-12 14:51:11.000000000,True,220,False,2025-01-12 15:56:01.644030940,2025-01-12 22:40:38.094403330,1.080734453038889,7.824192889813889,True,False,False,False,False,
848088,196,Notifications,Template Syntax Error,P4,2025-08-12 08:29:13.000000000,True,220,False,2025-08-12 16:09:15.524419181,2025-08-13 12:59:18.337639201,7.667367894216944,28.50148267755583,False,False,False,False,False,
848089,195,Notifications,SMS Gateway Drag,P1,2025-12-22 00:15:29.000000000,True,210,True,2025-12-22 01:01:59.862281748,2025-12-22 03:28:29.139854518,0.7752395227077777,3.216705515143889,True,True,False,False,False,
848090,175,Notifications,Email Delivery Failure,P2,2025-12-06 01:46:26.000000000,True,204,True,2025-12-06 04:37:12.211007318,2025-12-06 15:01:10.529292248,2.846169724255,13.24570258118,True,True,False,False,False,0.6
848091,130,Account Access,2FA Reset,P4,2025-07-03 23:14:17.000000000,True,202,False,2025-07-04 07:58:32.630418773,2025-07-06 00:16:23.273204525,8.737675116325834,49.03507589014583,False,True,False,False,False,
848092,138,API Integrations,Endpoint Timeout,P3,2025-01-07 20:40:52.000000000,True,201,False,2025-01-07 23:42:10.312717306,2025-01-09 20:25:09.726528140,3.021753532585,47.738257368927776,False,True,False,False,False,0.7
848093,155,Fulfilment & Logistics,Label Generation,P4,2026-01-19 04:10:06.000000000,True,210,False,2026-01-19 11:49:52.649977808,2026-01-21 20:33:54.090728180,7.662958327168889,64.39669186893889,False,True,False,False,False,
848094,185,Account Access,Password Reset,P3,2026-03-03 18:34:43.000000000,True,213,False,2026-03-03 20:30:54.943478809,2026-03-04 11:03:07.347735853,1.936650966335833,16.473429926625833,False,False,False,False,False,
848095,161,Notifications,SMS Gateway Drag,P3,2025-12-07 10:30:26.000000000,True,218,False,2025-12-07 13:02:13.391244906,2025-12-07 23:43:22.161000634,2.529830901362778,13.215600277953888,False,False,False,False,False,
848096,174,Notifications,Webhook Retries,P3,2025-08-01 06:54:56.000000000,True,220,False,2025-08-01 09:33:56.489514507,2025-08-02 00:34:56.622943889,2.6501359762519447,17.666839706635834,False,False,False,False,False,
848097,183,Notifications,Webhook Retries,P3,2025-12-15 04:48:46.000000000,True,220,False,2025-12-15 08:15:02.442781633,2025-12-16 03:54:03.855209604,3.437900772675833,23.08829311377889,False,False,False,False,False,
848098,169,Account Access,Password Reset,P3,2026-04-01 22:50:02.000000000,True,202,False,2026-04-02 02:38:13.318416621,2026-04-02 21:29:07.220574833,3.803144004616944,22.651450159675832,False,False,False,False,False,
848099,104,Account Access,2FA Reset,P4,2026-05-02 19:14:56.000000000,True,209,True,2026-05-03 07:42:13.075073783,2026-05-05 15:47:52.145978870,12.454743076050834,68.548929438575,True,True,False,False,False,
848100,175,Payments & Checkout,3DS Authentication,P3,2025-07-20 00:40:44.000000000,True,201,True,2025-07-20 04:36:10.748485112,2025-07-22 23:22:25.447898016,3.92409680142,70.69484663833778,False,True,False,False,False,
848101,154,Account Access,2FA Reset,P3,2025-10-10 04:36:05.000000000,True,213,False,2025-10-10 06:24:36.908951619,2025-10-10 21:35:04.297938204,1.8088635976719445,16.98313831616778,False,False,False,False,False,
848102,105,Fulfilment & Logistics,Tracking Updates,P4,2025-11-28 06:01:14.000000000,True,216,False,2025-11-28 11:38:08.694345424,2025-11-29 23:56:32.998610470,5.615192873728889,41.92194405846389,False,False,False,False,False,
848103,154,Payments & Checkout,Payout Delays,P3,2026-02-04 09:01:27.000000000,True,218,True,2026-02-04 13:51:11.000109537,2026-02-06 07:14:59.797454520,4.828888919315833,46.225777070700005,True,True,True,False,False,
848104,171,Fulfilment & Logistics,Carrier Sync Failure,P2,2026-06-29 20:19:10.000000000,True,206,False,2026-06-29 21:42:14.047460321,2026-06-30 09:07:30.235654716,1.3844576278669445,12.80562101519889,True,True,False,False,False,
848105,122,API Integrations,Webhook Failures,P2,2025-04-12 02:58:18.000000000,True,212,True,2025-04-12 04:14:31.166992858,2025-04-12 18:17:16.640005839,1.270324164682778,15.316288890510831,True,True,False,False,False,
848106,150,Fulfilment & Logistics,Inventory Mismatch,P3,2025-06-25 23:21:54.000000000,True,210,False,2025-06-26 02:13:09.130131822,2025-06-27 03:28:09.503306554,2.854202814395,28.10430647404278,False,True,False,False,False,
848107,112,Payments & Checkout,Payout Delays,P2,2025-01-24 13:38:21.000000000,True,220,True,2025-01-24 15:11:30.070253211,2025-01-25 04:38:46.357604500,1.5525195147808333,15.00704377902778,True,True,False,False,False,
848108,190,API Integrations,Rate Limiting,P4,2025-07-25 20:06:14.000000000,True,211,False,2025-07-25 23:08:16.165354826,2025-07-27 14:21:50.827528432,3.033934820785,42.26022986900889,False,False,False,False,False,0.82
848109,202,Notifications,Email Delivery Failure,P3,2025-10-10 16:56:15.000000000,True,220,False,2025-10-10 20:22:01.162647865,2025-10-11 14:52:04.986860235,3.429489624406944,21.930551905620835,False,False,False,False,False,
848110,172,Fulfilment & Logistics,Tracking Updates,P2,2025-11-05 16:37:29.000000000,True,216,False,2025-11-05 17:40:19.326214132,2025-11-06 02:50:34.616322197,1.047312837258889,10.218226756165834,True,True,False,False,False,
848111,129,API Integrations,Endpoint Timeout,P3,2025-01-26 13:05:10.000000000,True,205,False,2025-01-26 15:12:04.975792160,2025-01-27 15:05:18.735925103,2.1152710533777777,26.002426645861945,False,True,True,False,False,
848112,155,Fulfilment & Logistics,Carrier Sync Failure,P4,2025-12-12 23:08:02.000000000,True,209,False,2025-12-13 07:16:24.633198951,2025-12-14 12:39:36.842816134,8.139620333041945,37.526345226703896,False,False,False,False,False,
848113,211,Account Access,User Permissions,P3,2026-01-06 16:39:21.000000000,True,219,False,2026-01-06 19:00:45.316233094,2026-01-07 11:22:40.429167097,2.3567545091927777,18.722063657526945,False,False,False,False,False,
848114,173,Account Access,2FA Reset,P4,2026-04-23 09:18:54.000000000,True,213,False,2026-04-23 14:20:49.193998281,2026-04-24 16:38:47.006583043,5.031998332855833,31.331390717511944,False,False,False,False,False,
848115,181,Account Access,User Permissions,P1,2025-12-03 02:09:44.000000000,True,209,True,2025-12-03 03:10:18.443206388,2025-12-03 08:41:00.349917674,1.00956755733,6.521208310465,True,True,False,False,False,
848116,194,Payments & Checkout,Refund Processing,P4,2026-05-28 08:18:59.000000000,True,204,False,2026-05-28 14:40:24.624055905,2026-05-31 10:10:59.204016904,6.357117793306944,73.86672333802889,False,True,True,False,False,
848117,112,API Integrations,Endpoint Timeout,P2,2025-11-25 17:55:01.000000000,True,211,False,2025-11-25 18:34:44.859345180,2025-11-26 03:34:07.312183814,0.662183151438889,9.651753384392778,False,True,False,False,False,
848118,129,Payments & Checkout,Card Declines,P4,2025-01-25 03:02:52.000000000,True,208,True,2025-01-25 15:55:32.436788054,2025-01-31 01:20:39.916544311,12.877899107792778,142.29664348453082,True,True,False,False,False,
848119,171,Account Access,Password Reset,P3,2026-03-02 06:31:12.000000000,True,212,False,2026-03-02 08:01:53.526958420,2026-03-02 17:48:33.030582048,1.5115352662277777,11.28917516168,False,False,False,False,False,
848120,150,API Integrations,Rate Limiting,P2,2025-01-19 18:10:26.000000000,True,205,False,2025-01-19 19:30:26.146308750,2025-01-20 18:29:59.323228479,1.3333739746527775,24.325923119021944,True,True,True,False,False,
848121,184,Fulfilment & Logistics,Tracking Updates,P2,2025-11-28 14:25:39.000000000,True,217,True,2025-11-28 15:39:55.671783832,2025-11-29 08:30:14.550482815,1.237964384397778,18.076541800781943,True,True,False,False,False,
848122,140,Account Access,2FA Reset,P4,2025-09-10 08:39:34.000000000,True,203,False,2025-09-10 12:52:26.822894860,2025-09-11 10:52:23.563299412,4.21467302635,26.21376758317,False,False,False,False,False,
848123,210,API Integrations,Endpoint Timeout,P2,2025-07-27 04:43:53.000000000,True,207,True,2025-07-27 06:36:41.647131255,2025-07-28 07:24:46.171681264,1.8801797586819444,26.68143657812889,True,True,False,False,False,
848124,128,Notifications,SMS Gateway Drag,P1,2025-11-19 06:43:49.000000000,True,208,True,2025-11-19 07:45:29.043368977,2025-11-19 11:21:03.353359420,1.0277898247158332,4.62065371095,True,True,False,False,False,
848125,136,Payments & Checkout,Refund Processing,P3,2025-01-05 05:21:34.000000000,True,215,False,2025-01-05 08:53:48.003254327,2025-01-06 09:09:29.393446627,3.5372231262019445,27.798720401840832,False,True,True,False,False,
848126,182,Notifications,SMS Gateway Drag,P4,2025-11-11 00:31:25.000000000,True,210,True,2025-11-11 11:45:55.484622814,2025-11-13 14:19:52.868741092,11.241801284115,61.80774131697,False,True,False,False,False,
848127,146,Fulfilment & Logistics,Inventory Mismatch,P3,2025-02-16 03:43:22.000000000,True,213,True,2025-02-16 06:49:44.503185924,2025-02-17 10:01:09.626966766,3.106250884978889,30.29656304632389,False,True,False,False,False,
848128,210,Notifications,Template Syntax Error,P3,2025-10-02 20:12:22.000000000,True,218,False,2025-10-02 22:55:18.276298738,2025-10-03 16:47:09.694523015,2.715632305205,20.579915145281944,False,False,False,False,False,
848129,187,Account Access,SSO Failure,P3,2025-06-22 23:07:40.000000000,True,203,False,2025-06-23 01:00:45.675326350,2025-06-23 16:48:41.179472398,1.884909812875,17.683660964555,False,False,False,False,False,
848130,206,Payments & Checkout,Card Declines,P3,2026-04-23 15:29:33.000000000,True,201,True,2026-04-23 18:54:39.422485177,2026-04-25 06:00:47.631959179,3.4184506903269445,38.52073109977195,False,True,False,False,False,
848131,109,Payments & Checkout,Payout Delays,P2,2025-08-10 10:43:44.000000000,True,215,False,2025-08-10 12:46:19.406000013,2025-08-11 08:35:40.159274826,2.0431683333369444,21.865599798562776,True,True,True,False,False,
848132,176,Notifications,Email Delivery Failure,P3,2026-06-30 22:34:25.000000000,True,220,False,2026-07-01 02:21:42.145411021,2026-07-01 20:25:26.870699813,3.788095947505833,21.850519638836943,False,False,False,False,False,
848133,139,Payments & Checkout,Payout Delays,P2,2025-12-04 16:09:33.000000000,True,215,False,2025-12-04 17:56:26.198845615,2025-12-05 12:31:25.871907052,1.7814441237819445,20.36468664084778,True,True,False,False,False,0.62
848134,120,Notifications,Email Delivery Failure,P4,2025-05-27 02:44:54.000000000,True,206,True,2025-05-27 11:52:43.511664731,2025-05-29 00:52:17.233128085,9.130419906869722,46.12312031335694,False,False,False,False,False,
848135,180,Fulfilment & Logistics,Inventory Mismatch,P3,2025-04-17 06:06:03.000000000,True,216,False,2025-04-17 08:35:38.105139052,2025-04-18 03:27:06.519804405,2.4930847608477777,21.35097772344584,False,False,False,False,False,
848136,160,Payments & Checkout,Payout Delays,P3,2026-05-19 08:14:09.000000000,True,217,False,2026-05-19 11:03:29.963161200,2026-05-21 00:32:19.893343237,2.822489767,40.30302592867695,False,True,False,False,False,
848137,139,Payments & Checkout,Payout Delays,P4,2025-01-07 08:58:29.000000000,True,217,False,2025-01-07 18:28:32.202790763,2025-01-10 17:06:25.986657647,9.500889664100834,80.13249629379084,False,True,False,False,False,
848138,204,API Integrations,Authentication Error,P4,2025-02-20 19:27:56.000000000,True,202,True,2025-02-21 08:58:57.347428928,2025-02-28 03:00:05.636588502,13.51704095248,175.53601016347278,True,True,False,False,False,
848139,106,Notifications,Email Delivery Failure,P4,2025-06-30 18:48:03.000000000,True,220,False,2025-07-01 02:42:33.592556103,2025-07-02 15:47:29.575546326,7.9084979322508335,44.990715429535,False,False,False,False,False,
848140,114,Account Access,2FA Reset,P3,2025-09-19 22:51:04.000000000,True,213,False,2025-09-20 00:41:21.267608186,2025-09-20 10:50:00.231392702,1.8381298911627777,11.982286497972778,False,False,False,False,False,
848141,132,API Integrations,Endpoint Timeout,P3,2025-12-27 06:52:59.000000000,True,214,False,2025-12-27 09:03:30.470313533,2025-12-28 23:53:15.192879390,2.1754084204258333,41.00449802205278,False,True,False,False,False,
848142,192,Account Access,Password Reset,P2,2026-06-30 11:58:46.000000000,True,203,False,2026-06-30 12:44:53.428285469,2026-06-30 17:43:42.945384394,0.7687300792969445,5.749151495665,False,False,False,False,False,
848143,209,Notifications,SMS Gateway Drag,P4,2025-11-15 15:34:25.000000000,True,219,True,2025-11-15 21:56:52.845979016,2025-11-17 17:23:37.198058622,6.374401660837778,49.82005501628389,False,True,False,False,False,
848144,138,Fulfilment & Logistics,Tracking Updates,P3,2025-09-19 22:02:35.000000000,True,209,False,2025-09-20 01:16:12.024191692,2025-09-20 17:58:39.923611660,3.226951164358889,19.93470100323889,False,False,False,False,False,1.0
848145,110,Payments & Checkout,3DS Authentication,P3,2025-02-13 14:44:49.000000000,True,215,False,2025-02-13 17:12:03.670084866,2025-02-14 20:13:55.703301014,2.454075023573889,29.485195361392776,False,True,True,False,False,
848146,159,Account Access,SSO Failure,P2,2026-05-09 14:58:55.000000000,True,213,False,2026-05-09 15:42:08.606517542,2026-05-09 20:56:34.826304060,0.7204462548727778,5.961062862238888,False,False,False,False,False,
848147,189,Notifications,Webhook Retries,P3,2025-07-27 03:08:34.000000000,True,218,False,2025-07-27 06:00:04.536298370,2025-07-27 23:32:14.064204544,2.8584823051027777,20.394462279040003,False,False,False,False,False,
848148,203,Payments & Checkout,Payout Delays,P2,2025-11-12 13:36:18.000000000,True,217,False,2025-11-12 14:48:41.006917152,2025-11-13 04:12:15.710493373,1.20639081032,14.599364025936945,True,True,True,False,False,
848149,149,API Integrations,Webhook Failures,P3,2025-11-22 16:19:52.000000000,True,201,False,2025-11-22 18:56:28.624877037,2025-11-24 18:44:36.676848980,2.6101735769547223,50.41241023582777,False,True,True,False,False,
848150,101,API Integrations,Endpoint Timeout,P4,2025-09-17 10:09:35.000000000,True,211,False,2025-09-17 12:18:30.526781559,2025-09-19 05:08:54.386678606,2.1487574393219444,42.98871852183501,False,False,False,False,False,
848151,191,Notifications,Email Delivery Failure,P3,2025-05-16 16:48:06.000000000,True,218,False,2025-05-16 19:01:40.620353662,2025-05-17 04:12:36.527979091,2.226283431572777,11.408479994191945,False,False,False,False,False,
848152,159,Notifications,Webhook Retries,P3,2025-08-09 12:24:38.000000000,True,218,False,2025-08-09 14:57:44.470723422,2025-08-10 05:37:28.331550294,2.551797423172778,17.21398098619278,False,False,False,False,False,0.99
848153,128,Fulfilment & Logistics,Inventory Mismatch,P4,2025-11-17 21:30:11.000000000,True,208,False,2025-11-18 04:07:32.515584825,2025-11-20 16:35:38.451179045,6.622643218006944,67.09095866084583,False,True,False,False,False,
848154,182,Payments & Checkout,Card Declines,P2,2025-05-25 16:19:12.000000000,True,217,False,2025-05-25 17:24:08.410820342,2025-05-26 06:26:29.719122349,1.082336338983889,14.121588645096944,True,True,False,False,False,
848155,193,Payments & Checkout,3DS Authentication,P4,2025-07-11 02:05:18.000000000,True,204,False,2025-07-11 08:09:53.959534410,2025-07-14 03:52:27.867646323,6.076655426225001,73.78607434620083,False,True,True,False,False,
848156,212,Fulfilment & Logistics,Label Generation,P3,2025-03-08 18:50:59.000000000,True,210,False,2025-03-08 21:54:59.750538894,2025-03-10 02:15:48.699569524,3.066875149692778,31.41380543597889,False,True,False,False,False,
848157,152,Payments & Checkout,Refund Processing,P2,2025-08-06 12:34:15.000000000,True,215,False,2025-08-06 14:17:40.962393759,2025-08-07 11:52:41.803751464,1.7238784427108331,23.30744548651778,True,True,True,False,False,
848158,152,Fulfilment & Logistics,Tracking Updates,P3,2025-06-18 10:11:33.000000000,True,208,False,2025-06-18 13:27:00.069106892,2025-06-19 04:20:54.925728338,3.257519196358889,18.156090480093887,False,False,False,False,False,
848159,144,Payments & Checkout,Card Declines,P3,2025-08-10 04:41:35.000000000,True,204,False,2025-08-10 08:17:15.737716970,2025-08-12 12:12:08.983110789,3.594649365825,55.50943975299695,False,True,False,False,False,
848160,132,Account Access,User Permissions,P3,2025-06-05 06:41:11.000000000,True,212,False,2025-06-05 08:23:49.721265002,2025-06-05 18:58:32.181746541,1.710755906945,12.289217151816944,False,False,False,False,False,
848161,157,API Integrations,Webhook Failures,P4,2026-03-11 06:25:59.000000000,True,205,False,2026-03-11 12:48:24.438853550,2026-03-14 17:21:05.558044595,6.373733014875,82.91848834572083,False,True,True,False,False,
848162,204,Account Access,Password Reset,P3,2025-03-12 09:10:01.000000000,True,219,False,2025-03-12 10:57:49.954477238,2025-03-13 04:11:13.026423726,1.7969317992327778,19.02000733992389,False,False,False,False,False,
848163,143,Fulfilment & Logistics,Carrier Sync Failure,P2,2025-10-25 12:24:05.000000000,True,203,True,2025-10-25 13:22:43.346131280,2025-10-25 19:18:09.052656738,0.9773183698,6.9011257379827775,False,False,False,False,False,
848164,185,Payments & Checkout,Card Declines,P2,2025-10-03 07:23:07.000000000,True,204,False,2025-10-03 09:16:55.336693183,2025-10-04 05:29:48.595703880,1.8967601925508333,22.111554362188887,True,True,False,False,False,
848165,150,Notifications,Template Syntax Error,P4,2025-11-21 15:42:12.000000000,True,218,False,2025-11-21 22:16:07.829440990,2025-11-22 20:22:56.145561590,6.565508178052778,28.67892932266389,False,False,False,False,False,
848166,172,Notifications,Email Delivery Failure,P4,2026-03-30 21:25:08.000000000,True,218,False,2026-03-31 04:47:15.189557956,2026-04-01 02:18:26.412372608,7.368663766098889,28.88844788128,False,False,False,False,False,0.92
848167,188,Payments & Checkout,Card Declines,P2,2025-03-09 07:13:13.000000000,True,215,False,2025-03-09 09:01:44.486271050,2025-03-10 12:09:48.867035078,1.8087461864027776,28.94329639863278,True,True,False,False,False,
848168,183,Payments & Checkout,Card Declines,P4,2026-05-26 11:43:34.000000000,True,207,False,2026-05-26 17:27:44.049296318,2026-05-29 06:12:35.155424790,5.7361248045327775,66.48365428466388,False,True,False,False,False,
848169,156,API Integrations,Authentication Error,P3,2025-11-27 07:53:53.000000000,True,201,False,2025-11-27 10:35:36.483684506,2025-11-29 03:51:19.137417910,2.695412134585,43.95726039386389,False,True,False,False,False,0.66
848170,168,API Integrations,Rate Limiting,P3,2025-10-21 04:12:19.000000000,True,205,False,2025-10-21 06:52:05.696306309,2025-10-22 07:48:17.781767884,2.6629711961969447,27.59966160219,False,True,True,False,False,
848171,113,Fulfilment & Logistics,Label Generation,P3,2026-05-25 19:12:56.000000000,True,209,False,2026-05-25 23:02:18.571544320,2026-05-26 20:29:57.190308840,3.822936540088889,25.28366397467778,False,True,False,False,False,
848172,200,API Integrations,Rate Limiting,P3,2025-06-06 03:41:27.000000000,True,205,False,2025-06-06 05:39:03.671776459,2025-06-07 14:51:46.506685483,1.9601866045719445,35.17208519041194,False,True,False,False,False,
848173,204,API Integrations,Rate Limiting,P4,2025-03-24 00:57:16.000000000,True,202,True,2025-03-24 11:23:27.198242554,2025-03-30 22:22:10.840334503,10.436443956264998,165.41523342625084,False,True,False,False,False,
848174,140,Account Access,SSO Failure,P3,2025-12-31 22:22:38.000000000,True,219,False,2026-01-01 00:53:57.584420509,2026-01-01 10:07:25.809152085,2.522106783474722,11.746613653356944,False,False,False,False,False,
848175,180,Payments & Checkout,Payout Delays,P4,2025-03-17 09:18:14.000000000,True,207,False,2025-03-17 16:20:22.643160003,2025-03-20 04:52:04.694388840,7.0357342111119445,67.56408177467777,False,True,False,False,False,0.71
848176,109,Fulfilment & Logistics,Tracking Updates,P2,2026-03-07 05:41:45.000000000,True,211,True,2026-03-07 06:25:57.112843218,2026-03-07 11:18:34.290593115,0.736698012005,5.613691831420834,False,False,False,False,False,
848177,134,API Integrations,Authentication Error,P2,2026-04-05 01:21:27.000000000,True,201,False,2026-04-05 02:54:55.466477060,2026-04-06 04:22:48.536564455,1.5579073547388889,27.022649045681945,True,True,True,False,False,
848178,173,Account Access,Password Reset,P1,2025-10-10 12:58:16.000000000,True,215,True,2025-10-10 14:04:15.610333436,2025-10-10 19:11:14.059654242,1.0998917592877775,6.216127681733888,True,True,False,False,False,
848179,167,Fulfilment & Logistics,Tracking Updates,P4,2025-09-23 08:01:21.000000000,True,214,True,2025-09-23 15:56:50.507222038,2025-09-24 19:16:44.111476812,7.9248631172327775,35.25641985467,False,False,False,False,False,
848180,115,Notifications,Webhook Retries,P4,2026-03-11 23:54:54.000000000,True,220,False,2026-03-12 06:44:00.999885879,2026-03-13 13:51:51.744616963,6.818611079410833,37.94937350471194,False,False,True,False,False,
848181,147,Account Access,SSO Failure,P4,2025-09-04 22:35:04.000000000,True,213,False,2025-09-05 03:40:06.469736258,2025-09-06 00:42:53.636135614,5.084019371182778,26.130454482115,False,False,False,False,False,
848182,112,Fulfilment & Logistics,Inventory Mismatch,P4,2025-09-04 11:04:50.000000000,True,209,False,2025-09-04 20:18:57.992143131,2025-09-05 23:59:38.818460870,9.235553373091944,36.913560683575,False,False,False,False,False,
848183,189,API Integrations,Authentication Error,P3,2025-10-27 16:02:07.000000000,True,201,False,2025-10-27 19:14:02.201679113,2025-10-29 03:02:43.961756246,3.1986671330869445,35.01026715451278,False,True,True,False,False,
848184,189,Fulfilment & Logistics,Carrier Sync Failure,P4,2026-05-16 10:31:47.000000000,True,218,True,2026-05-16 21:57:49.393609208,2026-05-20 10:03:16.393290311,11.43399822478,95.52483146953082,False,True,False,False,False,
848185,162,API Integrations,Webhook Failures,P4,2025-03-15 23:27:15.000000000,True,201,False,2025-03-16 06:53:34.173336817,2025-03-19 16:55:51.399128865,7.438659260226944,89.47677753579583,False,True,True,False,False,
848186,115,Notifications,Email Delivery Failure,P2,2026-05-27 22:19:39.000000000,True,220,False,2026-05-27 23:07:36.992597916,2026-05-28 06:22:24.993860365,0.7994423883099999,8.046109405656944,False,True,True,False,False,0.48
848187,121,Fulfilment & Logistics,Carrier Sync Failure,P2,2025-12-27 19:27:19.000000000,True,209,False,2025-12-27 21:39:20.433608556,2025-12-28 14:03:11.385787056,2.2003982245988887,18.59788494084889,True,True,False,False,False,
848188,208,Payments & Checkout,3DS Authentication,P3,2025-01-12 07:46:54.000000000,True,217,False,2025-01-12 10:54:53.225218251,2025-01-14 06:33:49.251774742,3.133118116180833,46.78201438187278,False,True,False,False,False,
848189,199,API Integrations,Authentication Error,P4,2026-02-27 14:14:50.000000000,True,205,False,2026-02-27 20:29:13.583042186,2026-03-02 05:40:33.047824203,6.239884178385,63.42862439561195,False,True,False,False,False,0.58
848190,172,Account Access,SSO Failure,P3,2025-09-15 11:08:34.000000000,True,215,True,2025-09-15 15:23:37.563210001,2025-09-16 15:42:55.963204418,4.250989780555834,28.57276755678278,True,True,False,False,False,
848191,209,Account Access,2FA Reset,P4,2025-09-06 21:58:16.000000000,True,214,True,2025-09-07 06:23:54.343005248,2025-09-08 10:01:12.462979192,8.427317501457777,36.04901749422,False,False,False,False,False,
848192,193,Notifications,Webhook Retries,P3,2025-12-13 15:46:44.000000000,True,207,True,2025-12-13 18:56:19.159707458,2025-12-14 10:07:15.939092434,3.1597665854050003,18.342205303453888,False,False,True,False,False,
848193,165,Notifications,Email Delivery Failure,P4,2025-04-23 20:26:40.000000000,True,220,False,2025-04-24 04:03:01.432207189,2025-04-25 07:43:54.232304867,7.605953390885832,35.28728675135194,False,False,False,False,False,
848194,208,API Integrations,Authentication Error,P3,2025-02-22 19:00:42.000000000,True,205,False,2025-02-22 20:45:55.768708014,2025-02-23 22:10:19.936293289,1.753824641115,27.160537859246947,False,True,True,False,False,
848195,172,API Integrations,Authentication Error,P2,2025-10-01 03:05:29.000000000,True,211,False,2025-10-01 03:40:40.403079180,2025-10-01 10:55:24.017577246,0.5865008553277778,7.831949327012778,False,False,False,False,False,
848196,203,Notifications,Email Delivery Failure,P4,2026-04-27 17:45:43.000000000,True,201,True,2026-04-28 05:23:34.817797422,2026-04-29 10:33:32.402127796,11.631060499283889,40.79705614661,False,False,False,False,False,
848197,131,Fulfilment & Logistics,Label Generation,P2,2025-07-04 03:25:20.000000000,True,201,True,2025-07-04 06:11:22.483890122,2025-07-05 02:40:18.167418272,2.767356636145,23.24949094952,True,True,False,False,False,
848198,122,API Integrations,Webhook Failures,P3,2025-08-28 19:23:33.000000000,True,214,False,2025-08-28 21:24:53.653440866,2025-08-30 06:18:15.414243858,2.022403733573889,34.911781734405004,False,True,False,False,False,
848199,154,Notifications,Webhook Retries,P3,2025-03-05 18:16:08.000000000,True,210,True,2025-03-05 21:50:15.943732907,2025-03-07 02:44:24.045571006,3.5688732591408336,32.47112376972389,False,True,False,False,False,0.67
848200,199,Fulfilment & Logistics,Label Generation,P3,2026-03-05 12:40:04.000000000,True,206,False,2026-03-05 15:30:41.635109976,2026-03-06 06:08:38.921825269,2.8437875305488887,17.476367173685833,False,False,False,False,False,
848201,117,Notifications,Template Syntax Error,P3,2026-03-17 09:58:05.000000000,True,218,False,2026-03-17 13:05:41.552720935,2026-03-17 22:54:51.320405525,3.126820200259722,12.946200112645831,False,False,True,False,False,
848202,138,Payments & Checkout,3DS Authentication,P2,2025-11-24 06:22:07.000000000,True,213,True,2025-11-24 07:23:38.041439251,2025-11-24 18:31:04.383539231,1.0252892886808334,12.149273205341943,True,True,False,False,False,
848203,210,Payments & Checkout,Refund Processing,P3,2025-06-09 11:38:09.000000000,True,211,True,2025-06-09 13:30:00.331780926,2025-06-10 14:23:39.088690531,1.864258828035,26.758357969591945,False,True,False,False,False,
848204,113,Notifications,Webhook Retries,P4,2026-04-24 18:27:37.000000000,True,220,False,2026-04-25 02:54:18.399171023,2026-04-25 18:52:13.691011536,8.444833103061944,24.410191947648887,False,False,False,False,False,
848205,160,Payments & Checkout,Payout Delays,P3,2026-06-16 21:35:29.000000000,True,207,False,2026-06-16 23:53:43.075532813,2026-06-18 07:57:15.138937785,2.303909870225833,34.36281637160695,False,True,True,False,False,
848206,134,Notifications,SMS Gateway Drag,P2,2025-01-18 00:20:39.000000000,True,205,True,2025-01-18 02:30:07.860431882,2025-01-18 12:35:00.817054158,2.1580167866338886,12.239393626155,True,True,False,False,False,
848207,106,Fulfilment & Logistics,Inventory Mismatch,P3,2025-03-17 11:18:42.000000000,True,208,False,2025-03-17 14:38:27.106792539,2025-03-18 08:19:30.086884569,3.329196331260833,21.01335746793584,False,False,True,False,False,0.69
848208,117,Account Access,SSO Failure,P3,2025-07-19 02:01:38.000000000,True,203,False,2025-07-19 04:39:10.870917293,2025-07-19 16:16:30.835185629,2.625797477025833,14.248009773785832,False,False,True,False,False,
848209,144,Payments & Checkout,3DS Authentication,P4,2025-09-19 02:40:05.000000000,True,217,False,2025-09-19 12:17:49.612183539,2025-09-22 04:54:04.334999564,9.629058939871944,74.23314861099,False,True,False,False,False,
848210,135,Account Access,User Permissions,P4,2025-10-03 18:50:18.000000000,True,203,False,2025-10-03 23:03:12.177891033,2025-10-05 11:20:43.535735967,4.215049414175833,40.50709325999083,False,False,False,False,False,
848211,135,Payments & Checkout,Payout Delays,P3,2025-07-09 07:42:26.000000000,True,207,False,2025-07-09 09:56:27.207691566,2025-07-10 14:03:21.774241264,2.233668803212778,30.34882617812889,False,True,False,False,False,
848212,161,Fulfilment & Logistics,Tracking Updates,P1,2025-12-23 12:44:06.000000000,True,216,False,2025-12-23 13:00:18.492638932,2025-12-23 15:20:19.238641936,0.2701368441477778,2.6036774005377774,True,True,False,False,False,
848213,165,Notifications,Email Delivery Failure,P4,2026-04-01 04:12:32.000000000,True,218,False,2026-04-01 09:44:56.913968410,2026-04-02 15:04:06.867837188,5.540253880113889,34.85968551033,False,False,False,False,False,
848214,158,Account Access,SSO Failure,P4,2025-01-22 10:21:56.000000000,True,201,True,2025-01-22 20:52:34.287771941,2025-01-25 04:07:25.363313157,10.510635492205834,65.75815647587694,False,True,False,False,False,
848215,168,Notifications,Template Syntax Error,P2,2025-12-03 19:26:52.000000000,True,220,False,2025-12-03 20:33:36.251690824,2025-12-04 01:28:22.199715313,1.11229213634,6.025055476475833,True,False,False,False,False,0.83
848216,104,Account Access,SSO Failure,P4,2026-06-16 04:06:20.000000000,True,213,False,2026-06-16 08:06:52.081445183,2026-06-17 00:02:09.335179473,4.008911512550833,19.930370883186946,False,False,False,False,False,
848217,166,Notifications,SMS Gateway Drag,P2,2025-08-05 06:08:43.000000000,True,218,False,2025-08-05 07:48:51.666067633,2025-08-05 15:52:37.228197395,1.6690739076758334,9.731730054831944,True,True,False,False,False,
848218,203,Account Access,Password Reset,P3,2025-09-07 04:53:27.000000000,True,217,True,2025-09-07 11:10:50.105963544,2025-09-08 10:47:02.782359003,6.28975165654,29.893272877500834,True,True,False,False,False,
848219,203,Notifications,SMS Gateway Drag,P4,2026-05-22 13:56:01.000000000,True,217,True,2026-05-23 04:26:54.199049802,2026-05-25 09:48:44.846122183,14.51477751383389,67.87884614505083,True,True,False,False,False,
848220,202,Fulfilment & Logistics,Label Generation,P3,2025-05-01 04:47:04.000000000,True,201,True,2025-05-01 09:00:04.531557515,2025-05-02 06:12:44.768478940,4.2168143215319445,25.42799124415,True,True,True,False,False,
848221,139,Fulfilment & Logistics,Carrier Sync Failure,P3,2025-11-25 05:42:51.000000000,True,206,False,2025-11-25 08:22:34.520186329,2025-11-26 02:56:49.609674120,2.662088940646945,21.2329471317,False,False,False,False,False,
848222,123,API Integrations,Rate Limiting,P4,2025-10-17 21:05:47.000000000,True,201,False,2025-10-18 03:51:10.523418022,2025-10-20 20:18:28.707679554,6.756534282783889,71.21158546654279,False,True,True,False,False,
848223,210,Notifications,SMS Gateway Drag,P3,2025-02-16 12:43:36.000000000,True,220,False,2025-02-16 15:21:41.787205810,2025-02-17 12:16:48.941625765,2.634940890502778,23.55359489604584,False,False,False,False,False,
848224,132,API Integrations,Endpoint Timeout,P4,2025-01-25 17:27:32.000000000,True,219,True,2025-01-25 23:52:38.979603274,2025-01-29 13:18:30.504524345,6.418605445353889,91.84958459009584,False,True,True,False,False,
848225,196,Fulfilment & Logistics,Carrier Sync Failure,P2,2025-01-31 15:38:32.000000000,True,216,False,2025-01-31 16:31:43.700783769,2025-02-01 00:28:19.243177709,0.8865835510469444,8.829789771585833,False,True,False,False,False,
848226,163,Payments & Checkout,Card Declines,P4,2026-04-12 01:08:06.000000000,True,209,True,2026-04-12 11:45:27.974905516,2026-04-18 15:29:03.056280745,10.622770807087775,158.34918230020693,False,True,False,False,False,
848227,196,Account Access,Password Reset,P1,2026-04-24 10:57:19.000000000,True,213,False,2026-04-24 11:17:57.719381819,2026-04-24 12:34:26.970235931,0.3440887171719444,1.6188806210919446,True,False,False,False,False,
848228,183,API Integrations,Authentication Error,P3,2026-04-25 06:07:35.000000000,True,201,False,2026-04-25 09:18:32.264585988,2026-04-27 15:51:21.513494300,3.1825734961077776,57.72958708175,False,True,False,False,False,
848229,135,Notifications,Template Syntax Error,P3,2026-03-03 06:33:40.000000000,True,212,True,2026-03-03 08:53:45.736095750,2026-03-03 16:02:51.004636051,2.334926693263889,9.486390176680834,False,False,False,False,False,
848230,111,Payments & Checkout,Refund Processing,P3,2026-05-12 12:49:57.000000000,True,207,False,2026-05-12 15:11:42.217210222,2026-05-13 15:35:11.360954122,2.3625603361727774,26.75398915392278,False,True,False,False,False,0.69
848231,176,Notifications,Webhook Retries,P4,2026-05-03 02:34:34.000000000,True,218,False,2026-05-03 08:38:55.211624934,2026-05-04 15:01:18.298008462,6.072558784703888,36.44563833568389,False,False,False,False,False,
848232,173,Payments & Checkout,3DS Authentication,P2,2025-02-22 04:34:47.000000000,True,218,True,2025-02-22 07:23:32.902978978,2025-02-24 03:06:34.388042130,2.812750827493889,46.52983001170278,True,True,False,False,False,
848233,187,Fulfilment & Logistics,Inventory Mismatch,P4,2026-05-31 01:47:25.000000000,True,208,False,2026-05-31 10:25:06.993494392,2026-06-01 23:16:07.474157273,8.62833152622,45.47846504368695,False,False,False,False,False,
848234,212,Payments & Checkout,Refund Processing,P2,2025-05-27 03:39:34.000000000,True,217,False,2025-05-27 04:34:50.648509104,2025-05-27 23:09:27.277198892,0.9212912525288888,19.49813255524778,False,True,False,False,False,
848235,210,Payments & Checkout,3DS Authentication,P4,2025-10-27 09:27:19.000000000,True,217,False,2025-10-27 16:02:08.515845289,2025-10-31 10:03:38.048415252,6.580421068135833,96.60529122645887,False,True,False,False,False,
848236,125,Fulfilment & Logistics,Carrier Sync Failure,P2,2025-02-19 02:15:03.000000000,True,216,False,2025-02-19 03:21:11.974596862,2025-02-19 14:15:02.646492380,1.1024929435727775,11.99990180343889,True,True,False,False,False,
848237,111,Account Access,SSO Failure,P3,2025-02-01 18:49:45.000000000,True,216,True,2025-02-01 22:02:43.306137062,2025-02-02 15:46:31.339290135,3.216196149183889,20.94620535837084,False,False,False,False,False,
848238,181,Notifications,Email Delivery Failure,P4,2026-01-21 03:05:41.000000000,True,218,False,2026-01-21 09:36:41.972874628,2026-01-22 05:36:34.095738014,6.516936909618889,26.514748816115,False,False,False,False,False,
848239,154,Fulfilment & Logistics,Tracking Updates,P1,2025-09-09 14:33:52.000000000,True,206,False,2025-09-09 15:04:05.515083740,2025-09-09 18:53:22.177464671,0.5037541899277778,4.325049295741945,True,True,False,False,False,
848240,118,Account Access,User Permissions,P3,2026-04-28 12:54:09.000000000,True,202,False,2026-04-28 16:32:42.364584463,2026-04-29 21:54:24.943252676,3.642601273461944,33.00442868129889,False,True,False,False,False,0.57
848241,106,Account Access,2FA Reset,P3,2026-04-07 02:53:02.000000000,True,213,False,2026-04-07 04:40:52.558482561,2026-04-07 17:32:43.616634672,1.7973773562669446,14.661560176297778,False,False,False,False,False,
848242,142,Payments & Checkout,Refund Processing,P3,2026-03-25 18:57:50.000000000,True,207,False,2026-03-25 21:13:07.771692442,2026-03-26 15:34:37.009474874,2.254936581233889,20.613058187465,False,False,True,False,False,
848243,102,API Integrations,Endpoint Timeout,P3,2025-09-10 01:22:45.000000000,True,210,True,2025-09-10 05:46:44.059951332,2025-09-12 06:46:07.217719750,4.39973887537,53.38950492215278,True,True,False,False,False,
848244,172,Fulfilment & Logistics,Inventory Mismatch,P3,2025-06-28 13:08:29.000000000,True,209,False,2025-06-28 16:53:33.950329918,2025-06-29 17:55:12.900096911,3.751375091643889,28.77886113803084,False,True,False,False,False,
848245,117,API Integrations,Endpoint Timeout,P3,2025-12-20 06:41:45.000000000,True,211,False,2025-12-20 08:01:29.793321574,2025-12-20 18:28:43.793685520,1.329109255992778,11.782998245977778,False,False,False,False,False,
848246,108,Notifications,Email Delivery Failure,P2,2025-08-28 20:57:55.000000000,True,218,False,2025-08-28 22:59:38.247491140,2025-08-29 07:09:01.591192619,2.0286798586500003,10.185164220171943,True,True,False,False,False,
848247,193,Notifications,SMS Gateway Drag,P2,2025-07-04 03:24:36.000000000,True,218,False,2025-07-04 05:17:50.032021459,2025-07-04 12:54:47.271409757,1.8872311170719445,9.50313094715472,True,True,False,False,False,
848248,114,API Integrations,Webhook Failures,P2,2026-02-03 17:29:50.000000000,True,205,False,2026-02-03 18:50:39.372872964,2026-02-04 19:32:20.877218218,1.3470480202677777,26.041910338393887,True,True,True,False,False,
848249,137,Fulfilment & Logistics,Inventory Mismatch,P2,2026-02-11 15:42:50.000000000,True,216,False,2026-02-11 16:50:55.645240815,2026-02-11 22:44:49.498502279,1.1349014557819443,7.033194028410833,True,False,False,False,False,
848250,146,Notifications,Webhook Retries,P3,2025-11-11 10:49:17.000000000,True,218,False,2025-11-11 14:15:54.200770228,2025-11-12 03:06:12.042113183,3.4436668806188893,16.281956142550833,False,False,False,False,False,1.0
848251,164,API Integrations,Authentication Error,P2,2025-09-30 14:02:59.000000000,True,201,False,2025-09-30 15:31:18.691376794,2025-10-01 21:00:42.688309209,1.4721364935538888,30.962135641446945,True,True,False,False,False,0.58
848252,120,Notifications,Webhook Retries,P4,2025-01-28 20:03:39.000000000,True,220,False,2025-01-29 03:44:27.102477963,2025-01-30 11:09:13.444045579,7.680028466100833,39.092901123771945,False,False,False,False,False,
848253,122,Payments & Checkout,3DS Authentication,P3,2025-03-15 20:43:44.000000000,True,207,False,2025-03-15 23:18:47.822185209,2025-03-17 01:30:23.667185170,2.5843950514469443,28.777685329213888,False,True,True,False,False,
848254,145,Fulfilment & Logistics,Label Generation,P4,2025-12-01 17:40:44.000000000,True,206,False,2025-12-01 23:49:09.049117644,2025-12-03 05:05:58.827548997,6.140291421567778,35.42078543027694,False,False,False,False,False,
848255,193,Account Access,User Permissions,P4,2025-02-14 17:15:40.000000000,True,212,False,2025-02-14 20:39:54.825778876,2025-02-15 19:14:04.671489440,3.4041182719100003,25.97351985817778,False,False,False,False,False,
848256,173,API Integrations,Rate Limiting,P3,2025-01-22 11:46:42.000000000,True,205,False,2025-01-22 14:01:30.719919814,2025-01-24 05:52:36.285788457,2.2468666443927776,42.09841271901583,False,True,False,False,False,
848257,211,Account Access,User Permissions,P3,2025-01-07 20:49:54.000000000,True,212,False,2025-01-07 22:39:58.813759708,2025-01-08 09:54:15.461080126,1.8346704888077776,13.072628077812777,False,False,False,False,False,
848258,105,Payments & Checkout,Refund Processing,P3,2025-11-14 12:19:28.000000000,True,207,False,2025-11-14 14:40:00.083435435,2025-11-16 03:53:38.321423172,2.3422453987319445,39.56953372865889,False,True,True,False,False,0.19
848259,122,API Integrations,Authentication Error,P3,2025-02-25 15:45:39.000000000,True,214,False,2025-02-25 18:02:25.619105001,2025-02-27 04:02:02.301232557,2.2796164180558334,36.27313923126584,False,True,False,False,False,
848260,177,Fulfilment & Logistics,Tracking Updates,P3,2025-06-05 07:58:24.000000000,True,216,False,2025-06-05 09:54:59.604944426,2025-06-06 05:08:12.229800739,1.9432235956738888,21.163397166871945,False,False,False,False,False,
848261,168,Fulfilment & Logistics,Label Generation,P2,2025-07-22 03:03:33.000000000,True,210,False,2025-07-22 05:15:43.832761245,2025-07-22 16:40:47.667976430,2.203009100345833,13.620741104563889,True,True,False,False,False,0.63
848262,135,Account Access,Password Reset,P4,2025-06-08 17:29:34.000000000,True,202,False,2025-06-09 02:10:01.908798264,2025-06-10 17:57:51.762527232,8.67441911062889,48.47160070200889,False,True,False,False,False,
848263,195,Payments & Checkout,Card Declines,P4,2026-02-13 02:28:33.000000000,True,201,True,2026-02-13 12:57:37.392567812,2026-02-17 13:40:57.471957805,10.48455349105889,107.20679776605694,False,True,True,False,False,
848264,110,Notifications,Template Syntax Error,P3,2025-09-04 14:13:06.000000000,True,218,False,2025-09-04 16:25:51.122859687,2025-09-05 03:57:29.377406582,2.212534127690833,13.73982705738389,False,False,False,False,False,
848265,196,Fulfilment & Logistics,Carrier Sync Failure,P3,2025-03-29 02:08:15.000000000,True,217,True,2025-03-29 06:34:19.287078625,2025-03-31 00:27:10.769284540,4.434524188506945,46.31549146792778,True,True,False,False,False,
848266,111,Notifications,Webhook Retries,P3,2026-06-21 12:56:31.000000000,True,218,False,2026-06-21 15:58:13.299671400,2026-06-22 03:03:32.680008037,3.028416575388889,14.117133335565834,False,False,False,False,False,
848267,150,Notifications,Template Syntax Error,P3,2026-02-02 11:11:41.000000000,True,218,False,2026-02-02 13:56:03.017090228,2026-02-03 05:39:02.142398898,2.7394491917300003,18.45587288858277,False,False,False,False,False,
848268,192,API Integrations,Authentication Error,P3,2026-01-27 14:08:09.000000000,True,214,False,2026-01-27 16:08:37.893637479,2026-01-28 21:11:31.947082380,2.008026010410833,31.05637418955,False,True,False,False,False,
848269,102,Payments & Checkout,Payout Delays,P2,2026-05-24 17:13:41.000000000,True,202,True,2026-05-24 18:29:43.985674138,2026-05-25 15:38:37.124061963,1.2674960205938888,22.415590017211944,True,True,False,False,False,
848270,175,Fulfilment & Logistics,Tracking Updates,P3,2025-02-18 11:35:52.000000000,True,209,False,2025-02-18 15:16:45.866373145,2025-02-19 23:53:20.092601503,3.681629548095833,36.29113683375083,False,True,False,False,False,
848271,112,Fulfilment & Logistics,Inventory Mismatch,P4,2026-05-18 02:04:49.000000000,True,216,False,2026-05-18 07:45:16.010312406,2026-05-19 11:28:47.900404645,5.674169531223889,33.39969455684583,False,False,False,False,False,
848272,166,Account Access,Password Reset,P4,2025-11-17 13:14:28.000000000,True,212,False,2025-11-17 16:31:20.044731695,2025-11-18 10:16:17.666751436,3.281123536581944,21.03046298651,False,False,False,False,False,
848273,130,Payments & Checkout,Refund Processing,P1,2025-03-09 22:09:56.000000000,True,204,False,2025-03-09 22:51:47.609630494,2025-03-10 04:23:27.516787233,0.697669341803889,6.225421329786944,True,True,False,False,False,
848274,110,API Integrations,Rate Limiting,P2,2025-05-19 06:10:38.000000000,True,201,False,2025-05-19 08:06:05.747586826,2025-05-20 19:19:41.162619634,1.9243743296738889,37.15087850545389,True,True,True,False,False,
848275,205,API Integrations,Rate Limiting,P2,2025-01-18 09:54:19.000000000,True,205,False,2025-01-18 11:17:12.351670360,2025-01-19 08:38:28.863101586,1.3814865751,22.73607308377389,True,True,False,False,False,
848276,209,Fulfilment & Logistics,Inventory Mismatch,P2,2025-10-25 22:57:18.000000000,True,208,False,2025-10-26 00:40:12.215604187,2025-10-26 18:15:37.406454505,1.7150598900519445,19.305390681806948,True,True,False,False,False,
848277,141,Payments & Checkout,Refund Processing,P3,2025-07-23 02:42:33.000000000,True,202,True,2025-07-23 08:26:27.956610062,2025-07-25 09:08:29.307030315,5.7319323916838885,54.43230750842083,True,True,False,False,False,
848278,112,Fulfilment & Logistics,Tracking Updates,P3,2025-12-15 04:53:20.000000000,True,209,False,2025-12-15 07:37:37.964216135,2025-12-16 09:04:50.655193143,2.738323393370833,28.191848664761945,False,True,False,False,False,
848279,198,Payments & Checkout,Refund Processing,P1,2025-06-23 16:18:38.000000000,True,207,False,2025-06-23 16:44:36.965836289,2025-06-23 20:39:40.907585525,0.4330460656358333,4.350807662645833,True,True,False,False,False,
848280,151,API Integrations,Authentication Error,P3,2025-08-14 20:34:07.000000000,True,201,False,2025-08-14 23:00:32.412558758,2025-08-16 23:28:05.646545112,2.440392377432778,50.899624040308886,False,True,False,False,False,
848281,131,API Integrations,Endpoint Timeout,P2,2026-02-24 03:35:28.000000000,True,211,False,2026-02-24 04:09:02.999430652,2026-02-24 15:18:30.398312005,0.55972206407,11.717332864445837,False,True,False,False,False,
848282,112,Payments & Checkout,3DS Authentication,P3,2026-03-30 13:22:21.000000000,True,204,False,2026-03-30 16:02:22.087868146,2026-04-01 13:56:54.568375526,2.666968852262778,48.57599121542389,False,True,True,False,False,
848283,124,Notifications,Template Syntax Error,P2,2026-03-28 07:59:33.000000000,True,220,False,2026-03-28 09:07:53.542847150,2026-03-28 14:57:46.911088810,1.1390396797638889,6.970530858002778,True,False,False,False,False,0.85
848284,188,Notifications,SMS Gateway Drag,P3,2025-12-24 00:36:32.000000000,True,220,False,2025-12-24 03:30:24.265904187,2025-12-24 18:53:18.733793643,2.897851640051944,18.279648276011944,False,False,False,False,False,
848285,170,Fulfilment & Logistics,Tracking Updates,P4,2026-05-17 05:01:08.000000000,True,209,False,2026-05-17 11:37:18.301621018,2026-05-19 19:39:57.504302560,6.602861561393889,62.64708452848889,False,True,False,False,False,
848286,180,API Integrations,Webhook Failures,P3,2026-05-06 09:54:20.000000000,True,205,False,2026-05-06 12:03:35.137760513,2026-05-07 18:19:21.620777284,2.154204933475833,32.41711688257889,False,True,False,False,False,
848287,145,Notifications,Template Syntax Error,P3,2025-08-13 00:04:47.000000000,True,218,False,2025-08-13 02:37:31.441848604,2025-08-13 18:08:30.223667562,2.5456782912788887,18.062006574322776,False,False,False,False,False,
848288,196,API Integrations,Endpoint Timeout,P4,2025-07-01 17:23:33.000000000,True,201,False,2025-07-02 00:11:16.438945041,2025-07-04 19:27:05.410697166,6.795399706955834,74.05900297143499,False,True,True,False,False,0.48
848289,168,Notifications,Webhook Retries,P2,2025-05-01 21:42:27.000000000,True,218,False,2025-05-01 23:17:35.157554286,2025-05-02 05:30:26.324381408,1.585599320635,7.79981232816889,True,False,False,False,False,
848290,195,Notifications,Template Syntax Error,P2,2025-08-31 22:00:05.000000000,True,220,False,2025-08-31 22:46:48.609943251,2025-09-01 03:41:44.749750779,0.7787805397919444,5.694374930771945,False,False,False,False,False,
848291,114,API Integrations,Endpoint Timeout,P4,2026-04-01 06:04:05.000000000,True,214,False,2026-04-01 10:20:00.571483786,2026-04-03 19:49:16.618959788,4.265436523273888,61.75322748883,False,True,True,False,False,
848292,144,Notifications,Webhook Retries,P2,2025-02-17 10:53:01.000000000,True,218,False,2025-02-17 12:32:32.609525813,2025-02-17 20:02:39.577138426,1.6587804238369444,9.160715871785,True,True,False,False,False,
848293,105,Payments & Checkout,Card Declines,P3,2026-04-02 11:56:16.000000000,True,217,False,2026-04-02 14:39:37.322877595,2026-04-04 16:17:17.539749908,2.722589688220833,52.35042770830778,False,True,False,False,False,
848294,178,Notifications,Webhook Retries,P3,2026-05-23 12:11:18.000000000,True,220,False,2026-05-23 15:44:28.801754506,2026-05-24 01:09:47.442737528,3.5530004873627776,12.974845204868888,False,False,False,False,False,
848295,117,Account Access,2FA Reset,P1,2026-05-25 08:46:25.000000000,True,213,False,2026-05-25 09:04:32.605342612,2026-05-25 10:10:12.799271042,0.30211259517,1.3966109086227778,True,False,False,False,False,
848296,132,API Integrations,Authentication Error,P2,2026-03-27 20:21:41.000000000,True,211,False,2026-03-27 20:55:57.510145120,2026-03-28 07:32:30.665701892,0.5712528180888888,11.18046269497,False,True,False,False,False,
848297,173,Notifications,Webhook Retries,P4,2026-02-11 18:42:11.000000000,True,220,False,2026-02-12 02:25:20.629777935,2026-02-13 05:26:27.576817856,7.719341604981944,34.73793800496,False,False,False,False,False,0.87
848298,122,Notifications,SMS Gateway Drag,P4,2026-03-27 12:17:33.000000000,True,203,True,2026-03-27 20:43:46.510823265,2026-03-29 08:26:04.260958987,8.437086339795833,44.14201693305194,False,False,False,False,False,
848299,189,Fulfilment & Logistics,Label Generation,P4,2025-12-14 20:45:13.000000000,True,210,False,2025-12-15 05:33:04.996940249,2025-12-17 03:35:46.699467083,8.797776927846945,54.84269429641194,False,True,False,False,False,
848300,175,Payments & Checkout,Refund Processing,P2,2025-05-26 20:04:46.000000000,True,217,False,2025-05-26 20:53:07.215428617,2025-05-27 15:46:55.039200446,0.8058931746158333,19.70251088901278,False,True,False,False,False,
848301,199,Account Access,2FA Reset,P2,2025-06-15 15:04:46.000000000,True,219,False,2025-06-15 15:35:25.685985848,2025-06-15 20:37:45.222563364,0.5110238849577777,5.549784045378889,False,False,False,False,False,
848302,158,API Integrations,Rate Limiting,P3,2026-01-11 04:26:37.000000000,True,214,False,2026-01-11 06:09:00.030902652,2026-01-12 01:52:49.163172172,1.7063974729588889,21.43671199227,False,False,False,False,False,
848303,129,Notifications,Webhook Retries,P3,2025-08-21 16:30:56.000000000,True,218,False,2025-08-21 18:54:44.848987817,2025-08-22 07:18:42.136425185,2.396902496615833,14.796149006995837,False,False,False,False,False,
848304,151,API Integrations,Rate Limiting,P3,2025-12-23 14:47:10.000000000,True,211,False,2025-12-23 15:42:37.983728074,2025-12-24 03:56:31.162975728,0.924439924465,13.15587860436889,False,False,False,False,False,
848305,191,Payments & Checkout,Payout Delays,P3,2026-06-01 08:24:35.000000000,True,215,False,2026-06-01 11:41:13.204599213,2026-06-03 10:46:57.434046806,3.2772790553369444,50.372898346335006,False,True,True,False,False,
848306,173,API Integrations,Endpoint Timeout,P3,2025-12-03 05:18:10.000000000,True,205,False,2025-12-03 07:25:08.028730584,2025-12-04 06:27:31.064108849,2.116119091828889,25.155851141346943,False,True,False,False,False,
848307,143,API Integrations,Authentication Error,P3,2026-05-04 01:08:59.000000000,True,205,False,2026-05-04 03:48:45.990070960,2026-05-05 08:46:11.223174940,2.663052797488889,31.620061993038888,False,True,False,False,False,
848308,192,Notifications,Email Delivery Failure,P1,2025-06-14 14:46:44.000000000,True,220,False,2025-06-14 15:09:43.974813466,2025-06-14 16:30:27.785441818,0.3833263370738888,1.728829289393889,True,False,False,False,False,
848309,143,API Integrations,Authentication Error,P3,2025-11-06 16:01:24.000000000,True,211,False,2025-11-06 17:00:54.194960758,2025-11-07 13:16:40.411175427,0.9917208224327778,21.254558659840832,False,False,False,False,False,
848310,190,Account Access,SSO Failure,P2,2026-05-31 17:55:52.000000000,True,201,True,2026-05-31 21:00:56.611572131,2026-06-01 11:25:29.327486801,3.0846143255919443,17.493702079666942,True,True,True,False,False,0.4
848311,109,Account Access,Password Reset,P3,2026-05-20 06:54:18.000000000,True,205,True,2026-05-20 10:39:10.610044239,2026-05-21 13:51:02.371591465,3.747947234510833,30.945658775406944,False,True,False,False,False,
848312,112,API Integrations,Endpoint Timeout,P2,2025-12-02 04:53:05.000000000,True,201,False,2025-12-02 06:31:54.353827478,2025-12-03 01:14:57.007756000,1.647042729855,20.36444659888889,True,True,True,False,False,
848313,138,Account Access,Password Reset,P3,2026-06-16 09:19:05.000000000,True,219,False,2026-06-16 11:32:43.332309558,2026-06-16 21:04:29.730647890,2.227314530432778,11.75686962441389,False,False,False,False,False,
848314,146,Fulfilment & Logistics,Inventory Mismatch,P3,2026-03-02 14:45:24.000000000,True,210,False,2026-03-02 18:17:24.405843878,2026-03-03 12:10:49.085325529,3.533446067743889,21.423634812646945,False,False,False,False,False,
848315,199,API Integrations,Rate Limiting,P3,2025-12-31 09:30:39.000000000,True,205,False,2025-12-31 11:38:56.545930126,2026-01-02 02:46:42.260838122,2.1382072028127777,41.267572455033886,False,True,False,False,False,
848316,107,Account Access,SSO Failure,P3,2025-09-29 19:05:26.000000000,True,212,False,2025-09-29 20:28:24.665598798,2025-09-30 09:35:25.364573486,1.382962666332778,14.499823492635,False,False,False,False,False,
848317,112,Account Access,User Permissions,P3,2025-05-03 02:25:27.000000000,True,209,True,2025-05-03 07:56:01.320768641,2025-05-04 02:55:37.877843365,5.509533546844722,24.503021623156943,True,True,False,False,False,
848318,137,Fulfilment & Logistics,Carrier Sync Failure,P3,2025-07-23 15:52:17.000000000,True,216,False,2025-07-23 17:59:27.565130360,2025-07-24 04:15:13.944030155,2.1196014251,12.382484452820831,False,False,False,False,False,
848319,189,Notifications,Template Syntax Error,P4,2025-11-17 15:15:23.000000000,True,209,True,2025-11-18 00:48:06.140989605,2025-11-20 07:05:25.519607116,9.545316941556946,63.83403322419889,False,True,False,False,False,
848320,104,Notifications,SMS Gateway Drag,P3,2025-07-09 07:08:36.000000000,True,220,False,2025-07-09 10:17:56.688352156,2025-07-09 20:50:27.366067670,3.1557467644877777,13.697601685463887,False,False,False,False,False,
848321,111,Account Access,SSO Failure,P4,2025-02-23 15:02:04.000000000,True,202,False,2025-02-23 23:13:05.218271653,2025-02-25 05:43:18.531115303,8.183671742125833,38.68736975425083,False,False,False,False,False,
848322,123,API Integrations,Rate Limiting,P3,2026-03-13 16:51:55.000000000,True,211,False,2026-03-13 18:09:02.732586569,2026-03-14 04:37:55.365302502,1.2854812740469443,11.76676813958389,False,False,False,False,False,
848323,126,Fulfilment & Logistics,Tracking Updates,P3,2025-04-05 04:57:27.000000000,True,206,False,2025-04-05 06:53:41.989998127,2025-04-05 19:12:41.541868573,1.9374972217019444,14.254039407936943,False,False,False,False,False,
848324,114,Payments & Checkout,3DS Authentication,P3,2025-10-23 20:44:18.000000000,True,219,True,2025-10-24 00:34:35.239930879,2025-10-25 08:17:28.539852742,3.838122203021945,35.55292773687278,False,True,False,False,False,
848325,130,Account Access,Password Reset,P3,2025-08-26 20:49:48.000000000,True,214,True,2025-08-26 23:50:52.157364964,2025-08-27 12:10:04.785806629,3.0178214902677776,15.337996057396944,False,False,False,False,False,
848326,189,API Integrations,Webhook Failures,P4,2026-02-17 06:47:18.000000000,True,211,False,2026-02-17 09:17:05.890802346,2026-02-18 14:17:53.282594260,2.496636333985,31.50980072062778,False,False,False,False,False,
848327,153,Account Access,Password Reset,P3,2025-06-22 00:24:13.000000000,True,202,False,2025-06-22 03:23:16.594906895,2025-06-23 07:41:40.485189322,2.9843319185819444,31.290968108145,False,True,False,False,False,
848328,189,API Integrations,Rate Limiting,P2,2025-03-03 19:30:29.000000000,True,201,False,2025-03-03 21:20:20.153217572,2025-03-04 21:30:48.917557917,1.83087589377,26.005532654976943,True,True,False,False,False,
848329,141,Fulfilment & Logistics,Inventory Mismatch,P3,2025-03-14 15:05:52.000000000,True,219,True,2025-03-14 19:00:57.266751930,2025-03-15 23:30:20.366465093,3.9181296533138887,32.40787957363695,False,True,False,False,False,
848330,150,Fulfilment & Logistics,Carrier Sync Failure,P3,2026-04-25 21:06:54.000000000,True,206,False,2026-04-25 23:19:56.499887107,2026-04-26 11:58:04.249070702,2.2173610797519445,14.852846964083888,False,False,False,False,False,
848331,153,Account Access,SSO Failure,P3,2025-11-10 13:51:38.000000000,True,219,False,2025-11-10 15:45:51.458579994,2025-11-11 07:09:05.676780616,1.903738494442777,17.29102132794889,False,False,False,False,False,
848332,143,API Integrations,Rate Limiting,P1,2026-06-12 14:36:50.000000000,True,214,False,2026-06-12 14:54:04.465412175,2026-06-12 17:51:31.534223644,0.2873515033819444,3.2448706176788886,True,True,True,False,False,0.33
848333,150,Fulfilment & Logistics,Tracking Updates,P3,2025-03-16 13:23:40.000000000,True,206,False,2025-03-16 16:05:02.987417621,2025-03-17 13:09:07.808726525,2.6897187271169445,23.757724646256943,False,False,False,False,False,
848334,124,Payments & Checkout,Card Declines,P3,2025-03-29 00:59:39.000000000,True,207,False,2025-03-29 02:48:15.910026806,2025-03-30 00:15:52.752112638,1.810252785223889,23.270486697955,False,False,True,False,False,
848335,143,Account Access,SSO Failure,P3,2025-02-28 10:18:33.000000000,True,202,False,2025-02-28 14:05:18.823918422,2025-03-01 18:42:42.226470862,3.779395532895,32.40256290857278,False,True,False,False,False,
848336,128,Account Access,SSO Failure,P4,2025-10-11 17:36:16.000000000,True,203,False,2025-10-11 23:14:42.351123258,2025-10-12 20:24:29.972892947,5.640653089793888,26.803881359151944,False,False,False,False,False,
848337,159,API Integrations,Webhook Failures,P2,2026-06-23 21:22:53.000000000,True,214,False,2026-06-23 21:55:46.203153538,2026-06-24 06:54:31.210973448,0.5481119870938889,9.527280825957776,False,True,True,False,False,
848338,146,API Integrations,Webhook Failures,P2,2025-04-14 19:55:26.000000000,True,214,False,2025-04-14 20:30:36.298843808,2025-04-15 09:39:17.558107466,0.5861941232800001,13.730988363185,False,True,True,False,False,
848339,130,Fulfilment & Logistics,Tracking Updates,P3,2025-01-17 14:13:22.000000000,True,216,False,2025-01-17 16:03:14.550532321,2025-01-18 09:09:13.705771621,1.8312640367558333,18.931029381005832,False,False,False,False,False,
848340,136,Account Access,Password Reset,P3,2025-01-28 05:49:16.000000000,True,202,False,2025-01-28 09:52:08.328287161,2025-01-29 05:08:20.141715721,4.047868968655834,23.31781714325583,True,False,False,False,False,
848341,101,Fulfilment & Logistics,Carrier Sync Failure,P3,2025-06-19 00:41:41.000000000,True,205,True,2025-06-19 04:08:19.317077783,2025-06-20 13:02:27.877435023,3.4439769660508333,36.346354843061945,False,True,False,False,False,
848342,106,Fulfilment & Logistics,Carrier Sync Failure,P4,2025-09-21 09:31:23.000000000,True,207,True,2025-09-21 18:11:21.585234158,2025-09-23 15:57:43.822359232,8.666273676154999,54.43911732200889,False,True,True,False,False,
848343,201,API Integrations,Endpoint Timeout,P4,2025-02-09 05:03:13.000000000,True,205,False,2025-02-09 09:58:01.850579072,2025-02-11 06:56:55.351933858,4.913569605297778,49.895097759405004,False,True,True,False,False,0.41
848344,142,Fulfilment & Logistics,Inventory Mismatch,P4,2026-06-07 15:24:12.000000000,True,210,False,2026-06-07 21:58:05.982733960,2026-06-10 13:16:06.395628411,6.564995203877778,69.86510989678084,False,True,False,False,False,
848345,127,Payments & Checkout,3DS Authentication,P4,2026-03-03 08:22:52.000000000,True,207,False,2026-03-03 14:56:39.495306491,2026-03-05 12:18:43.705745273,6.563193140691944,51.93102937368695,False,True,True,False,False,
848346,129,Payments & Checkout,3DS Authentication,P2,2025-04-05 19:01:09.000000000,True,204,False,2025-04-05 20:56:26.962087004,2025-04-07 05:58:47.816358300,1.9216561352788888,34.96078232175,True,True,True,False,False,
848347,102,Payments & Checkout,Payout Delays,P2,2025-04-29 02:23:09.000000000,True,217,False,2025-04-29 03:26:19.170566427,2025-04-29 14:09:28.734651264,1.0528251573408334,11.77214851424,True,True,False,False,False,
848348,118,API Integrations,Authentication Error,P3,2026-01-19 07:01:08.000000000,True,214,False,2026-01-19 09:02:20.321717024,2026-01-20 19:35:22.759970326,2.02008936584,36.57076665842389,False,True,False,False,False,
848349,138,Account Access,User Permissions,P4,2026-02-14 09:18:34.000000000,True,201,True,2026-02-14 19:05:21.740559584,2026-02-16 22:26:55.345089370,9.77992793321778,61.139262524825,False,True,False,False,False,
848350,195,Notifications,SMS Gateway Drag,P3,2025-03-16 22:54:49.000000000,True,220,False,2025-03-17 01:41:43.525103770,2025-03-17 22:51:16.881487492,2.781812528825,23.941078190970003,False,False,False,False,False,1.0
848351,168,Fulfilment & Logistics,Inventory Mismatch,P4,2026-05-07 21:53:20.000000000,True,208,False,2026-05-08 04:03:59.873075286,2026-05-10 06:05:49.646691113,6.177742520912777,56.20823519197584,False,True,False,False,False,
848352,166,Payments & Checkout,3DS Authentication,P4,2026-01-25 08:06:44.000000000,True,215,False,2026-01-25 13:59:33.209668166,2026-01-27 13:46:01.528876618,5.880336018935,53.65486913239389,False,True,True,False,False,
848353,157,API Integrations,Authentication Error,P3,2025-06-07 20:37:43.000000000,True,205,False,2025-06-07 23:03:03.253873838,2025-06-09 09:10:27.546103945,2.422292742732778,36.54570725109584,False,True,True,False,False,
848354,114,Notifications,Webhook Retries,P2,2025-12-11 20:49:33.000000000,True,220,False,2025-12-11 21:38:44.653309567,2025-12-12 01:26:23.643679161,0.8199036971019444,4.614067688655833,False,False,False,False,False,
848355,149,API Integrations,Endpoint Timeout,P2,2025-02-03 08:25:25.000000000,True,213,True,2025-02-03 09:08:50.076998869,2025-02-04 03:47:32.978064426,0.7236324996858333,19.36888279567389,False,True,True,False,False,
848356,169,Payments & Checkout,3DS Authentication,P2,2026-06-13 09:24:37.000000000,True,215,False,2026-06-13 11:29:07.184735782,2026-06-14 17:48:16.454962324,2.075051315495,32.39429304509,True,True,True,False,False,
848357,139,Fulfilment & Logistics,Label Generation,P3,2026-02-04 19:21:44.000000000,True,218,True,2026-02-04 22:55:50.309030136,2026-02-06 07:49:59.819210469,3.568419175037778,36.47106089179695,False,True,False,False,False,
848358,103,Fulfilment & Logistics,Inventory Mismatch,P3,2025-12-21 18:37:33.000000000,True,220,True,2025-12-21 23:37:41.663606920,2025-12-23 19:07:03.162164960,5.002406557477777,48.491711712488886,True,True,False,False,False,0.32
848359,106,Account Access,Password Reset,P2,2025-08-01 17:19:29.000000000,True,202,False,2025-08-01 18:18:35.263204294,2025-08-01 23:50:29.570704253,0.9850731123038888,6.516825195625834,False,False,False,False,False,
848360,108,API Integrations,Authentication Error,P4,2026-03-03 18:06:57.000000000,True,203,True,2026-03-04 00:45:58.447015590,2026-03-08 04:19:45.693691483,6.650401948775,106.21352602541197,False,True,False,False,False,
848361,185,Fulfilment & Logistics,Tracking Updates,P3,2026-01-01 13:59:13.000000000,True,208,False,2026-01-01 17:00:04.001794752,2026-01-02 15:12:55.583536120,3.014167165208889,25.2284954267,False,True,False,False,False,
848362,177,Account Access,2FA Reset,P3,2025-08-29 19:44:14.000000000,True,212,False,2025-08-29 20:58:25.543587483,2025-08-30 08:10:28.539900164,1.2365398854119445,12.43737219449,False,False,False,False,False,
848363,177,Account Access,SSO Failure,P2,2026-02-08 20:21:32.000000000,True,218,True,2026-02-08 23:20:18.561914404,2026-02-09 10:38:16.571533260,2.9796005317788885,14.279047648127776,True,True,True,False,False,
848364,141,Notifications,Email Delivery Failure,P4,2026-05-06 02:30:56.000000000,True,218,False,2026-05-06 09:23:41.969111004,2026-05-07 16:50:26.842812974,6.879435864167778,38.325234114715,False,False,False,False,False,
848365,207,Payments & Checkout,Card Declines,P3,2025-04-24 16:00:08.000000000,True,207,False,2025-04-24 17:57:55.076704323,2025-04-25 14:06:10.199649006,1.9630768623119443,22.100611013612777,False,False,True,False,False,
848366,160,Payments & Checkout,Card Declines,P4,2025-04-08 15:46:23.000000000,True,204,False,2025-04-08 22:39:22.394910814,2025-04-12 13:37:11.470985330,6.883165253003889,93.846797495925,False,True,False,False,False,
848367,123,Fulfilment & Logistics,Carrier Sync Failure,P3,2026-05-05 09:30:10.000000000,True,216,False,2026-05-05 11:32:00.042650818,2026-05-05 21:43:02.361647308,2.030567403005,12.21454490203,False,False,False,False,False,
848368,118,Account Access,Password Reset,P3,2025-01-06 20:54:47.000000000,True,212,False,2025-01-06 22:16:58.376227607,2025-01-07 11:03:10.655519610,1.369826729890833,14.13990431100278,False,False,True,False,False,
848369,160,Notifications,Webhook Retries,P3,2025-01-27 14:12:09.000000000,True,220,False,2025-01-27 17:00:11.026775880,2025-01-28 04:23:59.372717690,2.8005629933,14.197325754913887,False,False,False,False,False,
848370,132,Payments & Checkout,Refund Processing,P3,2025-08-15 15:00:41.000000000,True,215,False,2025-08-15 18:05:24.864235072,2025-08-17 06:40:33.887958027,3.078851176408889,39.66469109945194,False,True,True,False,False,
848371,197,Payments & Checkout,Refund Processing,P3,2025-03-17 06:31:54.000000000,True,217,False,2025-03-17 10:35:38.845386386,2025-03-18 20:45:19.825798347,4.0624570517738885,38.22384049954084,True,True,False,False,False,
848372,167,API Integrations,Rate Limiting,P4,2026-05-22 22:55:42.000000000,True,201,False,2026-05-23 05:18:00.680590383,2026-05-27 04:15:27.401145902,6.371855719550833,101.32927809608388,False,True,False,False,False,
848373,148,Fulfilment & Logistics,Tracking Updates,P3,2026-05-15 19:03:50.000000000,True,206,False,2026-05-15 21:39:52.897080430,2026-05-16 13:00:17.557210803,2.600804744563889,17.940988114111946,False,False,False,False,False,0.94
848374,182,Notifications,Email Delivery Failure,P2,2025-07-24 19:20:50.000000000,True,220,False,2025-07-24 20:27:38.884902117,2025-07-25 02:17:42.186493968,1.1135791394769443,6.947829581657778,True,False,False,False,False,
848375,147,Fulfilment & Logistics,Carrier Sync Failure,P3,2025-05-30 14:35:23.000000000,True,206,False,2025-05-30 16:37:42.672099735,2025-05-31 08:02:07.422358359,2.0387978054819444,17.445672877321943,False,False,False,False,False,
848376,155,API Integrations,Authentication Error,P3,2025-05-18 11:24:29.000000000,True,205,False,2025-05-18 13:52:53.203098516,2025-05-20 03:20:22.657235724,2.4733897495877777,39.93157145436778,False,True,False,False,False,0.62
848377,126,Account Access,User Permissions,P4,2025-11-10 22:50:27.000000000,True,202,False,2025-11-11 08:25:25.223770377,2025-11-12 10:01:54.799000512,9.582839936215834,35.19105527792,False,False,False,False,False,
848378,151,Notifications,Template Syntax Error,P3,2025-10-13 05:10:23.000000000,True,220,False,2025-10-13 08:06:21.655191080,2025-10-13 20:40:58.993283919,2.9329597753,15.509998134421943,False,False,False,False,False,
848379,119,Account Access,User Permissions,P3,2025-02-23 05:40:06.000000000,True,212,False,2025-02-23 07:39:04.529672356,2025-02-23 17:14:09.332511015,1.9829249089877776,11.567592364170835,False,False,False,False,False,
848380,133,Fulfilment & Logistics,Tracking Updates,P3,2025-01-13 16:05:13.000000000,True,210,False,2025-01-13 18:46:50.483051880,2025-01-14 10:22:08.578419655,2.693745292188889,18.28210511657084,False,False,False,False,False,
848381,149,Account Access,SSO Failure,P4,2025-12-18 08:48:59.000000000,True,217,True,2025-12-18 19:58:02.878047378,2025-12-20 20:42:43.408135396,11.151077235382775,59.895668926498885,False,True,False,False,False,
848382,140,Notifications,SMS Gateway Drag,P4,2026-04-22 15:44:33.000000000,True,218,False,2026-04-22 23:27:51.132891405,2026-04-24 10:03:28.037237857,7.721703580945833,42.31528812162694,False,False,False,False,False,
848383,128,Notifications,SMS Gateway Drag,P3,2026-05-24 21:43:42.000000000,True,218,False,2026-05-25 00:29:16.214355385,2026-05-25 19:20:54.867569122,2.7595039876069443,21.620240991422776,False,False,False,False,False,
848384,155,Account Access,SSO Failure,P4,2025-05-05 14:49:14.000000000,True,203,False,2025-05-05 19:46:43.813567752,2025-05-07 04:20:56.578634540,4.958281546597778,37.52849406515,False,False,False,False,False,
848385,205,Notifications,SMS Gateway Drag,P4,2025-12-23 19:33:43.000000000,True,214,True,2025-12-24 01:39:39.525134228,2025-12-25 00:24:58.463808492,6.099034759507777,28.854295502358887,False,False,False,False,False,
848386,130,Payments & Checkout,3DS Authentication,P3,2026-06-27 14:21:18.000000000,True,217,False,2026-06-27 18:18:18.378574779,2026-06-29 04:32:57.421122302,3.9501051596608336,38.19428364508389,False,True,False,False,False,
848387,197,Notifications,Webhook Retries,P3,2026-04-15 14:46:37.000000000,True,218,False,2026-04-15 18:00:48.216218459,2026-04-16 08:46:35.847946478,3.2364489495719444,17.99967998513278,False,False,False,False,False,
848388,145,Notifications,Email Delivery Failure,P2,2025-05-06 19:09:13.000000000,True,220,False,2025-05-06 20:07:39.908823827,2025-05-06 23:39:21.663469890,0.9741413399519444,4.5024065194138885,False,False,False,False,False,
848389,151,API Integrations,Rate Limiting,P2,2026-04-22 22:20:22.000000000,True,214,False,2026-04-22 23:04:12.708513888,2026-04-23 12:03:26.125181746,0.730752364968889,13.717812550485,False,True,False,False,False,
848390,191,Fulfilment & Logistics,Inventory Mismatch,P4,2025-03-12 05:49:06.000000000,True,210,False,2025-03-12 12:28:34.600961893,2025-03-14 00:40:18.102436562,6.657944711636945,42.85336178793389,False,False,False,False,False,
848391,131,Account Access,2FA Reset,P3,2025-11-03 20:53:11.000000000,True,212,False,2025-11-03 22:16:47.143822673,2025-11-04 12:19:15.946928392,1.3933732840758333,15.434707480108887,False,False,False,False,False,
848392,177,Notifications,SMS Gateway Drag,P3,2025-10-02 15:11:39.000000000,True,214,True,2025-10-02 18:26:53.150326014,2025-10-03 08:25:37.825842780,3.253930646115,17.23300717855,False,False,False,False,False,
848393,192,Payments & Checkout,Payout Delays,P3,2025-10-12 19:48:04.000000000,True,217,False,2025-10-12 23:44:22.752748489,2025-10-15 01:28:34.644230371,3.938542430135833,53.67517895288084,False,True,False,False,False,
848394,158,Payments & Checkout,Refund Processing,P3,2025-12-12 17:12:55.000000000,True,207,False,2025-12-12 19:16:30.505411336,2025-12-13 13:44:24.173234216,2.05986261426,20.524770342837776,False,False,False,False,False,
848395,138,Fulfilment & Logistics,Label Generation,P3,2025-08-07 12:45:43.000000000,True,210,False,2025-08-07 15:11:12.273944126,2025-08-08 21:48:12.138659080,2.424798317812778,33.0414274053,False,True,False,False,False,0.73
848396,103,Notifications,Webhook Retries,P3,2025-07-18 13:27:02.000000000,True,220,False,2025-07-18 17:03:47.941703375,2025-07-19 04:47:58.915206998,3.6127615842708334,15.349143113055,False,False,True,False,False,
848397,164,Notifications,Webhook Retries,P2,2025-02-04 21:33:04.000000000,True,218,False,2025-02-04 23:38:51.862531794,2025-02-05 09:42:44.537410656,2.0966284810538887,12.161260391848888,True,True,False,False,False,
848398,135,Payments & Checkout,Refund Processing,P3,2025-10-14 22:25:47.000000000,True,204,False,2025-10-15 01:56:03.180583868,2025-10-17 01:35:56.134661828,3.50449460663,51.16920407273,False,True,False,False,False,0.66
848399,207,Payments & Checkout,Refund Processing,P3,2026-05-21 08:47:43.000000000,True,204,False,2026-05-21 11:43:37.550912260,2026-05-22 17:46:20.868066731,2.93181969785,32.97718557409194,False,True,False,False,False,
848400,119,Fulfilment & Logistics,Label Generation,P3,2025-04-09 20:26:03.000000000,True,206,False,2025-04-09 23:20:56.154011163,2025-04-10 16:01:12.771126766,2.9147650031008334,19.58604753521277,False,False,False,False,False,
848401,173,Account Access,2FA Reset,P3,2025-12-05 14:32:17.000000000,True,219,False,2025-12-05 17:06:55.691786867,2025-12-06 06:06:14.849367611,2.577414385240833,15.566069268780833,False,False,False,False,False,
848402,180,Payments & Checkout,3DS Authentication,P2,2025-06-08 17:04:32.000000000,True,207,False,2025-06-08 18:30:24.633353694,2025-06-09 10:59:25.421923822,1.4312870426927775,17.91483942328389,True,True,True,False,False,
848403,189,API Integrations,Endpoint Timeout,P2,2026-04-21 06:11:44.000000000,True,201,False,2026-04-21 08:07:31.817884686,2026-04-22 11:14:55.525202460,1.9299494124127776,29.05320144512778,True,True,False,False,False,
848404,170,Notifications,Email Delivery Failure,P3,2025-08-19 21:32:40.000000000,True,220,False,2025-08-20 01:09:54.559633264,2025-08-20 13:28:05.505093172,3.62071100924,15.92375141477,False,False,False,False,False,1.0
848405,206,Payments & Checkout,Refund Processing,P2,2025-08-04 19:55:09.000000000,True,205,True,2025-08-04 22:15:47.599249941,2025-08-05 21:17:15.116812154,2.3440553472058334,25.368365781153887,True,True,False,False,False,
848406,160,Fulfilment & Logistics,Carrier Sync Failure,P3,2025-02-13 09:14:56.000000000,True,208,False,2025-02-13 12:54:04.036284485,2025-02-14 15:27:41.446558821,3.652232301245833,30.212624044116943,False,True,False,False,False,
848407,140,API Integrations,Webhook Failures,P4,2026-03-13 03:42:53.000000000,True,201,False,2026-03-13 10:51:22.871628987,2026-03-17 03:44:48.704047930,7.141631008051944,96.03214001331388,False,True,False,False,False,
848408,181,Payments & Checkout,Card Declines,P4,2026-06-26 17:53:06.000000000,True,208,True,2026-06-27 05:47:07.492135772,2026-06-30 22:14:43.806839881,11.900414482158888,100.36050189996696,False,True,False,False,False,
848409,105,Account Access,2FA Reset,P4,2025-09-27 02:46:13.000000000,True,202,False,2025-09-27 11:10:26.706557444,2025-09-29 19:33:42.222103210,8.403807377067777,64.791450584225,False,True,False,False,False,
848410,193,API Integrations,Authentication Error,P3,2025-12-25 11:54:40.000000000,True,211,False,2025-12-25 13:03:59.965769722,2025-12-26 09:21:02.107017011,1.155546047145,21.439474171391947,False,False,False,False,False,
848411,161,Notifications,Template Syntax Error,P4,2025-03-12 23:10:00.000000000,True,220,False,2025-03-13 07:46:56.138622300,2025-03-14 11:38:38.352849528,8.61559406175,36.47732023598,False,False,False,False,False,
848412,210,Payments & Checkout,Refund Processing,P3,2025-12-28 01:28:29.000000000,True,201,True,2025-12-28 06:35:07.805220173,2025-12-30 05:12:29.603141957,5.110779227825833,51.73350087276583,True,True,True,False,False,
848413,201,Payments & Checkout,3DS Authentication,P3,2025-04-06 12:02:41.000000000,True,207,False,2025-04-06 14:22:41.422179972,2025-04-07 16:14:34.036180714,2.3334506055477777,28.19806560575389,False,True,False,False,False,
848414,113,Notifications,SMS Gateway Drag,P4,2025-01-04 21:30:30.000000000,True,220,False,2025-01-05 05:19:37.070056143,2025-01-06 14:46:34.105081696,7.818630571150833,41.26780696713778,False,False,False,False,False,
848415,173,API Integrations,Webhook Failures,P2,2026-02-05 16:36:06.000000000,True,209,True,2026-02-05 19:23:06.569328536,2026-02-08 00:40:16.868009066,2.783491480148889,56.06968555807389,True,True,True,False,False,
848416,160,API Integrations,Authentication Error,P3,2025-08-10 08:20:06.000000000,True,211,False,2025-08-10 09:30:44.444139444,2025-08-10 22:06:08.114728960,1.17734559429,13.767254091377778,False,False,False,False,False,
848417,169,Notifications,Webhook Retries,P3,2025-02-02 20:38:09.000000000,True,220,False,2025-02-02 23:58:40.536079663,2025-02-03 16:50:12.988978754,3.342093355461944,20.20110804965389,False,False,False,False,False,
848418,155,Payments & Checkout,Payout Delays,P4,2025-05-27 16:01:46.000000000,True,206,True,2025-05-27 22:34:01.598846219,2025-05-30 20:33:10.404754500,6.537666346171944,76.52344576513889,False,True,True,False,False,
848419,203,Payments & Checkout,Card Declines,P3,2026-06-10 22:19:55.000000000,True,217,False,2026-06-11 01:54:27.663293312,2026-06-12 05:11:41.103416790,3.5757398036977777,30.86280650466389,False,True,False,False,False,
848420,158,API Integrations,Rate Limiting,P3,2026-01-14 02:56:01.000000000,True,214,False,2026-01-14 04:32:30.821565350,2026-01-15 14:49:31.383449792,1.6082837681527775,35.89177318049778,False,True,False,False,False,
848421,164,Account Access,Password Reset,P2,2025-02-09 02:26:26.000000000,True,219,False,2025-02-09 02:56:41.775990322,2025-02-09 08:09:12.893955633,0.504382219533889,5.713026098786945,False,False,False,False,False,
848422,183,Notifications,Webhook Retries,P3,2025-12-06 18:15:22.000000000,True,213,True,2025-12-06 21:44:23.231315843,2025-12-07 10:49:50.292910949,3.483675365511945,16.574525808596945,False,False,False,False,False,
848423,135,Payments & Checkout,Refund Processing,P4,2025-11-14 16:03:01.000000000,True,205,True,2025-11-14 22:55:31.525024457,2025-11-18 05:22:48.684421102,6.875145840126945,85.329912339195,False,True,True,False,False,
848424,130,Payments & Checkout,Payout Delays,P4,2025-03-26 08:04:21.000000000,True,215,False,2025-03-26 14:47:27.772359248,2025-03-30 13:59:52.541139415,6.718547877568889,101.92542809428194,False,True,True,False,False,
848425,204,Account Access,2FA Reset,P2,2025-04-01 09:52:45.000000000,True,202,False,2025-04-01 10:43:29.026731873,2025-04-01 18:57:26.823226318,0.8455629810758333,9.07828422953278,False,True,False,False,False,0.77
848426,183,Account Access,SSO Failure,P2,2025-11-07 02:11:26.000000000,True,213,False,2025-11-07 02:42:32.606798247,2025-11-07 07:36:03.218364477,0.5185018884019444,5.4103384345769445,False,False,False,False,False,
848427,134,Fulfilment & Logistics,Label Generation,P3,2025-07-11 13:43:36.000000000,True,208,False,2025-07-11 17:15:58.330353544,2025-07-12 08:58:55.252763218,3.5395362093177782,19.255347989782777,False,False,False,False,False,1.0
848428,187,API Integrations,Webhook Failures,P4,2025-07-07 19:05:52.000000000,True,207,True,2025-07-08 03:36:17.425103140,2025-07-11 10:39:22.894166144,8.50706252865,87.55858171281778,False,True,True,False,False,
848429,146,Notifications,SMS Gateway Drag,P3,2025-01-30 19:09:03.000000000,True,218,False,2025-01-30 22:30:54.863768402,2025-01-31 09:22:44.717483968,3.3644066023338888,14.228254856657776,False,False,False,False,False,1.0
848430,198,Account Access,Password Reset,P2,2026-04-02 22:49:32.000000000,True,203,False,2026-04-02 23:28:00.013007123,2026-04-03 04:21:35.755487030,0.6411147242008334,5.534376524175,False,False,False,False,False,
848431,178,API Integrations,Authentication Error,P2,2025-09-14 11:49:15.000000000,True,205,False,2025-09-14 12:58:22.394412934,2025-09-15 14:48:29.678163196,1.1520540035927778,26.987410600887777,True,True,True,False,False,
848432,156,Account Access,Password Reset,P2,2026-06-21 18:11:00.000000000,True,203,False,2026-06-21 18:48:30.646345587,2026-06-21 22:56:00.450733773,0.6251795404408332,4.750125203825833,False,False,False,False,False,
848433,196,Account Access,SSO Failure,P4,2026-02-13 04:07:10.000000000,True,212,False,2026-02-13 08:22:11.483207649,2026-02-14 01:03:31.051233394,4.2504120021247225,20.939180898165,False,False,False,False,False,
848434,129,Account Access,User Permissions,P2,2025-04-07 05:45:35.000000000,True,202,False,2025-04-07 06:51:17.044126118,2025-04-07 12:54:30.516875086,1.095012257255,7.148754687523889,True,False,False,False,False,0.84
848435,204,API Integrations,Authentication Error,P4,2026-05-27 13:21:47.000000000,True,209,True,2026-05-28 02:59:54.156050442,2026-06-01 19:36:22.906306204,13.635321125122775,126.24330730727888,True,True,True,False,False,
848436,171,Account Access,2FA Reset,P3,2025-09-24 20:26:12.000000000,True,219,False,2025-09-24 22:42:47.371075281,2025-09-25 16:44:39.183769174,2.276491965355833,20.30755104699277,False,False,False,False,False,
848437,142,API Integrations,Authentication Error,P2,2026-02-19 10:47:37.000000000,True,214,False,2026-02-19 11:23:30.087831066,2026-02-19 22:18:31.207888606,0.598079953073889,11.515057746835,False,True,True,False,False,
848438,137,Notifications,Email Delivery Failure,P2,2025-03-24 05:25:54.000000000,True,220,False,2025-03-24 06:30:15.698646520,2025-03-24 10:05:18.155948790,1.0726940684777777,4.6567099857750005,True,False,False,False,False,
848439,148,Payments & Checkout,Payout Delays,P3,2026-01-23 09:56:49.000000000,True,204,False,2026-01-23 13:55:27.414008048,2026-01-25 10:44:01.071727376,3.9773372244577776,48.78668659093778,False,True,True,False,False,
848440,147,Notifications,Template Syntax Error,P4,2025-11-09 09:01:38.000000000,True,220,False,2025-11-09 16:03:44.639873892,2025-11-11 02:39:05.910394097,7.035177742747778,41.62441955391584,False,False,False,False,False,
848441,161,Account Access,SSO Failure,P3,2025-05-06 19:01:02.000000000,True,219,False,2025-05-06 20:55:46.314316132,2025-05-07 12:22:55.829852908,1.912309532258889,17.364952736918887,False,False,False,False,False,
848442,182,Payments & Checkout,Refund Processing,P3,2025-06-10 20:12:05.000000000,True,211,True,2025-06-10 21:55:36.170874854,2025-06-11 12:13:45.959472195,1.725325243015,16.028044297831944,False,False,False,False,False,
848443,179,Fulfilment & Logistics,Carrier Sync Failure,P4,2025-01-17 23:48:29.000000000,True,201,True,2025-01-18 09:49:44.845824556,2025-01-20 19:34:13.459299011,10.02106828459889,67.76234980528083,False,True,False,False,False,
848444,179,Account Access,User Permissions,P4,2025-09-04 06:47:34.000000000,True,204,True,2025-09-04 21:20:43.063084700,2025-09-06 11:02:42.644415644,14.552517523527776,52.25240122656778,True,True,True,False,False,0.3
848445,198,Account Access,Password Reset,P4,2025-03-12 11:13:43.000000000,True,219,False,2025-03-12 16:20:43.190511295,2025-03-14 01:05:15.752632535,5.1167195864708335,37.85909795348194,False,False,False,False,False,
848446,113,Notifications,Template Syntax Error,P4,2025-09-20 17:03:46.000000000,True,220,False,2025-09-20 23:05:07.254124874,2025-09-22 09:04:16.802382474,6.022570590242778,40.00855621735389,False,False,True,False,False,0.61
848447,193,Payments & Checkout,3DS Authentication,P3,2025-01-18 23:34:15.000000000,True,217,False,2025-01-19 03:52:30.142793396,2025-01-20 21:14:23.409871038,4.304206331498889,45.669002741955,True,True,False,False,False,0.58
848448,131,Fulfilment & Logistics,Carrier Sync Failure,P3,2025-09-03 07:23:07.000000000,True,205,True,2025-09-03 11:09:05.242167625,2025-09-04 08:25:23.021708015,3.766178379895833,25.037783807781945,False,True,False,False,False,
848449,154,Notifications,Email Delivery Failure,P2,2025-11-02 17:26:49.000000000,True,218,False,2025-11-02 18:53:38.383796725,2025-11-03 02:04:53.559166362,1.4470510546458333,8.634599768433889,True,True,False,False,False,
848450,156,Fulfilment & Logistics,Label Generation,P3,2026-05-04 03:41:11.000000000,True,209,False,2026-05-04 07:28:28.575603198,2026-05-04 23:55:44.647737988,3.788215445332778,20.242679927218887,False,False,False,False,False,
848451,122,Notifications,Template Syntax Error,P3,2025-07-10 14:10:59.000000000,True,220,False,2025-07-10 17:05:29.867831745,2025-07-11 13:58:59.303996391,2.9085743977069445,23.800084443441943,False,False,True,False,False,
848452,143,Account Access,2FA Reset,P4,2026-02-09 18:03:36.000000000,True,205,True,2026-02-10 01:22:24.014030854,2026-02-11 07:20:06.009876243,7.3133372307927775,37.27500274340084,False,False,False,False,False,0.94
848453,104,Payments & Checkout,Refund Processing,P3,2025-04-17 02:29:20.000000000,True,204,False,2025-04-17 06:24:07.173326616,2025-04-18 08:30:44.267759661,3.913103701837778,30.023407711016944,False,True,True,False,False,
848454,181,Notifications,Webhook Retries,P3,2025-04-26 08:08:36.000000000,True,218,False,2025-04-26 11:01:56.289246284,2025-04-27 05:35:51.685754421,2.8889692350788887,21.45435715400584,False,False,False,False,False,
848455,116,Payments & Checkout,Card Declines,P3,2025-03-24 17:05:02.000000000,True,211,True,2025-03-24 18:26:12.254385933,2025-03-25 14:57:46.775975576,1.3528484405369443,21.87910443766,False,False,True,False,False,
848456,169,Account Access,2FA Reset,P3,2026-05-11 20:36:23.000000000,True,204,True,2026-05-12 01:13:03.620215372,2026-05-13 15:01:06.410786746,4.611283393158889,42.41205855187389,True,True,False,False,False,
848457,200,Fulfilment & Logistics,Label Generation,P2,2025-12-13 09:48:25.000000000,True,206,False,2025-12-13 11:22:15.157468219,2025-12-13 19:15:17.805206694,1.5639326300608334,9.44800144630389,True,True,False,False,False,
848458,197,Fulfilment & Logistics,Inventory Mismatch,P4,2025-09-12 18:11:56.000000000,True,213,True,2025-09-13 00:24:08.366048888,2025-09-15 01:25:31.644807308,6.20343501358,55.22656800203,False,True,False,False,False,
848459,101,Fulfilment & Logistics,Inventory Mismatch,P4,2026-03-08 12:45:19.000000000,True,209,False,2026-03-08 20:42:20.941287706,2026-03-10 15:54:58.822735826,7.950539246584999,51.16106187106278,False,True,False,False,False,
848460,143,API Integrations,Endpoint Timeout,P2,2026-06-08 03:16:41.000000000,True,214,False,2026-06-08 03:56:02.148500560,2026-06-08 15:45:15.280207490,0.6558745834888888,12.476188946525,False,True,False,False,False,
848461,205,Account Access,SSO Failure,P3,2025-01-08 04:30:32.000000000,True,212,False,2025-01-08 05:59:50.621151699,2025-01-08 12:31:27.290011518,1.4885058754719445,8.015358336532778,False,False,False,False,False,
848462,206,API Integrations,Endpoint Timeout,P4,2025-12-13 18:15:49.000000000,True,211,False,2025-12-13 21:07:15.128029078,2025-12-15 02:31:43.280332943,2.857257785855,32.26507787026195,False,False,False,False,False,
848463,201,Payments & Checkout,Card Declines,P2,2025-08-24 10:54:39.000000000,True,215,False,2025-08-24 13:03:39.293266828,2025-08-25 18:18:06.947682369,2.1500814630077776,31.391096578435835,True,True,False,False,False,
848464,179,Account Access,User Permissions,P4,2025-05-03 21:29:51.000000000,True,202,False,2025-05-04 05:55:14.356435108,2025-05-06 01:29:29.474874031,8.423154565307778,51.99402079834194,False,True,False,False,False,0.71
848465,198,Fulfilment & Logistics,Inventory Mismatch,P3,2025-01-25 11:42:20.000000000,True,210,False,2025-01-25 14:34:24.017417168,2025-01-26 14:49:18.067023791,2.86778261588,27.11612972883083,False,True,False,False,False,
848466,206,Fulfilment & Logistics,Tracking Updates,P4,2026-02-14 20:14:08.000000000,True,219,True,2026-02-15 03:07:28.709566358,2026-02-16 13:23:35.473430520,6.889085990655,41.15763150847778,False,False,True,False,False,
848467,152,Fulfilment & Logistics,Label Generation,P4,2026-02-04 13:14:23.000000000,True,211,True,2026-02-04 17:21:29.015066877,2026-02-05 10:33:55.576964355,4.118337518576944,21.325715823431945,False,False,False,False,False,0.97
848468,178,Fulfilment & Logistics,Inventory Mismatch,P3,2025-06-20 13:23:36.000000000,True,209,False,2025-06-20 17:08:38.794401572,2025-06-21 20:04:27.755448316,3.750776222658889,30.68104318008778,False,True,False,False,False,
848469,151,Payments & Checkout,Payout Delays,P3,2025-02-16 14:20:24.000000000,True,204,False,2025-02-16 17:20:41.558652214,2025-02-18 13:47:22.494064293,3.004877403392778,47.44958168452583,False,True,True,False,False,0.46
848470,138,Account Access,Password Reset,P3,2025-11-03 15:39:05.000000000,True,213,False,2025-11-03 17:35:24.837511545,2025-11-04 11:01:37.944981472,1.9388437532069445,19.37581805040889,False,False,False,False,False,
848471,147,Payments & Checkout,3DS Authentication,P2,2025-11-12 21:30:38.000000000,True,204,False,2025-11-12 23:23:24.943232834,2025-11-14 05:50:26.096282932,1.879706453565,32.33002674525889,True,True,False,False,False,
848472,160,Account Access,Password Reset,P3,2026-05-19 14:59:01.000000000,True,205,True,2026-05-19 18:18:50.267278354,2026-05-20 14:10:56.436294842,3.330352021765,23.19873230412277,False,False,False,False,False,0.97
848473,175,Account Access,Password Reset,P3,2025-02-15 23:36:52.000000000,True,213,False,2025-02-16 01:23:25.031934119,2025-02-16 17:47:52.999088648,1.7758422039219444,18.183610857957778,False,False,False,False,False,
848474,142,API Integrations,Rate Limiting,P3,2025-04-12 23:00:55.000000000,True,219,True,2025-04-13 02:46:16.388221716,2025-04-14 12:59:39.893352773,3.755941172698889,37.97913704243695,False,True,False,False,False,
848475,117,Fulfilment & Logistics,Label Generation,P4,2025-10-16 00:47:12.000000000,True,210,False,2025-10-16 07:21:58.687818781,2025-10-18 03:29:38.994264678,6.579635505216944,50.707498406855,False,True,False,False,False,
848476,119,Payments & Checkout,Payout Delays,P4,2026-05-09 11:06:30.000000000,True,215,False,2026-05-09 19:05:22.196289182,2026-05-12 06:28:57.453862243,7.981165635883889,67.37429273951194,False,True,True,False,False,
848477,101,Payments & Checkout,Refund Processing,P1,2026-06-27 03:28:48.000000000,True,213,True,2026-06-27 03:54:39.660356638,2026-06-27 06:53:11.784815073,0.4310167657327777,3.4066068930758333,True,True,True,False,False,
848478,151,API Integrations,Webhook Failures,P3,2025-01-02 01:47:43.000000000,True,214,False,2025-01-02 03:52:38.442881898,2025-01-03 15:02:42.350829272,2.082067467193889,37.24981967479778,False,True,False,False,False,0.66
848479,161,Payments & Checkout,Payout Delays,P3,2025-05-09 19:24:41.000000000,True,207,False,2025-05-09 21:25:12.440110223,2025-05-11 02:21:08.892378672,2.0087333639508334,30.94108121629778,False,True,False,False,False,
848480,174,Fulfilment & Logistics,Tracking Updates,P2,2026-02-18 09:24:50.000000000,True,216,False,2026-02-18 10:34:17.315901789,2026-02-18 19:47:11.227406351,1.1575877504969443,10.372563168430831,True,True,False,False,False,
848481,208,Account Access,2FA Reset,P4,2025-05-27 20:44:53.000000000,True,203,False,2025-05-28 01:20:28.438974443,2025-05-29 03:11:25.884474023,4.593177492900834,30.44246790945084,False,False,False,False,False,
848482,178,Fulfilment & Logistics,Carrier Sync Failure,P4,2025-08-15 12:45:00.000000000,True,216,False,2025-08-15 16:49:38.574725152,2025-08-16 23:46:41.470468766,4.077381868097778,35.02818624132389,False,False,False,False,False,
848483,201,Account Access,Password Reset,P2,2026-04-29 05:46:55.000000000,True,218,True,2026-04-29 08:24:08.046392387,2026-04-29 21:02:20.465317692,2.6202906645519444,15.257073699358887,True,True,False,False,False,
848484,184,API Integrations,Rate Limiting,P3,2025-09-05 06:25:43.000000000,True,201,False,2025-09-05 09:29:28.739180213,2025-09-07 07:37:50.388268040,3.0627053278369445,49.20205229667778,False,True,True,False,False,
848485,170,Payments & Checkout,3DS Authentication,P2,2026-06-26 11:32:08.000000000,True,207,False,2026-06-26 12:39:10.952372810,2026-06-27 07:05:35.790134260,1.117486770225,19.55771948173889,True,True,True,False,False,
848486,123,Account Access,Password Reset,P2,2026-03-03 14:11:33.000000000,True,203,False,2026-03-03 14:43:42.153225945,2026-03-03 20:43:26.914004094,0.5358758960958333,6.531642778915,False,False,False,False,False,0.9
848487,127,Fulfilment & Logistics,Label Generation,P4,2025-01-27 05:35:38.000000000,True,209,False,2025-01-27 14:18:56.211298239,2025-01-29 01:21:59.457805214,8.721725360621944,43.772627168115,False,False,False,False,False,0.89
848488,155,Fulfilment & Logistics,Label Generation,P1,2025-12-26 21:43:07.000000000,True,209,False,2025-12-26 22:26:50.436609763,2025-12-27 01:23:35.034367070,0.7287323916008334,3.674453990852778,True,True,False,False,False,
848489,155,Account Access,2FA Reset,P3,2025-07-04 08:40:32.000000000,True,213,False,2025-07-04 10:28:04.107943198,2025-07-05 00:47:16.335285920,1.7922522064438888,16.1123153572,False,False,False,False,False,
848490,180,Fulfilment & Logistics,Label Generation,P3,2026-06-26 04:03:48.000000000,True,209,False,2026-06-26 07:24:49.917564246,2026-06-27 13:50:10.806594264,3.350532656735,33.77300183174,False,True,False,False,False,
848491,187,Notifications,SMS Gateway Drag,P4,2025-06-28 06:52:49.000000000,True,216,True,2025-06-28 14:10:23.537056795,2025-06-29 18:11:34.644853240,7.292926960220834,35.3126791259,False,False,False,False,False,0.93
848492,131,Notifications,SMS Gateway Drag,P3,2025-01-23 13:07:42.000000000,True,219,True,2025-01-23 16:35:25.467477123,2025-01-24 10:43:21.284316841,3.4620742992008333,21.594245643566943,False,False,False,False,False,
848493,161,Fulfilment & Logistics,Inventory Mismatch,P2,2025-11-29 06:30:23.000000000,True,210,False,2025-11-29 08:38:36.788595597,2025-11-30 05:49:25.298609148,2.1371634987769443,23.317305169207778,True,True,False,False,False,
848494,171,API Integrations,Endpoint Timeout,P4,2026-05-03 19:33:28.000000000,True,205,False,2026-05-03 23:42:01.093394871,2026-05-07 14:15:27.095855399,4.142525943019723,90.69974884872194,False,True,False,False,False,
848495,160,Fulfilment & Logistics,Carrier Sync Failure,P3,2025-09-10 14:26:27.000000000,True,219,True,2025-09-10 18:07:41.503561972,2025-09-11 23:09:29.675226817,3.687362100547778,32.71740978522694,False,True,False,False,False,
848496,211,Payments & Checkout,Card Declines,P2,2025-06-05 12:21:17.000000000,True,204,False,2025-06-05 14:18:55.322049176,2025-06-06 21:12:23.775585902,1.96064501366,32.851882107195,True,True,False,False,False,
848497,180,Fulfilment & Logistics,Inventory Mismatch,P3,2025-12-25 16:32:54.000000000,True,210,False,2025-12-25 19:40:41.526932697,2025-12-26 14:22:26.322697089,3.129868592415833,21.825645193635832,False,False,False,False,False,
848498,181,Payments & Checkout,Refund Processing,P3,2026-04-21 06:24:26.000000000,True,207,False,2026-04-21 08:57:04.850081428,2026-04-22 19:57:29.473984167,2.5441250226188887,37.55096499560194,False,True,False,False,False,
848499,136,Account Access,Password Reset,P3,2025-06-11 07:00:13.000000000,True,204,True,2025-06-11 12:54:40.605114521,2025-06-12 16:10:21.332756633,5.907668087366945,33.16898132128694,True,True,False,False,False,
848500,122,Fulfilment & Logistics,Inventory Mismatch,P3,2025-11-02 01:15:38.000000000,True,206,False,2025-11-02 03:07:12.805332303,2025-11-03 03:54:00.136746678,1.8596681478619443,26.63948242963278,False,True,False,False,False,
848501,201,Fulfilment & Logistics,Label Generation,P4,2025-11-22 23:02:47.000000000,True,206,False,2025-11-23 03:26:10.313453442,2025-11-24 04:24:47.232425246,4.389809292622778,29.366731229235,False,False,False,False,False,
848502,188,Account Access,2FA Reset,P3,2025-05-04 01:53:47.000000000,True,219,False,2025-05-04 03:44:04.801219810,2025-05-04 16:51:29.277722220,1.8382781166138888,14.96174381172778,False,False,False,False,False,
848503,102,Payments & Checkout,Card Declines,P2,2025-09-16 04:40:23.000000000,True,204,False,2025-09-16 07:05:45.277666481,2025-09-17 10:03:17.699272558,2.4228549073558336,29.38186090904389,True,True,True,False,False,
848504,168,Payments & Checkout,Refund Processing,P2,2026-06-23 01:46:47.000000000,True,206,True,2026-06-23 04:07:06.701240514,2026-06-24 06:23:52.918208560,2.338805900142777,28.61831061348889,True,True,True,False,False,
848505,140,Payments & Checkout,Card Declines,P2,2025-06-21 23:08:12.000000000,True,217,False,2025-06-22 00:14:46.326722325,2025-06-22 11:21:49.356660372,1.1095352006458334,12.22704351677,True,True,False,False,False,
848506,155,Fulfilment & Logistics,Inventory Mismatch,P2,2025-11-09 17:59:44.000000000,True,216,False,2025-11-09 18:48:43.470598628,2025-11-10 04:36:34.008111700,0.81651961073,10.61389114213889,False,True,False,False,False,
848507,118,Notifications,Template Syntax Error,P2,2025-03-23 05:22:23.000000000,True,220,False,2025-03-23 06:29:15.811763904,2025-03-23 12:26:49.260131270,1.1146699344177775,7.073961147575,True,False,True,False,False,
848508,182,Fulfilment & Logistics,Tracking Updates,P3,2025-10-08 12:29:31.000000000,True,207,True,2025-10-08 16:34:37.356210060,2025-10-09 22:10:41.896864133,4.085098947238889,33.68636024003695,True,True,False,False,False,
848509,195,Payments & Checkout,Card Declines,P4,2025-10-03 23:09:15.000000000,True,217,False,2025-10-04 08:13:53.346872948,2025-10-07 01:57:46.627111183,9.07731857581889,74.80878530866195,False,True,False,False,False,
848510,147,API Integrations,Rate Limiting,P3,2025-09-07 16:36:06.000000000,True,219,True,2025-09-07 19:36:30.712994739,2025-09-10 04:08:45.169090676,3.006864720760833,59.54421363629889,False,True,False,False,False,
848511,127,Account Access,SSO Failure,P1,2025-12-19 02:07:09.000000000,True,219,False,2025-12-19 02:21:39.349786902,2025-12-19 03:38:49.793137787,0.241763829695,1.5279980938297222,False,False,False,False,False,
848512,152,API Integrations,Webhook Failures,P4,2026-03-24 14:40:24.000000000,True,216,True,2026-03-24 22:27:17.145763370,2026-03-27 20:11:33.479880498,7.781429378713889,77.51929996680501,False,True,False,False,False,
848513,149,Fulfilment & Logistics,Label Generation,P3,2026-02-24 20:17:30.000000000,True,203,True,2026-02-25 00:00:53.195233902,2026-02-26 05:06:51.950778608,3.723109787195,32.82276410516889,False,True,False,False,False,
848514,197,Fulfilment & Logistics,Tracking Updates,P3,2026-01-29 16:54:24.000000000,True,209,False,2026-01-29 19:28:09.138708349,2026-01-31 02:37:14.980410374,2.5625385300969445,33.71416122510389,False,True,False,False,False,
848515,149,Fulfilment & Logistics,Inventory Mismatch,P3,2026-03-24 13:27:38.000000000,True,209,False,2026-03-24 16:50:20.864907602,2026-03-25 16:33:56.217812592,3.378573585445,27.10506050349778,False,True,False,False,False,0.62
848516,199,Account Access,User Permissions,P4,2025-08-29 05:24:40.000000000,True,203,False,2025-08-29 10:15:19.077024402,2025-08-30 14:26:42.251133332,4.844188062333888,33.03395864814778,False,False,False,False,False,
848517,200,API Integrations,Endpoint Timeout,P4,2025-12-28 12:18:52.000000000,True,214,False,2025-12-28 17:43:08.784242948,2025-12-30 19:20:57.769181957,5.404662289707778,55.03493588387695,False,True,False,False,False,
848518,125,Notifications,SMS Gateway Drag,P3,2025-08-08 03:38:23.000000000,True,220,False,2025-08-08 06:50:47.297321924,2025-08-08 21:42:12.801540244,3.20674925609,18.063833761178888,False,False,False,False,False,
848519,129,Fulfilment & Logistics,Carrier Sync Failure,P3,2025-09-22 06:59:18.000000000,True,209,False,2025-09-22 09:36:12.605309626,2025-09-23 03:41:53.479242853,2.6151681415627777,20.709855345236942,False,False,False,False,False,
848520,205,API Integrations,Rate Limiting,P3,2025-09-30 02:41:09.000000000,True,213,True,2025-09-30 05:47:02.062873497,2025-10-02 17:52:26.942866497,3.0980730204158333,63.18831746291583,False,True,False,False,False,
848521,133,Account Access,Password Reset,P2,2026-06-15 23:16:21.000000000,True,202,False,2026-06-16 00:17:11.701657312,2026-06-16 09:31:06.068927856,1.0140837936977778,10.24585247996,True,True,False,False,False,0.66
848522,126,Fulfilment & Logistics,Label Generation,P3,2025-01-07 07:26:58.000000000,True,216,False,2025-01-07 09:12:52.802593183,2025-01-08 03:27:13.508171742,1.7652229425508332,20.004307825483888,False,False,False,False,False,
848523,149,Account Access,Password Reset,P3,2025-11-13 16:15:24.000000000,True,213,False,2025-11-13 18:37:40.759729182,2025-11-14 07:18:57.229935594,2.371322146995,15.059230537665,False,False,False,False,False,
848524,178,API Integrations,Rate Limiting,P3,2025-07-27 11:48:27.000000000,True,211,False,2025-07-27 12:38:37.045553175,2025-07-28 08:26:03.087942111,0.8361237647708333,20.626691095030832,False,False,False,False,False,1.0
848525,148,Fulfilment & Logistics,Tracking Updates,P2,2025-05-23 22:11:38.000000000,True,209,False,2025-05-23 23:55:44.923080561,2025-05-24 16:25:30.518359208,1.7352564112669444,18.23125509978,True,True,False,False,False,
848526,187,API Integrations,Endpoint Timeout,P1,2026-03-02 05:14:47.000000000,True,205,False,2026-03-02 05:34:39.997809238,2026-03-02 10:10:59.598485230,0.3313882803438889,4.936832912563888,True,True,True,False,False,
848527,102,Notifications,Webhook Retries,P3,2025-07-09 04:13:46.000000000,True,220,False,2025-07-09 06:46:16.805479873,2025-07-09 18:15:13.084634629,2.5418904110758334,14.024190176285831,False,False,False,False,False,
848528,155,API Integrations,Endpoint Timeout,P3,2025-11-21 04:28:49.000000000,True,201,False,2025-11-21 06:59:46.685898440,2025-11-23 04:56:14.228603450,2.516023860677778,48.45700794540278,False,True,False,False,False,
848529,178,API Integrations,Endpoint Timeout,P4,2025-11-29 02:07:30.000000000,True,214,False,2025-11-29 05:54:23.990147280,2025-12-02 11:38:02.871016274,3.7816639298,81.50913083785389,False,True,False,False,False,0.69
848530,106,Account Access,Password Reset,P4,2025-01-04 13:30:20.000000000,True,203,False,2025-01-04 19:08:47.409945534,2025-01-05 14:23:25.771548870,5.640947207092778,24.88493654135278,False,False,False,False,False,
848531,194,Notifications,Template Syntax Error,P2,2025-06-12 07:53:29.000000000,True,220,False,2025-06-12 08:38:59.440646010,2025-06-12 12:38:42.924429246,0.7584557350027777,4.7538678970127775,False,False,False,False,False,
848532,148,Notifications,Webhook Retries,P2,2026-03-06 14:46:54.000000000,True,218,False,2026-03-06 16:39:16.870090995,2026-03-07 01:14:03.749918865,1.873019469720833,10.452708310795837,True,True,False,False,False,
848533,207,Account Access,Password Reset,P2,2026-01-17 13:40:03.000000000,True,203,False,2026-01-17 14:11:52.793225350,2026-01-17 20:09:49.192328307,0.5304981181527778,6.496164535640833,False,False,False,False,False,
848534,111,Notifications,Template Syntax Error,P3,2026-03-01 00:07:31.000000000,True,218,False,2026-03-01 02:22:32.575678866,2026-03-01 14:16:35.946767977,2.250437688573889,14.151374102215836,False,False,False,False,False,
848535,137,Account Access,Password Reset,P3,2026-01-23 09:21:55.000000000,True,202,False,2026-01-23 12:35:32.724669356,2026-01-24 06:46:23.999306407,3.2271457414877776,21.408055362890835,False,False,False,False,False,
848536,117,Payments & Checkout,Payout Delays,P2,2025-09-18 16:09:40.000000000,True,207,False,2025-09-18 17:51:06.891035026,2025-09-19 14:16:44.738674745,1.690803065285,22.11798296520694,True,True,True,False,False,
848537,111,Fulfilment & Logistics,Label Generation,P3,2026-02-23 20:37:11.000000000,True,216,False,2026-02-23 22:50:31.429061992,2026-02-24 15:02:11.878275700,2.222341406108889,18.41691063213889,False,False,True,False,False,
848538,114,Fulfilment & Logistics,Tracking Updates,P3,2026-04-13 22:08:53.000000000,True,208,False,2026-04-14 01:41:39.712203976,2026-04-14 17:20:11.768108346,3.5463089455488888,19.18854669676277,False,False,False,False,False,
848539,134,Fulfilment & Logistics,Tracking Updates,P2,2026-03-20 15:12:44.000000000,True,211,True,2026-03-20 15:53:24.436971010,2026-03-20 20:52:12.211205934,0.6778991586138888,5.6578364460927775,False,False,False,False,False,
848540,162,Payments & Checkout,3DS Authentication,P3,2026-06-14 23:35:29.000000000,True,217,False,2026-06-15 03:39:22.962104682,2026-06-17 01:22:31.695004984,4.064989473522777,49.784081945828895,True,True,False,False,False,
848541,142,Account Access,2FA Reset,P3,2025-12-07 16:19:14.000000000,True,202,False,2025-12-07 19:02:39.671748364,2025-12-08 17:20:04.598749700,2.723797707878889,25.01405520825,False,True,False,False,False,
848542,104,Notifications,SMS Gateway Drag,P3,2026-01-25 16:41:56.000000000,True,220,False,2026-01-25 19:24:58.350935879,2026-01-26 16:31:11.861573735,2.717319704410833,23.821072659370834,False,False,False,False,False,
848543,198,Fulfilment & Logistics,Label Generation,P2,2025-04-30 10:15:36.000000000,True,209,False,2025-04-30 12:16:15.973613198,2025-05-01 06:43:57.762877411,2.011103781443889,20.472711910391947,True,True,False,False,False,
848544,112,Notifications,Webhook Retries,P3,2026-04-01 08:17:59.000000000,True,203,True,2026-04-01 11:28:11.973748854,2026-04-01 21:22:22.162111590,3.170270485792777,13.073100586552778,False,False,False,False,False,
848545,153,Payments & Checkout,3DS Authentication,P3,2025-11-12 01:06:17.000000000,True,217,False,2025-11-12 05:25:13.170671012,2025-11-13 21:58:49.087701084,4.31560296417,44.87557991696778,True,True,False,False,False,
848546,108,API Integrations,Rate Limiting,P4,2026-01-08 18:46:06.000000000,True,201,False,2026-01-08 23:57:27.731361442,2026-01-12 05:58:07.548442753,5.189369822622778,83.20043012298694,False,True,True,False,False,
848547,114,API Integrations,Webhook Failures,P3,2025-11-30 08:27:39.000000000,True,214,False,2025-11-30 10:56:09.593117856,2025-12-01 07:50:15.186411572,2.47516475496,23.376718447658888,False,False,False,False,False,
848548,194,Fulfilment & Logistics,Label Generation,P4,2025-06-12 16:11:28.000000000,True,210,False,2025-06-12 23:54:33.563948303,2025-06-15 11:28:47.015161608,7.718212207861944,67.28861532266889,False,True,False,False,False,
848549,101,API Integrations,Endpoint Timeout,P3,2025-11-27 13:30:47.000000000,True,201,False,2025-11-27 16:22:33.746545698,2025-11-29 18:36:00.354499000,2.862985151582778,53.08704291638889,False,True,True,False,False,
848550,144,Fulfilment & Logistics,Carrier Sync Failure,P4,2025-06-05 19:53:31.000000000,True,206,False,2025-06-06 00:21:45.615472961,2025-06-07 05:17:44.040956144,4.470726520266945,33.40362248781778,False,False,False,False,False,0.85
848551,117,API Integrations,Rate Limiting,P4,2025-05-20 12:24:36.000000000,True,205,False,2025-05-20 17:01:46.664435488,2025-05-22 21:38:49.751621340,4.619629009857778,57.23715322815,False,True,False,False,False,
848552,172,Account Access,Password Reset,P2,2025-12-29 19:01:28.000000000,True,202,False,2025-12-29 20:18:26.239222556,2025-12-30 00:53:51.573069187,1.2828442284877777,5.873214741440834,True,False,False,False,False,0.81
848553,139,Notifications,Template Syntax Error,P2,2025-01-07 00:03:03.000000000,True,218,False,2025-01-07 01:38:27.963666342,2025-01-07 09:30:19.654618630,1.590267685095,9.454626282952775,True,True,False,False,False,
848554,157,Payments & Checkout,Payout Delays,P4,2025-01-09 14:48:58.000000000,True,207,False,2025-01-09 20:56:34.546672237,2025-01-12 07:43:20.479317467,6.126818520065833,64.90624425485194,False,True,True,False,False,
848555,127,API Integrations,Endpoint Timeout,P4,2025-08-31 16:45:28.000000000,True,211,False,2025-08-31 19:59:44.557554695,2025-09-02 01:27:49.422354889,3.2379326540819444,32.70595065413583,False,False,True,False,False,
848556,132,Fulfilment & Logistics,Carrier Sync Failure,P4,2025-05-30 20:01:44.000000000,True,216,False,2025-05-31 00:27:44.098487736,2025-06-01 19:15:51.030459647,4.433360691037778,47.23528623879084,False,False,False,False,False,
848557,198,Fulfilment & Logistics,Carrier Sync Failure,P3,2026-06-17 04:27:01.000000000,True,209,False,2026-06-17 07:44:29.760386232,2026-06-17 23:46:17.312485766,3.2913223295088887,19.321197912712776,False,False,False,False,False,0.97
848558,193,Payments & Checkout,Refund Processing,P3,2026-01-28 20:57:57.000000000,True,218,True,2026-01-29 01:38:15.536284304,2026-01-31 07:42:29.613346438,4.671815634528889,58.74239259623278,True,True,True,False,False,
848559,133,Payments & Checkout,Card Declines,P3,2025-12-06 15:54:21.000000000,True,217,False,2025-12-06 18:51:09.939006350,2025-12-09 00:12:48.604929222,2.9469275017638887,56.307668035895,False,True,False,False,False,
848560,118,Notifications,SMS Gateway Drag,P3,2025-03-13 18:49:21.000000000,True,220,False,2025-03-13 21:26:35.962817424,2025-03-14 12:43:07.018349199,2.62082300484,17.896116208110833,False,False,False,False,False,
848561,187,Notifications,SMS Gateway Drag,P3,2025-10-14 13:39:20.000000000,True,218,False,2025-10-14 16:26:39.923378669,2025-10-15 00:37:29.129656010,2.788867605185833,10.969202682225,False,False,False,False,False,
848562,190,API Integrations,Webhook Failures,P4,2025-03-08 20:08:24.000000000,True,219,True,2025-03-09 03:31:48.724679017,2025-03-12 09:36:41.706878515,7.390201299726944,85.47158524403196,False,True,True,False,False,
848563,168,API Integrations,Webhook Failures,P3,2025-03-21 18:17:59.000000000,True,205,False,2025-03-21 20:40:39.282900935,2025-03-23 00:27:46.477075522,2.3778563613708337,30.16318807653389,False,True,True,False,False,
848564,119,Fulfilment & Logistics,Inventory Mismatch,P3,2026-03-15 03:41:16.000000000,True,216,False,2026-03-15 05:20:35.144608807,2026-03-16 03:15:58.721378374,1.6553179468908332,23.578533716215,False,False,False,False,False,1.0
848565,112,Fulfilment & Logistics,Inventory Mismatch,P3,2025-10-04 09:00:47.000000000,True,209,False,2025-10-04 12:54:12.447266268,2025-10-05 19:59:21.588365222,3.890402018407778,34.976274545895,False,True,False,False,False,
848566,157,Fulfilment & Logistics,Label Generation,P2,2025-01-03 20:48:16.000000000,True,208,False,2025-01-03 22:15:13.181777108,2025-01-04 20:19:21.604649345,1.4492171603077777,23.518223513706943,True,True,False,False,False,
848567,129,Notifications,SMS Gateway Drag,P3,2025-09-02 00:37:37.000000000,True,220,False,2025-09-02 03:55:34.204925706,2025-09-02 22:41:34.494369095,3.299223590473889,22.065970658081945,False,False,False,False,False,
848568,176,Account Access,Password Reset,P3,2026-03-06 08:35:04.000000000,True,213,False,2026-03-06 10:41:05.644871449,2026-03-06 21:49:02.445927479,2.100456908735833,13.232901646521944,False,False,False,False,False,1.0
848569,177,Fulfilment & Logistics,Inventory Mismatch,P3,2025-03-21 09:28:48.000000000,True,210,False,2025-03-21 11:59:19.797452772,2025-03-22 18:49:15.949876522,2.50883262577,33.34109718792278,False,True,False,False,False,
848570,201,Notifications,SMS Gateway Drag,P3,2026-06-10 11:58:53.000000000,True,210,True,2026-06-10 15:46:47.216095996,2026-06-11 22:38:55.178038431,3.798393359998889,34.667271677341944,False,True,False,False,False,0.72
848571,123,Fulfilment & Logistics,Carrier Sync Failure,P3,2025-02-26 10:38:06.000000000,True,210,False,2025-02-26 14:05:43.475340202,2025-02-27 10:15:10.553491900,3.4604098167227777,23.61793152552778,False,False,False,False,False,
848572,113,API Integrations,Webhook Failures,P3,2025-08-30 11:39:15.000000000,True,211,False,2025-08-30 12:56:42.761697297,2025-08-31 02:09:44.420077644,1.2910449159158333,14.50817224379,False,False,False,False,False,
848573,153,Notifications,Webhook Retries,P4,2025-10-23 13:20:39.000000000,True,220,False,2025-10-23 20:07:02.563294622,2025-10-25 02:44:09.527241090,6.773212026283889,37.391813122525,False,False,False,False,False,
848574,107,Fulfilment & Logistics,Inventory Mismatch,P2,2025-05-10 01:53:01.000000000,True,206,False,2025-05-10 03:15:22.247427024,2025-05-10 12:37:46.282130998,1.3725687297288889,10.745911703055,True,True,False,False,False,
848575,212,API Integrations,Endpoint Timeout,P3,2025-01-25 18:21:01.000000000,True,201,False,2025-01-25 20:56:35.123823437,2025-01-27 00:43:14.542117042,2.592812173176944,30.370428365845,False,True,False,False,False,
848576,111,API Integrations,Webhook Failures,P3,2025-10-22 21:20:02.000000000,True,205,False,2025-10-22 23:03:08.751401038,2025-10-24 17:40:16.631835412,1.7185420558438889,44.33739773205889,False,True,True,False,False,
848577,209,API Integrations,Rate Limiting,P4,2025-05-07 18:52:27.000000000,True,214,False,2025-05-08 00:04:14.561663011,2025-05-11 04:13:39.428009514,5.196544906391945,81.353452224865,False,True,False,False,False,
848578,123,Payments & Checkout,Payout Delays,P4,2025-05-25 04:47:07.000000000,True,217,False,2025-05-25 14:30:19.623817723,2025-05-28 03:14:35.582868462,9.720173282700832,70.45793968568388,False,True,True,False,False,
848579,168,Account Access,SSO Failure,P3,2025-03-14 00:27:41.000000000,True,203,False,2025-03-14 02:29:58.595284672,2025-03-14 15:38:40.963546226,2.038220912408889,15.183323207285,False,False,False,False,False,1.0
848580,190,Notifications,SMS Gateway Drag,P1,2026-02-19 20:46:02.000000000,True,218,False,2026-02-19 21:28:11.306662479,2026-02-20 00:06:17.406770598,0.7025851840219444,3.3376129918327777,True,True,False,False,False,0.73
848581,109,Notifications,Template Syntax Error,P4,2026-03-04 14:12:42.000000000,True,218,False,2026-03-04 19:39:59.628548234,2026-03-06 02:32:37.402090636,5.454896818953888,36.332056136287775,False,False,False,False,False,1.0
848582,199,API Integrations,Webhook Failures,P4,2025-03-14 14:59:02.000000000,True,205,False,2025-03-14 20:33:41.273240961,2025-03-17 06:32:48.116129330,5.577575900266944,63.56281003592501,False,True,False,False,False,
848583,203,Notifications,SMS Gateway Drag,P4,2025-03-13 18:04:59.000000000,True,218,False,2025-03-14 00:45:00.135874215,2025-03-15 08:14:03.675406320,6.666982187281945,38.151298723977774,False,False,False,False,False,
848584,175,Fulfilment & Logistics,Label Generation,P3,2025-07-21 06:42:20.000000000,True,216,False,2025-07-21 08:44:05.140825809,2025-07-22 05:27:25.898180686,2.0292057849469445,22.751638383523886,False,False,False,False,False,
848585,171,Fulfilment & Logistics,Carrier Sync Failure,P3,2025-07-22 04:52:47.000000000,True,206,False,2025-07-22 07:11:21.945934392,2025-07-23 07:01:57.495921971,2.309707203997778,26.15291553388084,False,True,False,False,False,
848586,143,Payments & Checkout,Refund Processing,P4,2025-03-26 09:13:44.000000000,True,215,False,2025-03-26 15:39:49.122683243,2025-03-29 09:24:19.362667625,6.434756300900833,72.17648962989584,False,True,True,False,False,
848587,193,Payments & Checkout,Payout Delays,P3,2025-03-07 08:27:47.000000000,True,204,False,2025-03-07 12:04:41.620871019,2025-03-08 17:42:24.784125824,3.6151724641719447,33.24382892384,False,True,False,False,False,
848588,104,Account Access,Password Reset,P3,2026-01-15 13:32:58.000000000,True,213,False,2026-01-15 15:48:15.392323456,2026-01-16 08:16:35.469962167,2.25483120096,18.72707498949084,False,False,False,False,False,
848589,187,Fulfilment & Logistics,Tracking Updates,P3,2026-01-28 02:27:35.000000000,True,206,False,2026-01-28 04:34:21.766721938,2026-01-28 17:17:39.040270138,2.1129907560938888,14.834455630593888,False,False,False,False,False,
848590,153,API Integrations,Rate Limiting,P4,2026-05-21 23:46:03.000000000,True,211,False,2026-05-22 02:48:03.303819522,2026-05-23 15:23:54.628479250,3.033417727645,39.63100791090278,False,False,False,False,False,
848591,198,Fulfilment & Logistics,Inventory Mismatch,P4,2025-01-03 01:54:05.000000000,True,209,False,2025-01-03 08:51:34.329723623,2025-01-04 19:37:57.510618858,6.958147145450833,41.73125294968278,False,False,False,False,False,
848592,145,Payments & Checkout,3DS Authentication,P3,2026-02-20 19:20:29.000000000,True,215,False,2026-02-20 22:41:43.208592863,2026-02-22 07:42:19.519228032,3.3539468313508336,36.36403311889778,False,True,True,False,False,
848593,176,Fulfilment & Logistics,Inventory Mismatch,P3,2025-05-03 00:33:18.000000000,True,213,True,2025-05-03 03:03:44.213530658,2025-05-04 01:25:47.796692466,2.507281536293889,24.874943525685,False,True,False,False,False,
848594,139,API Integrations,Webhook Failures,P3,2026-05-13 01:33:51.000000000,True,201,False,2026-05-13 03:54:35.665993564,2026-05-14 11:38:39.490826620,2.3457405537677776,34.080136340727776,False,True,False,False,False,
848595,188,Fulfilment & Logistics,Label Generation,P3,2026-06-08 19:04:57.000000000,True,216,False,2026-06-08 20:58:55.240973508,2026-06-09 18:08:29.659961130,1.89951138153,23.059072211425,False,False,False,False,False,
848596,149,Account Access,Password Reset,P4,2025-02-22 11:22:00.000000000,True,215,True,2025-02-22 22:45:34.031311796,2025-02-24 07:06:15.319285321,11.39278647549889,43.73758869036694,False,False,False,False,False,
848597,171,API Integrations,Webhook Failures,P3,2025-12-24 12:19:14.000000000,True,206,True,2025-12-24 16:06:05.167869230,2025-12-27 11:01:59.411068876,3.780879963675,70.7126141857989,False,True,True,False,False,
848598,195,Fulfilment & Logistics,Label Generation,P3,2025-09-12 03:48:05.000000000,True,206,False,2025-09-12 06:02:32.275290918,2025-09-13 05:22:46.456766406,2.240909803032778,25.57818243511278,False,True,False,False,False,
848599,149,Account Access,User Permissions,P3,2025-07-03 22:36:06.000000000,True,202,False,2025-07-04 01:26:36.624236091,2025-07-04 21:05:10.273654509,2.841840065580833,22.48452045958584,False,False,False,False,False,
848600,177,API Integrations,Rate Limiting,P3,2025-02-17 05:09:01.000000000,True,201,False,2025-02-17 07:46:04.118646416,2025-02-19 07:16:29.445947240,2.6175329573377777,50.124568318677774,False,True,True,False,False,
848601,136,Account Access,SSO Failure,P4,2025-12-01 17:38:36.000000000,True,219,False,2025-12-01 23:19:18.355945542,2025-12-02 19:45:08.539806075,5.678432207095,26.10903883502084,False,False,False,False,False,
848602,149,Account Access,Password Reset,P3,2025-08-02 01:35:44.000000000,True,213,False,2025-08-02 03:48:04.535629842,2025-08-02 18:48:51.481745044,2.205704341622778,17.21874492917889,False,False,False,False,False,
848603,195,API Integrations,Authentication Error,P1,2026-02-09 23:46:10.000000000,True,211,False,2026-02-09 23:55:18.125163071,2026-02-10 02:15:53.732066714,0.1522569897419444,2.4954811296427777,False,True,False,False,False,
848604,153,API Integrations,Authentication Error,P2,2025-04-21 06:21:40.000000000,True,214,False,2025-04-21 06:49:13.927370214,2025-04-21 15:30:57.033026690,0.4594242695038888,9.154731396302775,False,True,True,False,False,0.62
848605,117,API Integrations,Authentication Error,P4,2026-04-25 13:17:01.000000000,True,211,False,2026-04-25 16:12:52.146049014,2026-04-26 21:30:54.640914671,2.930873902503889,32.23156692074195,False,False,False,False,False,
848606,145,Fulfilment & Logistics,Label Generation,P4,2026-02-05 01:55:40.000000000,True,204,True,2026-02-05 11:31:06.312205004,2026-02-09 01:40:04.135954082,9.590642279167778,95.74003776502278,False,True,True,False,False,
848607,184,Fulfilment & Logistics,Carrier Sync Failure,P2,2025-02-19 22:25:38.000000000,True,208,False,2025-02-19 23:56:15.184198378,2025-02-20 21:25:32.651710450,1.5103289439938887,22.99851436401389,True,True,False,False,False,
848608,144,API Integrations,Authentication Error,P3,2026-03-12 01:12:37.000000000,True,215,True,2026-03-12 04:40:41.241128530,2026-03-14 07:27:58.644196958,3.467844757925,54.25601227693277,False,True,True,False,False,
848609,169,Notifications,Template Syntax Error,P3,2026-02-05 21:38:08.000000000,True,220,False,2026-02-06 00:40:54.900454200,2026-02-06 16:37:36.965221894,3.046361237277778,18.991379228303888,False,False,False,False,False,
848610,203,Fulfilment & Logistics,Tracking Updates,P3,2025-12-30 08:01:15.000000000,True,205,True,2025-12-30 11:15:44.959754146,2025-12-31 07:23:38.603938719,3.241655487262778,23.37322331631083,False,False,False,False,False,
848611,191,Notifications,SMS Gateway Drag,P3,2025-11-23 10:05:24.000000000,True,220,False,2025-11-23 13:26:37.316360994,2025-11-24 07:51:40.467247974,3.353698989165,21.771240902215,False,False,False,False,False,
848612,165,API Integrations,Endpoint Timeout,P2,2025-05-28 08:59:50.000000000,True,205,False,2025-05-28 10:09:58.124088076,2025-05-29 01:15:17.014432576,1.168923357798889,16.257504009048887,True,True,True,False,False,
848613,185,API Integrations,Webhook Failures,P3,2025-01-14 02:25:32.000000000,True,211,False,2025-01-14 03:37:28.797540098,2025-01-14 21:51:51.583483539,1.199110427805,19.438773189871945,False,False,False,False,False,
848614,157,Payments & Checkout,Card Declines,P1,2025-07-11 01:04:56.000000000,True,204,False,2025-07-11 01:38:04.905940910,2025-07-11 06:37:45.843027528,0.552473872475,5.547178618757778,True,True,True,False,False,
848615,163,API Integrations,Webhook Failures,P4,2025-07-16 14:14:01.000000000,True,215,True,2025-07-17 02:51:46.567644887,2025-07-22 23:26:00.081096947,12.629324345801944,153.19974474915193,True,True,True,False,False,0.26
848616,178,Account Access,SSO Failure,P3,2025-05-09 05:41:31.000000000,True,203,False,2025-05-09 08:00:56.959762886,2025-05-10 01:29:27.565486330,2.3238777119127776,19.799045968425,False,False,False,False,False,0.99
848617,136,Payments & Checkout,3DS Authentication,P3,2025-08-03 09:06:55.000000000,True,204,False,2025-08-03 12:31:29.552752264,2025-08-05 10:49:55.233550238,3.40959798674,49.71673154173278,False,True,True,False,False,
848618,101,Fulfilment & Logistics,Tracking Updates,P3,2025-05-12 00:17:59.000000000,True,206,False,2025-05-12 02:19:52.302447081,2025-05-13 00:06:02.736161630,2.031472901966944,23.801037822675003,False,False,False,False,False,
848619,180,Fulfilment & Logistics,Inventory Mismatch,P3,2025-09-09 04:05:17.000000000,True,213,True,2025-09-09 06:31:37.281862893,2025-09-10 06:50:09.859456412,2.438967184136944,26.74801651567,False,True,False,False,False,
848620,105,API Integrations,Endpoint Timeout,P3,2025-10-14 16:17:30.000000000,True,205,False,2025-10-14 18:24:47.417046594,2025-10-16 11:22:26.015531734,2.121504735165,43.08222653659278,False,True,True,False,False,
848621,165,Notifications,SMS Gateway Drag,P3,2025-10-21 02:56:31.000000000,True,219,True,2025-10-21 06:22:39.099818620,2025-10-21 22:47:59.974758637,3.43558328295,19.858048544065834,False,False,False,False,False,
848622,205,Notifications,Webhook Retries,P4,2025-03-24 15:01:53.000000000,True,220,False,2025-03-24 21:07:42.495602501,2025-03-26 13:22:52.775118458,6.097082111805833,46.349937532905,False,False,False,False,False,
848623,209,Account Access,2FA Reset,P3,2026-06-05 23:25:24.000000000,True,203,False,2026-06-06 02:09:08.658795882,2026-06-06 16:06:12.621436309,2.729071887745,16.680172621196945,False,False,False,False,False,
848624,185,API Integrations,Endpoint Timeout,P2,2026-05-29 07:55:12.000000000,True,214,False,2026-05-29 08:39:26.472252373,2026-05-29 18:31:23.962128081,0.7373534034369444,10.603322813355836,False,True,False,False,False,
848625,173,Account Access,2FA Reset,P3,2025-06-17 07:12:21.000000000,True,206,True,2025-06-17 10:49:05.685759121,2025-06-18 03:57:06.671685507,3.612412710866944,20.74601991264084,False,False,False,False,False,
848626,107,Payments & Checkout,Card Declines,P4,2026-06-26 07:52:49.000000000,True,207,False,2026-06-26 14:47:18.294429889,2026-06-28 23:09:17.505755236,6.908137341635833,63.27458493201,False,True,False,False,False,0.57
848627,117,Fulfilment & Logistics,Carrier Sync Failure,P4,2025-12-13 12:47:03.000000000,True,207,True,2025-12-13 20:00:53.792602476,2025-12-15 11:30:09.405365067,7.230775722910001,46.71844593474084,False,False,False,False,False,
848628,200,Account Access,User Permissions,P3,2025-02-12 16:15:56.000000000,True,203,False,2025-02-12 18:00:17.120479311,2025-02-13 12:25:52.630284938,1.7392001331419444,20.165730634705,False,False,False,False,False,0.97
848629,171,Account Access,2FA Reset,P2,2026-01-24 20:34:24.000000000,True,204,True,2026-01-24 22:52:36.871163789,2026-01-25 22:56:51.051633688,2.303575323274722,26.374181009357777,True,True,False,False,False,
848630,202,Payments & Checkout,Payout Delays,P3,2026-03-17 00:46:58.000000000,True,217,False,2026-03-17 04:26:09.325026314,2026-03-19 13:11:27.199723663,3.653145840642778,60.40811103435084,False,True,True,False,False,
848631,188,Payments & Checkout,Card Declines,P2,2025-03-05 17:54:10.000000000,True,212,True,2025-03-05 18:51:25.486135051,2025-03-06 06:32:50.044885356,0.9543017041808334,12.644456912598889,False,True,False,False,False,
848632,114,Notifications,Email Delivery Failure,P3,2026-05-14 10:01:58.000000000,True,218,False,2026-05-14 13:30:10.098925318,2026-05-14 23:36:06.363029828,3.470027479255,13.568989730507775,False,False,False,False,False,1.0
848633,182,Notifications,SMS Gateway Drag,P2,2025-04-09 18:18:50.000000000,True,218,False,2025-04-09 19:43:52.993340918,2025-04-10 08:00:02.259735530,1.417498150255,13.686738815425,True,True,False,False,False,
848634,101,Payments & Checkout,3DS Authentication,P4,2026-04-20 00:48:15.000000000,True,207,False,2026-04-20 05:57:50.618693752,2026-04-22 09:57:13.990368706,5.159894081597778,57.14971954686278,False,True,True,False,False,0.31
848635,135,API Integrations,Webhook Failures,P4,2026-01-20 16:30:50.000000000,True,205,False,2026-01-20 22:29:16.144039020,2026-01-23 11:20:08.806312992,5.9739288997277775,66.82189064249778,False,True,True,False,False,
848636,165,Account Access,User Permissions,P3,2025-04-29 13:35:14.000000000,True,212,False,2025-04-29 14:58:47.721448701,2025-04-30 03:56:56.931304251,1.3927004024169445,14.361925362291943,False,False,False,False,False,
848637,147,Notifications,Email Delivery Failure,P4,2025-03-23 14:39:04.000000000,True,211,True,2025-03-23 18:05:40.248163997,2025-03-24 09:45:30.916230505,3.443402267776944,19.10747673069584,False,False,False,False,False,
848638,186,Account Access,User Permissions,P2,2026-05-23 10:54:29.000000000,True,217,True,2026-05-23 12:35:35.342648997,2026-05-23 20:57:11.891105663,1.6850951802769445,10.045247529350831,True,True,True,False,False,
848639,192,Fulfilment & Logistics,Tracking Updates,P4,2026-03-10 10:31:53.000000000,True,209,False,2026-03-10 17:20:29.693004377,2026-03-13 07:45:41.499445604,6.810192501215834,69.23013873488999,False,True,False,False,False,
848640,182,Fulfilment & Logistics,Inventory Mismatch,P2,2025-12-01 09:07:39.000000000,True,216,False,2025-12-01 10:01:42.598792412,2025-12-01 15:59:50.424321652,0.9009996645588888,6.869840089347778,False,False,False,False,False,
848641,171,API Integrations,Endpoint Timeout,P3,2025-07-07 02:06:24.000000000,True,211,False,2025-07-07 03:04:08.345641410,2025-07-07 23:55:17.163578246,0.962318233725,21.81476766062389,False,False,False,False,False,
848642,109,API Integrations,Rate Limiting,P2,2025-07-12 14:28:13.000000000,True,214,False,2025-07-12 15:04:03.649082573,2025-07-12 21:52:00.712672862,0.5974025229369445,7.396586853572777,False,False,False,False,False,0.97
848643,135,Account Access,2FA Reset,P2,2025-10-19 16:02:57.000000000,True,203,False,2025-10-19 16:52:22.385012929,2025-10-19 22:02:17.621888196,0.8237180591469444,5.989061635610001,False,False,False,False,False,
848644,104,Fulfilment & Logistics,Label Generation,P3,2025-05-12 09:30:04.000000000,True,216,False,2025-05-12 11:54:45.630108608,2025-05-12 22:21:14.252762027,2.411563919057778,12.852847989451943,False,False,False,False,False,
848645,166,API Integrations,Endpoint Timeout,P3,2026-02-28 09:22:18.000000000,True,205,False,2026-02-28 11:18:29.173368609,2026-03-02 00:14:56.985974839,1.9364370468358327,38.87749610412194,False,True,True,False,False,
848646,148,Account Access,Password Reset,P3,2026-01-27 04:50:29.000000000,True,202,False,2026-01-27 08:10:00.668138818,2026-01-27 22:29:39.772528821,3.325463371893889,17.652992369116944,False,False,False,False,False,
848647,179,API Integrations,Webhook Failures,P2,2025-05-02 06:33:38.000000000,True,201,False,2025-05-02 08:12:12.208244020,2025-05-03 18:41:10.104399400,1.642835623338889,36.12558455538889,True,True,False,False,False,
848648,112,Payments & Checkout,Card Declines,P3,2025-02-22 15:25:17.000000000,True,207,False,2025-02-22 18:19:56.480620652,2025-02-23 21:26:38.326710094,2.9109668390700003,30.02259075280389,False,True,False,False,False,
848649,202,Fulfilment & Logistics,Label Generation,P3,2025-12-05 20:35:52.000000000,True,208,False,2025-12-05 23:14:58.981257689,2025-12-06 16:23:16.103399146,2.6519392382469444,19.790028721985,False,False,False,False,False,1.0
848650,179,API Integrations,Endpoint Timeout,P3,2025-12-26 13:10:32.000000000,True,214,False,2025-12-26 15:02:24.209561873,2025-12-28 01:13:41.117655016,1.864502656075833,36.05253268194889,False,True,False,False,False,
848651,141,API Integrations,Rate Limiting,P4,2026-04-14 15:07:40.000000000,True,211,False,2026-04-14 18:01:45.519313594,2026-04-16 01:24:33.419717380,2.9015331426650004,34.281505477050004,False,False,False,False,False,
848652,134,Account Access,SSO Failure,P3,2025-09-07 09:59:17.000000000,True,220,True,2025-09-07 15:45:07.637627370,2025-09-08 12:58:34.560269103,5.764066007602778,26.988211185861942,True,True,False,False,False,
848653,134,Fulfilment & Logistics,Carrier Sync Failure,P4,2026-01-26 23:19:24.000000000,True,208,False,2026-01-27 05:37:40.666880529,2026-01-28 12:05:16.478301294,6.304629689035833,36.764577305915,False,False,False,False,False,0.86
848654,201,API Integrations,Authentication Error,P1,2025-01-05 03:00:00.000000000,True,201,False,2025-01-05 03:29:04.965118260,2025-01-05 09:57:02.780026156,0.48471253285,6.950772229487778,True,True,True,False,False,
848655,186,Fulfilment & Logistics,Tracking Updates,P2,2026-03-14 08:44:04.000000000,True,220,True,2026-03-14 09:57:56.741027052,2026-03-14 18:34:30.235687066,1.231316951958889,9.840621024185,True,True,False,False,False,
848656,117,Fulfilment & Logistics,Inventory Mismatch,P2,2025-07-23 10:30:06.000000000,True,213,True,2025-07-23 11:12:36.414978504,2025-07-23 16:55:44.222788324,0.70844860514,6.427284107867778,False,False,False,False,False,1.0
848657,188,Notifications,Template Syntax Error,P4,2026-02-27 10:37:25.000000000,True,218,False,2026-02-27 17:47:52.826893526,2026-02-28 14:20:40.814592637,7.1743963593127775,27.72105960906584,False,False,False,False,False,0.88
848658,196,Payments & Checkout,Refund Processing,P2,2025-09-02 07:09:55.000000000,True,204,False,2025-09-02 09:17:32.491976941,2025-09-03 13:57:22.633438340,2.1270811047058333,30.791009288427777,True,True,True,False,False,
848659,121,Fulfilment & Logistics,Label Generation,P2,2025-12-31 01:52:17.000000000,True,206,False,2025-12-31 03:21:17.244273196,2025-12-31 15:43:11.621754785,1.4834011869988888,13.848506042995837,True,True,False,False,False,0.54
848660,168,API Integrations,Endpoint Timeout,P4,2025-06-13 04:24:33.000000000,True,211,False,2025-06-13 06:29:27.479696206,2025-06-14 05:00:57.067169157,2.0817999156127778,24.606685324765834,False,False,True,False,False,
848661,135,Payments & Checkout,Card Declines,P2,2025-08-08 22:20:36.000000000,True,217,False,2025-08-08 23:10:46.623454796,2025-08-09 18:13:29.295007864,0.8362842929988888,19.88147083551777,False,True,False,False,False,
848662,113,API Integrations,Webhook Failures,P4,2025-02-26 09:09:32.000000000,True,202,True,2025-02-26 20:11:51.795257700,2025-03-07 05:48:30.432922422,11.03883201602778,212.6495647006728,False,True,False,False,False,
848663,199,Account Access,Password Reset,P3,2025-01-18 14:42:46.000000000,True,210,True,2025-01-18 18:48:48.727593978,2025-01-19 18:14:55.101382176,4.100757664993889,27.535861495048888,True,True,False,False,False,0.51
848664,166,Payments & Checkout,Card Declines,P4,2025-05-27 18:42:58.000000000,True,207,False,2025-05-28 01:10:52.528349896,2025-05-29 16:41:13.880290582,6.465146763860001,45.971077858495,False,False,False,False,False,
848665,122,API Integrations,Endpoint Timeout,P3,2025-02-01 20:15:20.000000000,True,211,False,2025-02-01 21:10:07.244772526,2025-02-02 18:36:40.817925466,0.9131235479238888,22.35578275707389,False,False,False,False,False,
848666,158,Account Access,User Permissions,P4,2025-06-29 13:50:50.000000000,True,203,False,2025-06-29 18:04:09.303722152,2025-06-30 21:21:56.893468472,4.222028811708889,31.51858151902,False,False,False,False,False,0.92
848667,139,API Integrations,Endpoint Timeout,P4,2026-02-05 16:29:25.000000000,True,214,False,2026-02-05 21:02:54.719593475,2026-02-07 23:52:51.215992668,4.558255442631945,55.39061555351889,False,True,False,False,False,0.65
848668,112,Notifications,Email Delivery Failure,P2,2025-11-20 06:44:59.000000000,True,220,False,2025-11-20 07:39:22.833186200,2025-11-20 12:45:13.817581236,0.9066203295,6.004115994787777,False,False,False,False,False,
848669,140,Notifications,Template Syntax Error,P3,2025-11-04 10:19:35.000000000,True,208,True,2025-11-04 14:55:45.818565732,2025-11-05 18:24:38.329103310,4.603005157147778,32.084258084252774,True,True,False,False,False,
848670,190,Notifications,Webhook Retries,P3,2025-10-09 22:36:51.000000000,True,211,True,2025-10-10 00:30:12.639872490,2025-10-10 05:56:56.702160962,1.889344409025,7.334917266933888,False,False,True,False,False,
848671,110,Account Access,Password Reset,P4,2025-12-06 06:39:50.000000000,True,203,False,2025-12-06 11:01:27.720459400,2025-12-07 20:47:27.222045665,4.360477905388889,38.12700612379583,False,False,False,False,False,
848672,131,Fulfilment & Logistics,Tracking Updates,P3,2025-08-03 06:46:30.000000000,True,206,False,2025-08-03 09:21:40.229955068,2025-08-04 06:31:42.847029613,2.586174987518889,23.753568619336946,False,False,False,False,False,
848673,141,Account Access,2FA Reset,P3,2026-01-23 11:28:04.000000000,True,219,False,2026-01-23 13:28:16.064442644,2026-01-24 03:30:29.138190698,2.003351234067778,16.04031616408278,False,False,False,False,False,
848674,125,API Integrations,Webhook Failures,P2,2026-03-09 00:14:06.000000000,True,205,False,2026-03-09 01:24:45.009914803,2026-03-10 04:34:41.481256036,1.1775027541119445,28.34318923778778,True,True,True,False,False,
848675,111,API Integrations,Authentication Error,P3,2025-04-08 23:11:39.000000000,True,205,False,2025-04-09 01:47:46.877023390,2025-04-10 00:59:27.616339336,2.602188062052777,25.796837872037777,False,True,False,False,False,
848676,138,Notifications,Webhook Retries,P2,2026-05-26 15:24:52.000000000,True,220,False,2026-05-26 16:14:44.023577047,2026-05-26 21:50:31.397963490,0.8311176602908333,6.427610545413889,False,False,False,False,False,
848677,179,Fulfilment & Logistics,Tracking Updates,P4,2025-08-18 05:08:39.000000000,True,206,False,2025-08-18 11:11:07.970751854,2025-08-19 20:30:06.591296666,6.04138076440389,39.35766424907389,False,False,False,False,False,
848678,133,API Integrations,Webhook Failures,P4,2025-10-16 10:38:42.000000000,True,205,False,2025-10-16 15:16:08.634178880,2025-10-19 03:27:40.467717640,4.624065049688888,64.81624103267778,False,True,False,False,False,
848679,137,Fulfilment & Logistics,Inventory Mismatch,P3,2025-12-23 02:20:36.000000000,True,219,True,2025-12-23 05:36:38.603938868,2025-12-24 01:50:12.550948981,3.267389983018889,23.493486374716948,False,False,False,False,False,0.95
848680,148,Account Access,User Permissions,P3,2026-02-24 09:04:40.000000000,True,219,False,2026-02-24 11:32:40.588999795,2026-02-24 23:22:37.942527607,2.4668302777208333,14.299428479890834,False,False,False,False,False,
848681,154,API Integrations,Rate Limiting,P2,2026-04-17 14:09:18.000000000,True,211,False,2026-04-17 14:47:56.425181467,2026-04-17 21:14:26.176509873,0.6440069948519445,7.085604586075833,False,False,False,False,False,1.0
848682,141,Account Access,Password Reset,P4,2026-06-17 04:11:55.000000000,True,213,False,2026-06-17 09:52:59.571761660,2026-06-18 04:42:19.510483298,5.684603267127778,24.50680846758278,False,False,False,False,False,
848683,203,Account Access,2FA Reset,P3,2026-03-06 17:32:35.000000000,True,202,False,2026-03-06 21:14:20.847038642,2026-03-07 15:15:33.537026342,3.696068621845,21.716260285095,False,False,False,False,False,
848684,158,Notifications,Template Syntax Error,P3,2025-06-12 05:32:12.000000000,True,218,False,2025-06-12 08:02:38.845659637,2025-06-13 00:21:18.961198216,2.507457127676944,18.81860033283778,False,False,False,False,False,
848685,142,Notifications,Webhook Retries,P2,2026-01-01 20:11:49.000000000,True,212,True,2026-01-01 21:29:44.156550730,2026-01-02 01:35:33.421829252,1.298654597425,5.395672730347778,True,False,False,False,False,
848686,192,Notifications,Webhook Retries,P3,2025-10-01 13:12:53.000000000,True,220,False,2025-10-01 16:40:36.092674503,2025-10-02 09:10:15.241307337,3.461970187361944,19.956178140926944,False,False,False,False,False,
848687,148,Fulfilment & Logistics,Label Generation,P4,2025-12-27 05:33:12.000000000,True,210,False,2025-12-27 11:08:38.562831662,2025-12-29 00:17:15.476661622,5.590711897683889,42.734299072672776,False,False,False,False,False,
848688,103,Account Access,2FA Reset,P4,2026-06-26 14:53:48.000000000,True,213,False,2026-06-26 19:39:00.238923535,2026-06-27 12:04:47.811709594,4.753399700981944,21.18328103044277,False,False,False,False,False,
848689,175,Notifications,Template Syntax Error,P3,2026-04-03 18:53:44.000000000,True,204,True,2026-04-04 00:37:02.531467518,2026-04-04 19:27:40.045719292,5.721814296532778,24.56556825535889,True,True,False,False,False,
848690,202,Account Access,2FA Reset,P4,2025-10-11 19:37:01.000000000,True,212,False,2025-10-11 23:27:25.878703750,2025-10-12 14:31:11.167880539,3.840244084375,18.90282441126084,False,False,False,False,False,1.0
848691,182,Fulfilment & Logistics,Inventory Mismatch,P2,2026-03-29 06:49:17.000000000,True,209,False,2026-03-29 08:33:21.463569546,2026-03-30 01:45:04.382533914,1.7345732137627778,18.92982848164278,True,True,False,False,False,
848692,131,Account Access,2FA Reset,P3,2026-01-31 18:04:17.000000000,True,202,False,2026-01-31 22:15:28.786908822,2026-02-01 17:14:45.154409841,4.186607474672778,23.174487336066942,True,False,False,False,False,0.86
848693,202,API Integrations,Authentication Error,P4,2025-04-01 05:01:29.000000000,True,220,True,2025-04-01 14:29:54.875492679,2025-04-09 09:03:06.039810054,9.473854303521945,196.0269555027928,False,True,False,False,False,
848694,182,API Integrations,Authentication Error,P2,2025-06-13 11:07:44.000000000,True,205,False,2025-06-13 12:14:33.224548826,2025-06-14 16:57:22.704809082,1.113673485785,29.82741800252278,True,True,True,False,False,
848695,109,API Integrations,Webhook Failures,P3,2026-02-14 22:37:55.000000000,True,201,False,2026-02-15 01:39:56.059365936,2026-02-16 17:05:34.579418346,3.033627601648889,42.46099428287389,False,True,True,False,False,
848696,131,Fulfilment & Logistics,Carrier Sync Failure,P3,2025-11-30 02:11:07.000000000,True,216,False,2025-11-30 04:07:16.024849686,2025-11-30 23:42:50.731162447,1.935840236023889,21.528814211790834,False,False,False,False,False,
848697,185,Fulfilment & Logistics,Carrier Sync Failure,P3,2026-04-28 20:30:44.000000000,True,206,False,2026-04-28 23:06:30.901033199,2026-04-29 10:16:12.501428092,2.596361398110833,13.757917063358889,False,False,False,False,False,
848698,103,Payments & Checkout,Payout Delays,P4,2025-02-05 01:06:55.000000000,True,207,False,2025-02-05 05:52:36.828795971,2025-02-07 16:30:49.550806918,4.761619109991944,63.398486335255,False,True,True,False,False,
848699,185,Fulfilment & Logistics,Label Generation,P3,2026-06-14 18:06:51.000000000,True,208,False,2026-06-14 20:53:08.247451134,2026-06-16 01:39:55.838874775,2.771457625315,31.551344131881944,False,True,False,False,False,
848700,126,Notifications,SMS Gateway Drag,P3,2025-05-07 04:22:02.000000000,True,218,False,2025-05-07 06:44:58.830824861,2025-05-07 17:40:36.072803486,2.382453006905833,13.309464667635,False,False,False,False,False,
848701,106,API Integrations,Endpoint Timeout,P3,2026-03-07 11:13:28.026524277,True,216,True,2026-03-07 13:33:37.350300539,2026-03-10 02:35:19.759874104,2.335923271183889,63.364370374951946,False,True,False,True,False,
848702,160,Payments & Checkout,3DS Authentication,P4,2026-06-10 03:13:24.418105219,True,214,True,2026-06-10 06:39:58.461343016,2026-06-11 16:03:33.510234232,3.442789788276944,36.83585892472584,False,False,False,True,False,
848703,132,Payments & Checkout,Refund Processing,P3,2026-05-19 20:58:32.727755142,True,202,True,2026-05-19 23:07:14.080000809,2026-05-21 13:04:20.589140527,2.144820068240833,40.09662816260695,False,True,False,True,False,
848704,198,API Integrations,Authentication Error,P3,2025-02-01 14:25:32.261472935,True,220,True,2025-02-01 15:54:33.612710642,2025-02-04 01:17:41.674631324,1.4837086771408334,58.86928143288584,False,True,False,True,False,
848705,160,Account Access,SSO Failure,P3,2025-08-07 19:43:49.676163599,True,202,False,2025-08-07 21:53:12.563161025,2025-08-08 08:15:54.688126527,2.156357499285,12.534725545257778,False,False,False,True,False,
848706,106,API Integrations,Endpoint Timeout,P3,2025-12-28 15:06:54.848940905,True,202,True,2025-12-28 17:28:56.460117849,2025-12-30 14:40:39.886431787,2.367114215817778,47.56251041413389,False,True,False,True,False,
848707,206,API Integrations,Endpoint Timeout,P4,2025-02-10 22:42:04.659641831,True,220,True,2025-02-11 03:15:57.680550522,2025-02-15 13:31:31.874698938,4.564728030191945,110.82422640475194,False,True,False,True,False,
848708,158,Account Access,2FA Reset,P3,2025-03-17 06:18:32.969992416,True,217,True,2025-03-17 08:35:03.139309506,2025-03-18 06:58:50.307680836,2.275047032525,24.671482691227776,False,True,False,True,False,
848709,110,Payments & Checkout,Card Declines,P4,2025-02-28 19:13:57.677465423,True,217,False,2025-03-01 00:10:38.285197758,2025-03-03 16:27:22.652610540,4.944613258981945,69.22360420697694,False,True,False,True,False,
848710,131,Payments & Checkout,Card Declines,P4,2025-03-08 11:05:15.951540834,True,216,True,2025-03-08 16:31:26.568477045,2025-03-11 04:47:22.617954799,5.436282482280833,65.70185178165694,False,True,False,True,False,
848711,145,Fulfilment & Logistics,Carrier Sync Failure,P3,2026-02-17 15:03:54.838344589,True,214,True,2026-02-17 16:16:33.933063273,2026-02-18 11:40:39.446414547,1.210859644078889,20.61239113054389,False,False,False,True,False,
848712,139,API Integrations,Endpoint Timeout,P2,2026-03-05 03:44:01.507211750,True,212,True,2026-03-05 04:16:50.154923762,2026-03-05 20:43:40.036603756,0.54684658667,16.99403594222389,False,True,False,True,False,
848713,106,API Integrations,Webhook Failures,P2,2025-09-01 12:17:21.642459050,True,202,True,2025-09-01 13:04:13.857570242,2025-09-02 02:28:34.688404271,0.78117086422,14.186957207005833,False,True,False,True,False,
848714,147,API Integrations,Authentication Error,P3,2026-01-09 21:54:35.301912239,True,219,True,2026-01-09 23:01:07.052360239,2026-01-10 21:29:59.577727571,1.1088195688888889,23.59007661537,False,False,False,True,False,
848715,176,Payments & Checkout,Payout Delays,P3,2025-07-16 17:13:19.050699634,True,202,True,2025-07-16 19:03:40.554001858,2025-07-19 02:01:37.086016958,1.83930647284,56.80500981036777,False,True,False,True,False,
848716,177,Payments & Checkout,Card Declines,P3,2025-03-09 19:08:07.438048222,True,212,True,2025-03-09 20:47:30.821893229,2025-03-11 03:51:48.689288065,1.6564955125019445,32.72812534440083,False,True,False,True,False,
848717,189,Payments & Checkout,Payout Delays,P3,2025-10-23 13:16:35.720424139,True,211,True,2025-10-23 14:10:50.015559533,2025-10-24 12:40:01.134976743,0.9039708709427778,23.390392931278885,False,False,False,True,False,
848718,155,Payments & Checkout,Payout Delays,P2,2026-04-20 03:40:17.570731034,True,216,True,2026-04-20 04:19:23.161873293,2026-04-20 18:56:31.388209894,0.6515530950719445,15.270504855238888,False,True,False,True,False,
848719,101,Payments & Checkout,Card Declines,P3,2025-07-29 15:07:53.305939358,True,213,True,2025-07-29 16:04:23.570046843,2025-07-30 20:40:54.052471660,0.9417400298569444,29.55020737008389,False,True,False,True,False,0.71
848720,172,Payments & Checkout,Refund Processing,P3,2025-06-03 20:07:52.530056370,True,213,True,2025-06-03 21:07:45.778497228,2025-06-05 02:01:06.957058345,0.998124566905,29.887340833881943,False,True,False,True,False,0.72
848721,206,Payments & Checkout,Refund Processing,P4,2025-02-28 05:01:59.099972899,True,212,True,2025-02-28 09:24:33.288409397,2025-03-02 11:02:37.651612237,4.376163454582778,54.010708788705,False,True,False,True,False,
848722,188,Payments & Checkout,3DS Authentication,P4,2025-07-10 04:52:35.910975232,True,202,True,2025-07-10 10:49:59.299298084,2025-07-13 06:48:21.720104339,5.956496756347778,73.92939142475194,False,True,False,True,False,
848723,107,Notifications,SMS Gateway Drag,P1,2025-05-03 07:16:00.411908269,True,213,True,2025-05-03 07:21:55.430132257,2025-05-03 08:24:35.987599239,0.09861617333,1.143215469713889,False,False,False,True,False,
848724,108,API Integrations,Authentication Error,P3,2026-06-27 08:40:20.387991172,True,212,True,2026-06-27 10:02:13.289525267,2026-06-29 08:51:18.341245756,1.3646948705819444,48.18276479294,False,True,False,True,False,
848725,140,Payments & Checkout,Payout Delays,P2,2025-05-13 13:06:56.234779387,True,220,True,2025-05-13 13:37:08.177009995,2025-05-14 02:58:43.200873922,0.50331728628,13.863046137370832,False,True,False,True,False,
848726,106,API Integrations,Endpoint Timeout,P4,2025-09-26 00:10:04.518067176,True,217,True,2025-09-26 05:22:10.505929802,2025-10-01 17:23:09.415265718,5.201663295173889,137.218026999595,False,True,False,True,False,
848727,101,API Integrations,Webhook Failures,P3,2025-10-03 23:07:36.077112798,True,203,True,2025-10-04 00:13:07.180682960,2025-10-05 13:48:27.327001836,1.091973213933889,38.680902746955,False,True,False,True,False,
848728,165,API Integrations,Rate Limiting,P3,2026-05-02 13:56:35.846165541,True,217,True,2026-05-02 15:53:49.297520040,2026-05-04 09:49:42.941400723,1.9537364873608327,43.885304231995,False,True,False,True,False,
848729,115,Notifications,Email Delivery Failure,P4,2025-04-08 10:02:23.915005857,True,202,True,2025-04-08 15:57:47.395472734,2025-04-10 09:10:49.581013536,5.923189018576945,47.140462779910834,False,False,False,True,False,
848730,114,API Integrations,Endpoint Timeout,P4,2025-01-30 11:26:02.580517558,True,212,True,2025-01-30 15:49:03.481733528,2025-02-02 16:09:36.918059623,4.383583671102778,76.72620487279583,False,True,False,True,False,
848731,183,API Integrations,Rate Limiting,P4,2025-04-22 03:58:41.352813524,True,211,False,2025-04-22 06:30:11.085877275,2025-04-23 06:20:49.316745077,2.524925851041945,26.368878869875832,False,False,False,True,False,
848732,102,Notifications,Webhook Retries,P3,2025-11-09 16:31:08.131638370,True,213,True,2025-11-09 17:45:55.560800022,2025-11-10 02:30:31.955367638,1.246508100458889,9.989951035907778,False,False,False,True,False,
848733,105,Account Access,SSO Failure,P2,2026-04-03 00:20:12.089375174,True,213,False,2026-04-03 00:47:29.968649685,2026-04-03 03:56:10.182603760,0.4549664651419444,3.599470341273889,False,False,False,True,False,
848734,140,Payments & Checkout,Payout Delays,P3,2026-03-09 17:39:44.728482303,True,213,True,2026-03-09 18:45:24.625611635,2026-03-11 01:47:18.902807608,1.094415869258889,32.126159534806945,False,True,False,True,False,
848735,161,API Integrations,Rate Limiting,P4,2025-07-13 15:40:02.415435536,True,212,True,2025-07-13 19:28:19.872013664,2025-07-16 13:40:08.911834562,3.80484904948,70.00180455528499,False,True,False,True,False,
848736,187,API Integrations,Rate Limiting,P3,2025-07-07 13:20:27.891647726,True,217,True,2025-07-07 15:24:08.446450626,2025-07-09 10:12:00.926801536,2.0612652230277777,44.85917643161389,False,True,False,True,False,
848737,206,Payments & Checkout,3DS Authentication,P4,2025-06-17 15:42:02.840528412,True,211,True,2025-06-17 18:11:13.231107024,2025-06-19 14:15:14.366615504,2.48621960517,46.55320169085889,False,False,False,True,False,
848738,120,Notifications,Template Syntax Error,P2,2026-03-05 07:46:50.463419764,True,212,True,2026-03-05 08:19:19.692121302,2026-03-05 13:35:52.744403568,0.5414524170938889,5.817300273278889,False,False,False,True,False,
848739,147,Payments & Checkout,3DS Authentication,P3,2025-10-13 08:18:19.583189490,True,202,True,2025-10-13 10:36:29.046939895,2025-10-15 10:42:04.399465666,2.3026288195569444,50.395782298937775,False,True,False,True,False,
848740,159,Payments & Checkout,3DS Authentication,P3,2025-05-05 14:25:58.319197744,True,216,True,2025-05-05 16:23:00.952375422,2025-05-07 10:48:23.727790201,1.9507314382438887,44.37372460901584,False,True,False,True,False,
848741,137,Payments & Checkout,3DS Authentication,P3,2026-05-15 10:40:44.832713621,True,202,True,2026-05-15 12:51:27.214752222,2026-05-17 10:02:31.495486455,2.1784394551669446,47.362961881342784,False,True,False,True,False,
848742,116,Payments & Checkout,Card Declines,P1,2025-05-06 16:50:59.409918106,True,203,True,2025-05-06 16:59:09.732925441,2025-05-06 18:48:12.238396080,0.1362008353708333,1.9535634661038888,False,False,False,True,False,1.0
848743,203,API Integrations,Authentication Error,P3,2026-02-17 02:43:26.023402141,True,216,True,2026-02-17 04:20:27.473687309,2026-02-19 04:57:25.936224154,1.6170695236577777,50.23330911722583,False,True,False,True,False,
848744,168,Payments & Checkout,Payout Delays,P3,2026-01-24 15:28:19.498795454,True,202,True,2026-01-24 17:14:49.921608174,2026-01-26 04:55:48.432144123,1.7751174479777778,37.45803704129695,False,True,False,True,False,
848745,201,API Integrations,Authentication Error,P4,2025-09-16 05:48:40.537193578,True,211,False,2025-09-16 09:00:53.916298424,2025-09-18 02:46:34.631220574,3.203716418012778,44.96502611861,False,False,False,True,False,
848746,193,API Integrations,Endpoint Timeout,P2,2025-09-19 23:07:02.146479762,True,214,False,2025-09-19 23:33:54.540267490,2025-09-20 04:15:50.508769676,0.4478871632577778,5.146767302753888,False,False,False,True,False,
848747,103,Payments & Checkout,3DS Authentication,P1,2025-07-27 10:13:09.110232885,True,214,True,2025-07-27 10:20:46.748354098,2025-07-27 12:29:54.514396149,0.1271217003369444,2.27927893424,False,True,False,True,False,
848748,205,Payments & Checkout,Refund Processing,P3,2025-08-05 19:55:22.616369590,True,214,True,2025-08-05 21:15:30.757121884,2025-08-06 17:03:38.724733633,1.335594653415,21.13780787890084,False,False,False,True,False,
848749,105,API Integrations,Rate Limiting,P4,2026-05-02 06:47:31.129628964,True,203,True,2026-05-02 09:57:01.733921236,2026-05-05 01:35:37.463340829,3.158501192297778,66.80175936440695,False,True,False,True,False,
848750,135,Fulfilment & Logistics,Tracking Updates,P1,2025-11-05 09:50:16.660051958,True,203,True,2025-11-05 09:57:12.252819797,2025-11-05 11:11:35.960109453,0.1154424355108333,1.3553611270819446,False,False,False,True,False,
848751,119,API Integrations,Webhook Failures,P4,2025-12-16 21:59:17.103223684,True,214,False,2025-12-17 00:53:42.082862910,2025-12-18 09:57:17.272446721,2.9069387886738887,35.96671367306583,False,False,False,True,False,
848752,135,API Integrations,Rate Limiting,P2,2026-05-14 01:58:05.934760395,True,220,True,2026-05-14 02:27:40.270400902,2026-05-14 15:31:11.237159682,0.4928710112519445,13.551472888690832,False,True,False,True,False,
848753,115,Payments & Checkout,Card Declines,P3,2025-01-15 20:44:06.917522206,True,213,True,2025-01-15 22:02:42.781257875,2025-01-17 01:43:42.461784431,1.3099621487969444,28.993206739506945,False,True,False,True,False,
848754,144,Fulfilment & Logistics,Tracking Updates,P1,2025-11-08 15:14:58.284296075,True,216,False,2025-11-08 15:29:10.421574199,2025-11-08 16:42:29.183029464,0.2367047994788889,1.4585829814969444,False,False,False,True,False,
848755,208,Payments & Checkout,3DS Authentication,P2,2025-01-12 01:12:51.333641941,True,216,True,2025-01-12 01:57:39.357683653,2025-01-12 17:25:51.457147149,0.7466733449199999,16.21670097366889,False,True,False,True,False,
848756,160,API Integrations,Endpoint Timeout,P3,2025-12-06 16:11:09.972138303,True,213,True,2025-12-06 17:22:38.038342291,2025-12-07 22:08:39.435027953,1.1911295011077778,29.95818413601389,False,True,False,True,False,
848757,108,Account Access,2FA Reset,P4,2025-03-22 09:02:01.186946701,True,217,True,2025-03-22 13:56:24.208011075,2025-03-24 10:29:35.053530947,4.906394740103889,49.45940738451277,False,True,False,True,False,
848758,180,API Integrations,Webhook Failures,P3,2025-05-18 21:36:13.293797795,True,220,True,2025-05-18 23:11:04.979697459,2025-05-20 22:19:02.196187427,1.5810238610177778,48.71358399712,False,True,False,True,False,
848759,132,API Integrations,Endpoint Timeout,P3,2026-05-24 14:01:59.966492314,True,214,False,2026-05-24 15:06:51.024854260,2026-05-25 15:53:37.308089348,1.080849544985,25.86037266584277,False,True,False,True,False,
848760,176,Payments & Checkout,Payout Delays,P3,2025-04-12 11:10:05.516132282,True,213,True,2025-04-12 12:24:41.544433112,2025-04-13 10:20:05.975777950,1.243341194675,23.16679434601889,False,False,False,True,False,
848761,155,Payments & Checkout,Card Declines,P3,2025-02-16 12:47:43.438240067,True,212,True,2025-02-16 14:17:40.089912193,2025-02-17 16:04:25.835810749,1.499069908923889,27.27844376963389,False,True,False,True,False,
848762,153,API Integrations,Webhook Failures,P2,2026-02-27 18:23:11.019313033,True,216,True,2026-02-27 19:09:43.774812181,2026-02-28 16:08:54.076917567,0.7757654164300001,21.761960445703888,False,True,False,True,False,
848763,193,API Integrations,Rate Limiting,P3,2025-04-03 12:31:47.067296515,True,212,True,2025-04-03 14:16:41.650672078,2025-04-04 21:04:23.808869881,1.748495382100833,32.543539325935,False,True,False,True,False,
848764,158,API Integrations,Rate Limiting,P3,2026-01-23 14:42:53.638387152,True,213,True,2026-01-23 15:41:42.139388935,2026-01-25 03:39:28.992992395,0.9801391671619444,36.94315405701194,False,True,False,True,False,
848765,194,Payments & Checkout,Payout Delays,P4,2025-05-22 09:40:46.632616551,True,213,True,2025-05-22 12:19:46.316386557,2025-05-24 01:27:44.266002282,2.6499121583350003,39.78267594048083,False,False,False,True,False,0.88
848766,145,Payments & Checkout,Refund Processing,P3,2025-10-31 06:27:49.320955472,True,202,True,2025-10-31 08:38:22.137803008,2025-11-02 06:32:48.082913375,2.175782457648889,48.08298943275084,False,True,False,True,False,
848767,161,API Integrations,Authentication Error,P4,2025-05-20 09:10:23.220704767,True,202,True,2025-05-20 14:00:33.921834884,2025-05-23 21:59:15.286603967,4.836305869476944,84.81446274977777,False,True,False,True,False,
848768,159,Payments & Checkout,Payout Delays,P2,2026-02-11 05:39:10.118205381,True,211,True,2026-02-11 06:02:20.720931301,2026-02-11 15:01:24.942431304,0.3862785349777777,9.370784507200836,False,True,False,True,False,
848769,195,Payments & Checkout,3DS Authentication,P4,2025-04-13 12:01:22.195982487,True,211,True,2025-04-13 14:53:31.142229149,2025-04-15 10:36:48.518862481,2.869151735183889,46.590645244442776,False,False,False,True,False,
848770,133,Fulfilment & Logistics,Tracking Updates,P1,2026-02-24 22:13:43.115192036,True,203,True,2026-02-24 22:20:35.401937290,2026-02-24 23:36:41.796675744,0.1145240959038888,1.3829670788077777,False,False,False,True,False,
848771,171,Payments & Checkout,Card Declines,P3,2025-12-21 09:27:01.608535550,True,203,True,2025-12-21 10:43:24.601276619,2025-12-22 07:11:58.515350642,1.2730535391858333,21.74914078197,False,False,False,True,False,
848772,105,API Integrations,Webhook Failures,P4,2025-09-19 21:48:04.831804349,True,214,False,2025-09-20 00:44:05.389380703,2025-09-21 10:55:31.807701108,2.933488215653889,37.12415997132194,False,False,False,True,False,
848773,134,API Integrations,Webhook Failures,P3,2025-12-19 16:14:40.407844769,True,202,True,2025-12-19 18:34:49.570657244,2025-12-22 04:30:11.292311707,2.3358785590208333,60.25857901859389,False,True,False,True,False,
848774,144,API Integrations,Rate Limiting,P4,2025-06-22 07:31:29.287913047,True,214,False,2025-06-22 10:00:08.692875218,2025-06-23 20:58:51.953261684,2.4776124894919445,37.45629593017694,False,False,False,True,False,
848775,150,Payments & Checkout,3DS Authentication,P3,2025-09-18 10:03:27.683412318,True,213,True,2025-09-18 11:24:27.836130567,2025-09-19 07:23:50.180032248,1.350042421735833,21.339582394425,False,False,False,True,False,
848776,169,API Integrations,Rate Limiting,P3,2026-03-01 20:00:53.565364819,True,214,False,2026-03-01 21:13:38.681294225,2026-03-02 17:03:57.663006002,1.2125322026127778,21.051138233661945,False,False,False,True,False,
848777,121,Payments & Checkout,Payout Delays,P4,2025-07-29 23:11:08.820863850,True,213,True,2025-07-30 02:35:20.727772986,2025-07-31 23:03:10.085292924,3.40330747476,47.867017896965,False,False,False,True,False,
848778,135,Payments & Checkout,3DS Authentication,P1,2025-03-10 03:23:49.777854980,True,216,True,2025-03-10 03:33:21.626421365,2025-03-10 06:15:03.016017375,0.1588468239958333,2.8536772673319444,False,True,False,True,False,
848779,178,API Integrations,Authentication Error,P3,2025-12-12 16:15:32.570746820,True,202,True,2025-12-12 18:23:44.901922359,2025-12-14 10:46:38.135924606,2.136758659871944,42.518212549385,False,True,False,True,False,
848780,160,Payments & Checkout,Payout Delays,P2,2025-06-23 02:18:13.059480399,True,211,True,2025-06-23 02:39:42.746826607,2025-06-23 10:42:27.073409461,0.3582464850577778,8.403892758072777,False,True,False,True,False,
848781,116,Payments & Checkout,Payout Delays,P4,2025-07-14 03:00:59.814887861,True,214,True,2025-07-14 06:06:35.914539506,2025-07-16 18:27:25.598302034,3.093361014345833,63.44049539282583,False,True,False,True,False,
848782,198,Payments & Checkout,Card Declines,P4,2025-02-14 00:43:30.087215977,True,202,True,2025-02-14 06:45:53.220859193,2025-02-17 02:28:04.005499595,6.039759345337777,73.74275507878278,False,True,False,True,False,
848783,211,API Integrations,Webhook Failures,P3,2025-03-01 07:20:41.649942467,True,216,True,2025-03-01 09:22:19.990975650,2025-03-03 20:16:33.229131263,2.0273169536619444,60.93099421911,False,True,False,True,False,
848784,135,Payments & Checkout,3DS Authentication,P3,2025-05-29 23:55:47.174555923,True,212,True,2025-05-30 01:40:48.102413889,2025-05-31 00:49:29.602436965,1.750257738323889,24.895118855845,False,True,False,True,False,
848785,166,API Integrations,Rate Limiting,P2,2025-12-30 11:05:38.296129302,True,211,False,2025-12-30 11:24:10.682441090,2025-12-30 16:45:03.160717287,0.3089961977188889,5.656906829995833,False,False,False,True,False,
848786,152,API Integrations,Authentication Error,P2,2025-10-19 22:49:08.985822208,True,220,True,2025-10-19 23:29:31.334471614,2025-10-20 14:42:34.106265036,0.6728746248349999,15.89031123411889,False,True,False,True,False,
848787,205,Fulfilment & Logistics,Label Generation,P4,2026-02-13 09:25:54.803202006,True,219,True,2026-02-13 12:18:56.003181613,2026-02-14 16:12:04.270672998,2.883666661001944,30.76929651972,False,False,False,True,False,
848788,158,API Integrations,Endpoint Timeout,P3,2026-02-27 03:55:33.529715540,True,202,True,2026-02-27 06:12:46.962869075,2026-03-01 10:32:10.506049914,2.2870647648708333,54.61027120399277,False,True,False,True,False,
848789,108,API Integrations,Endpoint Timeout,P3,2025-06-06 13:30:29.948692053,True,217,True,2025-06-06 15:51:55.420696147,2025-06-09 06:33:33.791758753,2.3570755566927777,65.05106751852777,False,True,False,True,False,
848790,169,API Integrations,Authentication Error,P3,2026-04-22 18:44:34.560656140,True,202,True,2026-04-22 20:38:30.670271852,2026-04-25 14:42:34.289373677,1.898919337697777,67.96659131042694,False,True,False,True,False,
848791,110,Payments & Checkout,Card Declines,P3,2026-06-19 23:18:06.668055967,True,213,True,2026-06-20 00:28:52.626854447,2026-06-20 18:26:35.206680259,1.1794329995777777,19.141260728970003,False,False,False,True,False,
848792,189,Payments & Checkout,Card Declines,P3,2025-06-12 07:13:17.125294298,True,220,True,2025-06-12 09:08:01.772131025,2025-06-13 16:45:03.891441195,1.9124018990908327,33.52965726302695,False,True,False,True,False,0.7
848793,121,API Integrations,Endpoint Timeout,P3,2025-09-17 17:40:05.030778779,True,217,True,2025-09-17 19:20:05.886933235,2025-09-20 13:46:58.744333889,1.6669044873488887,68.11492043197501,False,True,False,True,False,
848794,121,Payments & Checkout,Refund Processing,P4,2025-04-26 16:57:49.212509727,True,214,True,2025-04-26 20:00:16.032071609,2025-04-28 11:32:22.406648920,3.0407832116338884,42.575887260886944,False,False,False,True,False,
848795,207,API Integrations,Endpoint Timeout,P2,2025-06-10 10:21:03.903494217,True,216,True,2025-06-10 10:58:30.802698333,2025-06-11 05:49:09.035472666,0.6241386678099999,19.468092216235835,False,True,False,True,False,
848796,105,Fulfilment & Logistics,Carrier Sync Failure,P1,2026-01-01 20:33:47.149414402,True,217,True,2026-01-01 20:47:36.071170645,2026-01-01 22:36:43.777171325,0.2302560434008333,2.0490632658119443,False,True,False,True,False,
848797,195,Payments & Checkout,Refund Processing,P3,2026-02-17 08:42:23.371163962,True,214,True,2026-02-17 10:01:18.155517392,2026-02-18 07:16:03.343102393,1.3152178759527775,22.561103316230835,False,False,False,True,False,
848798,201,API Integrations,Webhook Failures,P3,2025-04-30 09:22:12.698544986,True,214,False,2025-04-30 10:36:17.965604717,2025-05-01 01:45:38.544215432,1.2347964054808334,16.390512686235,False,False,False,True,False,
848799,122,API Integrations,Authentication Error,P3,2026-02-22 22:54:57.217324520,True,214,False,2026-02-23 00:07:48.327351742,2026-02-23 23:19:59.755955504,1.214197229783889,24.41737184194,False,True,False,True,False,
848800,192,Payments & Checkout,Payout Delays,P2,2025-04-05 22:50:18.362548701,True,213,True,2025-04-05 23:15:47.697220356,2025-04-06 09:09:23.958940272,0.4248151865708333,10.318221219880831,False,True,False,True,False,0.8
848801,161,Payments & Checkout,3DS Authentication,P3,2025-06-04 15:30:58.738436544,True,217,False,2025-06-04 17:24:46.408795982,2025-06-05 16:51:27.164395531,1.8965750998438888,25.341229433051947,False,True,False,True,False,0.71
848802,208,Payments & Checkout,Refund Processing,P1,2025-03-17 14:04:52.635105425,True,203,True,2025-03-17 14:12:17.221096071,2025-03-17 16:50:28.377636931,0.1234961085127777,2.759928480973889,False,True,False,True,False,
848803,116,API Integrations,Rate Limiting,P2,2025-11-13 07:55:59.598440598,True,216,True,2025-11-13 08:36:30.316744033,2025-11-13 23:53:57.760234576,0.6751995287319444,15.966156053882775,False,True,False,True,False,
848804,182,Notifications,Template Syntax Error,P1,2025-01-09 16:57:08.540051552,True,212,True,2025-01-09 17:07:56.481022647,2025-01-09 17:52:58.092220924,0.1799836030819444,0.930431158158889,False,False,False,True,False,1.0
848805,115,Payments & Checkout,Payout Delays,P3,2026-04-06 02:20:31.290293065,True,202,True,2026-04-06 04:33:23.893124637,2026-04-08 05:02:31.441479925,2.2146118976588887,50.70004199635,False,True,False,True,False,0.54
848806,124,Payments & Checkout,Payout Delays,P3,2026-01-24 06:07:09.791964941,True,213,True,2026-01-24 07:18:31.168233763,2026-01-25 08:45:03.584422782,1.189271185783889,26.631609016066943,False,True,False,True,False,0.75
848807,170,Payments & Checkout,Payout Delays,P3,2025-06-27 14:50:39.357372723,True,211,True,2025-06-27 15:59:40.349114349,2025-06-28 10:13:47.820981718,1.1502754837849998,19.385684335831947,False,False,False,True,False,
848808,212,Payments & Checkout,3DS Authentication,P2,2025-05-13 02:13:44.687468426,True,212,True,2025-05-13 02:42:47.576354758,2025-05-13 11:37:18.142951967,0.4841358017588889,9.392626523205834,False,True,False,True,False,
848809,126,Payments & Checkout,Refund Processing,P3,2026-02-27 12:26:58.761215215,True,216,True,2026-02-27 14:36:55.663489667,2026-03-01 19:30:20.967534116,2.1658061873477776,55.056168421916944,False,True,False,True,False,
848810,204,API Integrations,Rate Limiting,P4,2025-04-30 04:27:37.666802457,True,213,True,2025-04-30 07:27:26.696565171,2025-05-03 07:23:00.612361030,2.996952711865,74.92304043293694,False,True,False,True,False,
848811,103,Payments & Checkout,Payout Delays,P3,2025-01-23 12:35:24.649299415,True,212,True,2025-01-23 13:59:12.123379988,2025-01-25 03:49:10.315034251,1.3965205779369445,39.22935159301,False,True,False,True,False,0.62
848812,106,API Integrations,Webhook Failures,P3,2025-03-17 05:40:08.665661179,True,202,True,2025-03-17 07:47:26.806003468,2025-03-18 23:21:04.241955416,2.121705650635833,41.68210452617694,False,True,False,True,False,
848813,103,Fulfilment & Logistics,Inventory Mismatch,P3,2025-07-07 06:45:16.338442327,True,214,True,2025-07-07 07:58:58.723955306,2025-07-08 01:44:01.843752429,1.2284404202719443,18.97930703058389,False,False,False,True,False,
848814,113,Payments & Checkout,Payout Delays,P3,2025-11-19 21:23:27.055881719,True,220,True,2025-11-19 23:09:36.232718205,2025-11-21 05:35:05.252907707,1.7692157879127777,32.19394361833,False,True,False,True,False,
848815,198,API Integrations,Endpoint Timeout,P3,2025-08-06 20:08:29.941793935,True,214,False,2025-08-06 21:18:52.550757688,2025-08-07 22:01:14.063642235,1.1729469343758334,25.878922735638888,False,True,False,True,False,
848816,187,Payments & Checkout,Refund Processing,P2,2026-03-22 10:44:48.001291564,True,216,True,2026-03-22 11:27:32.321144255,2026-03-22 21:11:13.963846072,0.7123110701919445,10.44054515403,False,True,False,True,False,
848817,119,API Integrations,Webhook Failures,P3,2025-09-28 16:59:24.063690839,True,202,True,2025-09-28 19:14:24.597469736,2025-09-30 17:53:15.524672729,2.250148271915833,48.897628050525,False,True,False,True,False,
848818,173,API Integrations,Webhook Failures,P4,2026-02-01 20:36:58.359974021,True,212,True,2026-02-02 01:20:47.100019649,2026-02-05 02:01:03.189903487,4.730205568230001,77.40134164707389,False,True,False,True,False,
848819,119,Account Access,SSO Failure,P4,2025-01-17 12:44:18.236982258,True,219,False,2025-01-17 15:51:14.155399682,2025-01-18 12:26:50.160461824,3.115532893728889,23.70886763321278,False,False,False,True,False,
848820,152,API Integrations,Endpoint Timeout,P3,2025-08-23 11:52:03.635968692,True,220,True,2025-08-23 13:59:27.489817219,2025-08-25 18:55:56.266286685,2.1232927357019444,55.06461953277583,False,True,False,True,False,
848821,140,Payments & Checkout,Refund Processing,P3,2026-03-04 09:23:51.324781726,True,214,True,2026-03-04 10:36:12.076366802,2026-03-05 08:14:04.609888944,1.2057643291877778,22.83702364089389,False,False,False,True,False,
848822,115,API Integrations,Rate Limiting,P3,2026-02-18 03:22:03.774630780,True,203,True,2026-02-18 04:47:58.123903814,2026-02-19 14:35:55.381694390,1.431763686953889,35.23100196211389,False,True,False,True,False,
848823,122,Payments & Checkout,Payout Delays,P4,2025-10-25 18:08:10.999332490,True,212,True,2025-10-25 22:32:48.233086441,2025-10-29 01:37:08.887453393,4.410342709430833,79.48274670025083,False,True,False,True,False,
848824,155,API Integrations,Rate Limiting,P3,2025-07-28 14:23:06.653267211,True,214,False,2025-07-28 15:23:36.847881395,2025-07-29 04:41:11.803186842,1.008387392828889,14.301430533230834,False,False,False,True,False,
848825,106,Payments & Checkout,Card Declines,P3,2025-02-08 15:08:44.796485850,True,212,True,2025-02-08 16:24:53.063838201,2025-02-10 06:13:25.968877431,1.2689631534308334,39.07810344210584,False,True,False,True,False,
848826,114,Payments & Checkout,Card Declines,P3,2026-03-06 17:00:44.846812347,True,220,True,2026-03-06 18:58:25.492548321,2026-03-08 18:16:35.616965956,1.961290482215,49.264102820446944,False,True,False,True,False,
848827,149,Account Access,SSO Failure,P3,2025-07-14 01:45:37.348720029,True,216,True,2025-07-14 03:45:07.709833971,2025-07-14 18:52:31.364603020,1.991766976095,17.115004411941943,False,False,False,True,False,
848828,162,Notifications,Email Delivery Failure,P1,2026-01-18 02:47:31.373803551,True,211,True,2026-01-18 02:54:15.279040152,2026-01-18 03:23:45.738779158,0.1121958990558333,0.6039902710019445,False,False,False,True,False,0.95
848829,161,API Integrations,Authentication Error,P3,2025-03-12 12:25:39.379143372,True,214,False,2025-03-12 13:33:36.064251192,2025-03-13 06:40:03.636933259,1.13241252995,18.240071608301943,False,False,False,True,False,
848830,128,API Integrations,Rate Limiting,P2,2025-05-11 00:26:01.696737316,True,212,True,2025-05-11 00:54:21.466577964,2025-05-11 10:34:39.278741305,0.4721582890688888,10.143772778885834,False,True,False,True,False,
848831,115,API Integrations,Webhook Failures,P2,2025-04-14 14:02:42.363000992,True,211,False,2025-04-14 14:21:40.850324103,2025-04-14 20:03:32.330177078,0.3162464786419444,6.013879771135,False,False,False,True,False,0.98
848832,173,Fulfilment & Logistics,Tracking Updates,P3,2026-05-03 19:25:20.448980546,True,211,True,2026-05-03 20:33:21.829967199,2026-05-04 12:25:14.511181240,1.1337169407369443,16.99835061130389,False,False,False,True,False,
848833,111,Account Access,User Permissions,P3,2026-06-07 04:50:19.809947445,True,203,False,2026-06-07 06:00:29.485246872,2026-06-07 15:31:23.338062697,1.1693542498408334,10.684313365347776,False,False,False,True,False,
848834,148,Payments & Checkout,Card Declines,P3,2025-09-19 15:20:29.537851851,True,211,True,2025-09-19 16:28:07.219664359,2025-09-20 09:40:42.940633237,1.1271338368077777,18.337056328162777,False,False,False,True,False,
848835,130,API Integrations,Webhook Failures,P2,2025-03-04 00:44:11.853547253,True,220,True,2025-03-04 01:18:29.878645100,2025-03-04 18:02:00.695311224,0.5716736382908333,17.296900489991945,False,True,False,True,False,
848836,137,Notifications,SMS Gateway Drag,P2,2026-01-02 22:41:26.592380435,True,202,True,2026-01-02 23:26:29.880863687,2026-01-03 05:54:57.946410807,0.75091346757,7.225376119547778,False,False,False,True,False,
848837,119,API Integrations,Webhook Failures,P3,2025-02-08 03:28:58.452621182,True,211,False,2025-02-08 04:22:21.353473448,2025-02-09 02:29:30.712959653,0.8896946811850001,23.00896120513083,False,False,False,True,False,
848838,141,API Integrations,Webhook Failures,P4,2026-05-24 10:47:33.187610251,True,219,True,2026-05-24 13:42:36.653669303,2026-05-26 14:24:37.473321080,2.917629460847777,51.61785714189694,False,True,False,True,False,
848839,130,API Integrations,Rate Limiting,P3,2026-01-15 13:50:44.300428036,True,212,True,2026-01-15 15:29:27.702446826,2026-01-17 10:56:35.211619988,1.6453894496638888,45.09747533109778,False,True,False,True,False,
848840,136,Payments & Checkout,Refund Processing,P3,2025-06-26 10:52:35.173007530,True,211,True,2025-06-26 11:56:22.001667511,2025-06-27 14:49:55.032166610,1.0630079611058334,27.95551643307778,False,True,False,True,False,
848841,123,API Integrations,Authentication Error,P3,2026-06-08 07:04:05.298633341,True,217,True,2026-06-08 08:50:05.162599343,2026-06-10 12:01:24.203968368,1.766628879445,52.95525148195194,False,True,False,True,False,
848842,104,Payments & Checkout,3DS Authentication,P2,2025-03-07 20:36:49.173009158,True,202,True,2025-03-07 21:24:01.171041798,2025-03-08 10:02:03.138281810,0.7866661201777778,13.42054590907,False,True,False,True,False,
848843,186,Payments & Checkout,3DS Authentication,P4,2026-06-12 20:10:54.581447577,True,213,True,2026-06-12 23:00:40.614998203,2026-06-14 12:35:05.457913531,2.829453764062778,40.40302124054278,False,False,False,True,False,0.84
848844,128,Notifications,Template Syntax Error,P3,2025-07-08 16:53:06.755963155,True,202,True,2025-07-08 18:51:12.747731386,2025-07-09 16:41:28.526738201,1.9683310467308333,23.806047437512778,False,False,False,True,False,
848845,117,API Integrations,Authentication Error,P3,2025-03-11 23:01:53.853006886,True,216,True,2025-03-12 00:46:42.530270660,2025-03-14 00:03:39.701974964,1.7468547954927776,49.02940249113278,False,True,False,True,False,
848846,102,Fulfilment & Logistics,Label Generation,P4,2025-11-27 07:01:38.875163856,True,213,True,2025-11-27 09:59:46.540530295,2025-11-29 01:09:03.347098248,2.9687959351219444,42.12346442622,False,False,False,True,False,
848847,118,Payments & Checkout,Refund Processing,P4,2025-02-10 07:00:31.507312381,True,203,True,2025-02-10 10:25:16.721112611,2025-02-13 02:03:05.015965071,3.412559388952778,67.04264129241389,False,True,False,True,False,
848848,153,Payments & Checkout,Refund Processing,P2,2025-01-30 12:43:23.766306374,True,202,True,2025-01-30 13:20:43.009332756,2025-01-31 02:16:26.821103366,0.6220119517727778,13.55084855472,False,True,False,True,False,
848849,157,Payments & Checkout,Payout Delays,P3,2025-08-07 08:17:41.462438884,True,216,True,2025-08-07 10:29:28.664804568,2025-08-09 05:01:38.009153308,2.196445101578889,44.732374087340006,False,True,False,True,False,
848850,117,Fulfilment & Logistics,Inventory Mismatch,P4,2025-11-13 17:09:15.107263460,True,202,True,2025-11-13 22:20:39.275375198,2025-11-15 11:05:01.651542623,5.190046697705,41.92959563310083,False,False,False,True,False,0.87
848851,147,API Integrations,Authentication Error,P3,2025-03-16 17:41:15.105305344,True,211,False,2025-03-16 18:49:14.958492482,2025-03-17 09:21:39.357901092,1.133292551982778,15.673403498818889,False,False,False,True,False,
848852,193,Payments & Checkout,Payout Delays,P4,2025-10-30 18:19:16.896807160,True,214,True,2025-10-30 21:00:44.001433609,2025-11-02 01:55:43.036999388,2.690862396235833,55.607261164507776,False,True,False,True,False,
848853,203,API Integrations,Webhook Failures,P1,2026-06-24 16:14:47.233387127,True,214,False,2026-06-24 16:21:18.474413613,2026-06-24 18:06:06.493191899,0.1086780629127777,1.85534994577,False,False,False,True,False,
848854,209,Payments & Checkout,3DS Authentication,P4,2025-05-02 17:34:30.948554944,True,216,True,2025-05-02 21:49:21.750168563,2025-05-05 23:42:14.931185315,4.247444892671944,78.12888406399195,False,True,False,True,False,
848855,141,API Integrations,Endpoint Timeout,P1,2025-04-16 18:38:54.000942099,True,202,True,2025-04-16 18:52:21.398990158,2025-04-16 23:56:52.073101815,0.2242772355719444,5.29946448881,False,True,False,True,False,
848856,128,Payments & Checkout,Refund Processing,P3,2025-03-22 01:18:40.937243366,True,216,True,2025-03-22 03:23:39.209073984,2025-03-23 13:21:18.873082010,2.082853286282778,36.04387106629,False,True,False,True,False,
848857,168,Account Access,SSO Failure,P1,2025-04-28 04:53:20.457256432,True,203,False,2025-04-28 05:02:01.461517916,2025-04-28 05:43:30.448021409,0.1447234059677778,0.8361085458269444,False,False,False,True,False,
848858,201,API Integrations,Authentication Error,P3,2026-03-29 03:25:55.891683784,True,214,False,2026-03-29 04:33:17.630592139,2026-03-29 23:13:02.764938134,1.1227052523208334,19.785242570652777,False,False,False,True,False,
848859,136,Payments & Checkout,Card Declines,P3,2025-01-14 19:07:36.874905828,True,217,False,2025-01-14 21:22:16.254465828,2025-01-15 21:13:41.959522809,2.2442721,26.10141239360583,False,True,False,True,False,
848860,204,Payments & Checkout,Card Declines,P3,2025-05-21 15:57:54.551374490,True,213,True,2025-05-21 17:11:58.042110190,2025-05-23 00:00:27.468205720,1.234302982138889,32.04247689756389,False,True,False,True,False,
848861,212,API Integrations,Webhook Failures,P4,2026-02-21 06:17:52.792058998,True,220,True,2026-02-21 10:08:30.223838184,2026-02-25 16:27:54.582105812,3.843731049773889,106.16716390189278,False,True,False,True,False,
848862,104,Payments & Checkout,3DS Authentication,P4,2025-07-10 22:13:55.514960180,True,211,True,2025-07-11 00:43:38.560124859,2025-07-12 20:07:42.038536608,2.495290323521945,45.89625654900778,False,False,False,True,False,0.87
848863,102,API Integrations,Authentication Error,P3,2026-03-17 05:13:43.527410372,True,217,True,2026-03-17 07:13:40.299318916,2026-03-19 10:28:05.311231900,1.999103307928889,53.239384394868885,False,True,False,True,False,
848864,112,API Integrations,Endpoint Timeout,P2,2025-04-11 13:18:39.722946253,True,217,True,2025-04-11 14:00:38.690681687,2025-04-12 03:20:28.338798137,0.6997132598427778,14.030171069967778,False,True,False,True,False,
848865,119,Payments & Checkout,3DS Authentication,P2,2025-09-25 12:43:33.307306917,True,212,True,2025-09-25 13:08:51.764463351,2025-09-25 22:54:25.549136351,0.4217936545649999,10.181178285953887,False,True,False,True,False,
848866,184,Payments & Checkout,3DS Authentication,P3,2025-09-03 16:13:31.149939969,True,217,False,2025-09-03 18:23:37.361393524,2025-09-05 00:04:27.888067362,2.1683920704319446,31.84909392427583,False,True,False,True,False,
848867,168,API Integrations,Authentication Error,P3,2025-12-03 14:37:31.187482640,True,213,True,2025-12-03 15:48:40.054986042,2025-12-05 05:13:57.869250383,1.1857965287227776,38.60741160215083,False,True,False,True,False,
848868,179,Payments & Checkout,Payout Delays,P2,2025-05-26 01:53:33.029641678,True,213,True,2025-05-26 02:17:06.051617086,2025-05-26 11:52:38.971611391,0.39250610428,9.984983880475832,False,True,False,True,False,
848869,109,Payments & Checkout,Card Declines,P3,2025-06-06 14:16:08.241844728,True,211,True,2025-06-06 15:13:14.208181327,2025-06-07 10:00:16.214032638,0.9516573157219445,19.735547829975,False,False,False,True,False,
848870,209,Payments & Checkout,Card Declines,P2,2026-06-29 23:11:20.733700036,True,216,True,2026-06-29 23:52:30.590119054,2026-06-30 12:54:03.341396968,0.686071227505,13.71183547137,False,True,False,True,False,
848871,140,Payments & Checkout,Card Declines,P1,2025-09-03 17:39:10.378659908,True,219,True,2025-09-03 17:45:12.553769770,2025-09-03 19:19:37.203169028,0.1006041971838888,1.6741179192,False,False,False,True,False,1.0
848872,156,Payments & Checkout,3DS Authentication,P4,2025-07-10 20:40:40.880220851,True,219,True,2025-07-10 23:24:36.121539213,2025-07-12 13:28:33.479893555,2.7320114773227777,40.79794435352889,False,False,False,True,False,
848873,101,Payments & Checkout,Payout Delays,P3,2025-05-09 04:09:23.103000640,True,202,True,2025-05-09 06:22:44.593971894,2025-05-10 23:16:27.300612679,2.222636380903889,43.11783267001083,False,True,False,True,False,
848874,188,Payments & Checkout,Card Declines,P3,2025-01-24 13:01:00.328042061,True,202,True,2025-01-24 14:54:16.039623389,2025-01-26 09:42:53.183621924,1.88769766148,44.69801543885084,False,True,False,True,False,
848875,155,Payments & Checkout,Card Declines,P3,2026-01-12 17:50:46.099774385,True,220,True,2026-01-12 19:32:04.368985519,2026-01-14 03:11:36.780820422,1.688408114203889,33.34741140167694,False,True,False,True,False,
848876,117,API Integrations,Authentication Error,P3,2026-01-23 13:48:35.376059999,True,213,True,2026-01-23 14:50:21.753114327,2026-01-24 23:12:54.043759415,1.0295491817577778,33.40518547206,False,True,False,True,False,0.71
848877,118,Notifications,SMS Gateway Drag,P3,2026-02-13 17:53:26.479006067,True,202,True,2026-02-13 19:52:44.321647704,2026-02-14 15:47:01.345110073,1.9882896226769444,21.893018362223888,False,False,False,True,False,
848878,132,Payments & Checkout,3DS Authentication,P1,2026-04-19 08:50:34.397702474,True,212,True,2026-04-19 08:58:06.936125862,2026-04-19 11:16:02.360332906,0.1257051176077777,2.424434064008889,False,True,False,True,False,
848879,147,Payments & Checkout,Payout Delays,P3,2025-10-09 12:48:37.619082955,True,202,True,2025-10-09 14:40:50.322165701,2025-10-11 15:31:10.801668263,1.8701953007627776,50.70921738480778,False,True,False,True,False,0.67
848880,177,Payments & Checkout,3DS Authentication,P1,2026-01-15 18:27:23.030012156,True,203,True,2026-01-15 18:35:10.285116798,2026-01-15 20:21:33.673244144,0.1297930846227777,1.90295645333,False,False,False,True,False,
848881,139,Payments & Checkout,Card Declines,P2,2026-03-30 10:36:39.265527042,True,203,True,2026-03-30 11:01:58.883792937,2026-03-30 20:06:04.191013537,0.4221161849708333,9.490257079581944,False,True,False,True,False,0.82
848882,192,API Integrations,Authentication Error,P3,2025-07-31 13:32:50.572052178,True,212,True,2025-07-31 15:23:05.923496335,2025-08-02 13:21:37.886411109,1.8375976233769444,47.81314287748084,False,True,False,True,False,
848883,116,API Integrations,Rate Limiting,P3,2025-04-11 08:20:33.719773802,True,217,True,2025-04-11 10:15:27.121256295,2025-04-13 14:25:23.133602133,1.9148337451369444,54.08039273009194,False,True,False,True,False,
848884,159,Notifications,Email Delivery Failure,P3,2026-06-03 01:42:01.356040088,True,203,True,2026-06-03 02:55:34.821820686,2026-06-03 17:02:38.413211817,1.2259627168327776,15.343626992146945,False,False,False,True,False,0.98
848885,194,Payments & Checkout,Refund Processing,P3,2025-04-20 16:35:12.462769870,True,219,True,2025-04-20 17:49:44.660970500,2025-04-21 12:17:01.221052670,1.242277277952778,19.69687730077778,False,False,False,True,False,
848886,101,Payments & Checkout,Payout Delays,P3,2025-11-12 23:18:31.822949921,True,219,True,2025-11-13 00:23:44.405201862,2025-11-14 03:31:24.422896619,1.0868284033169444,28.214611096305,False,True,False,True,False,
848887,123,Notifications,Webhook Retries,P4,2026-02-25 12:51:12.067752638,True,203,True,2026-02-25 16:47:33.859288304,2026-02-26 14:25:10.628564889,3.939386537685,25.566266892291942,False,False,False,True,False,
848888,133,API Integrations,Rate Limiting,P3,2026-03-25 09:34:52.111537808,True,202,True,2026-03-25 11:40:20.624902257,2026-03-27 20:24:06.067568165,2.091253712346945,58.82054334176583,False,True,False,True,False,
848889,122,API Integrations,Endpoint Timeout,P1,2026-04-23 02:49:01.597008390,True,220,True,2026-04-23 02:58:29.317813220,2026-04-23 07:33:55.169219780,0.1577002235638889,4.748214503163889,False,True,False,True,False,
848890,154,Payments & Checkout,Payout Delays,P3,2026-02-06 07:16:56.797454520,True,220,True,2026-02-06 09:17:31.364225518,2026-02-08 03:23:39.674057473,2.009601880832778,44.11191016748695,False,True,False,True,False,
848891,129,API Integrations,Endpoint Timeout,P3,2025-01-27 15:07:03.735925103,True,219,True,2025-01-27 16:07:37.704169058,2025-01-29 05:34:14.955016809,1.0094356233208337,38.45311641436278,False,True,False,True,False,
848892,194,Payments & Checkout,Refund Processing,P4,2026-05-31 10:12:59.204016904,True,203,True,2026-05-31 14:18:04.915761743,2026-06-02 10:39:24.465159151,4.084919929121944,48.44035031729084,False,True,False,True,False,0.84
848893,150,API Integrations,Rate Limiting,P2,2025-01-20 18:31:33.323228479,True,217,True,2025-01-20 19:17:29.367676582,2025-01-21 10:58:14.589772845,0.7655679022508333,16.44479626232389,False,True,False,True,False,0.81
848894,136,Payments & Checkout,Refund Processing,P3,2025-01-06 09:11:16.393446627,True,211,True,2025-01-06 10:15:32.232133603,2025-01-07 09:18:50.946394768,1.0710663019377775,24.126264707816947,False,True,False,True,False,
848895,109,Payments & Checkout,Payout Delays,P2,2025-08-11 08:36:54.159274826,True,202,True,2025-08-11 09:11:13.939323411,2025-08-11 23:43:06.446463950,0.5721611246069443,15.10341310809,False,True,False,True,False,
848896,110,Payments & Checkout,3DS Authentication,P3,2025-02-14 20:15:01.703301014,True,202,True,2025-02-14 22:03:05.363653880,2025-02-17 04:17:54.609109960,1.801016764685,56.04802939137389,False,True,False,True,False,
848897,203,Payments & Checkout,Payout Delays,P2,2025-11-13 04:13:29.710493373,True,220,True,2025-11-13 04:46:17.501287200,2025-11-13 14:44:27.506275521,0.5466085538408333,10.51605438393,False,True,False,True,False,
848898,149,API Integrations,Webhook Failures,P3,2025-11-24 18:46:20.676848980,True,203,True,2025-11-24 19:55:24.254891093,2025-11-26 01:38:42.815366260,1.1509939005869445,30.8728162548,False,True,False,True,False,
848899,193,Payments & Checkout,3DS Authentication,P4,2025-07-14 03:53:32.867646323,True,216,True,2025-07-14 09:10:30.783220322,2025-07-17 21:17:51.488385294,5.282754326110833,89.40517242749195,False,True,False,True,False,
848900,152,Payments & Checkout,Refund Processing,P2,2025-08-07 11:54:27.803751464,True,214,True,2025-08-07 12:21:23.307353008,2025-08-07 21:57:15.264176168,0.4487510004288889,10.04651678464,False,True,False,True,False,
848901,157,API Integrations,Webhook Failures,P4,2026-03-14 17:22:21.558044595,True,203,True,2026-03-14 20:43:12.697624147,2026-03-18 06:37:57.059303035,3.347538772097778,85.25986146067778,False,True,False,True,False,
848902,168,API Integrations,Rate Limiting,P3,2025-10-22 07:49:20.781767884,True,212,True,2025-10-22 09:27:10.489803950,2025-10-23 20:16:35.224637018,1.6304744544627778,36.45401190809278,False,True,False,True,False,
848903,134,API Integrations,Authentication Error,P2,2026-04-06 04:24:09.536564455,True,203,True,2026-04-06 04:51:46.564165965,2026-04-06 12:46:01.387929968,0.4602854448638889,8.364403157086945,False,True,False,True,False,
848904,115,Notifications,Webhook Retries,P4,2026-03-13 13:53:22.744616963,True,202,True,2026-03-13 20:06:54.857861430,2026-03-15 03:04:42.324735067,6.225587012351944,37.18877225502889,False,False,False,True,False,
848905,189,API Integrations,Authentication Error,P3,2025-10-29 03:04:41.961756246,True,211,False,2025-10-29 03:55:21.955111206,2025-10-29 20:11:20.397409480,0.8444425986,17.11067657034278,False,False,False,True,False,
848906,162,API Integrations,Webhook Failures,P4,2025-03-19 16:57:12.399128865,True,212,True,2025-03-19 20:52:52.168034685,2025-03-24 01:25:11.945443114,3.92771358495,104.46654064284694,False,True,False,True,False,
848907,115,Notifications,Email Delivery Failure,P2,2026-05-28 06:23:50.993860365,True,220,False,2026-05-28 07:03:54.999989653,2026-05-28 10:04:32.144749690,0.6677794803577778,3.678097469256944,False,False,False,True,False,
848908,193,Notifications,Webhook Retries,P3,2025-12-14 10:09:00.939092434,True,213,True,2025-12-14 11:27:45.186700991,2025-12-14 20:02:05.369840777,1.3122910023769443,9.884564096761943,False,False,False,True,False,
848909,208,API Integrations,Authentication Error,P3,2025-02-23 22:11:33.936293289,True,213,True,2025-02-23 23:33:26.937167987,2025-02-25 02:28:35.838440375,1.364722465193889,28.28386170752389,False,True,False,True,False,0.76
848910,117,Notifications,Template Syntax Error,P3,2026-03-17 22:56:50.320405525,True,216,True,2026-03-18 01:05:28.203755873,2026-03-18 16:48:24.461838521,2.1438564862077776,17.85948373138778,False,False,False,True,False,
848911,160,Payments & Checkout,Payout Delays,P3,2026-06-18 07:58:58.138937785,True,220,True,2026-06-18 09:35:52.728433565,2026-06-20 06:19:30.214784855,1.615163748827778,46.34224329085278,False,True,False,True,False,
848912,106,Fulfilment & Logistics,Inventory Mismatch,P3,2025-03-18 08:21:20.086884569,True,217,True,2025-03-18 10:21:50.836859330,2025-03-19 05:57:31.092886720,2.008541659655833,21.60305722281972,False,False,False,True,False,
848913,117,Account Access,SSO Failure,P3,2025-07-19 16:17:51.835185629,True,219,False,2025-07-19 17:18:22.254220343,2025-07-20 01:07:44.909644184,1.008449731865,8.831409571820833,False,False,False,True,False,
848914,202,Fulfilment & Logistics,Label Generation,P3,2025-05-02 06:14:11.768478940,True,216,False,2025-05-02 08:20:10.125295512,2025-05-03 06:35:59.026111091,2.0995435601588888,24.363127120041945,False,True,False,True,False,
848915,123,API Integrations,Rate Limiting,P4,2025-10-20 20:20:09.707679554,True,213,True,2025-10-20 23:30:41.506984566,2025-10-22 21:03:57.311351183,3.175499806947778,48.72988990878584,False,True,False,True,False,
848916,132,API Integrations,Endpoint Timeout,P4,2025-01-29 13:20:07.504524345,True,219,True,2025-01-29 16:51:51.032484475,2025-02-01 16:22:04.141064608,3.528757766702778,75.03239903896196,False,True,False,True,False,
848917,142,Payments & Checkout,Refund Processing,P3,2026-03-26 15:36:36.009474874,True,217,False,2026-03-26 17:57:31.691878216,2026-03-27 17:58:52.029451262,2.348800667595,26.371116660107777,False,True,False,True,False,
848918,114,API Integrations,Webhook Failures,P2,2026-02-04 19:34:16.877218218,True,220,True,2026-02-04 20:12:56.749371585,2026-02-05 12:10:29.268056724,0.6444089314908333,16.603441899585,False,True,False,True,False,
848919,122,Payments & Checkout,3DS Authentication,P3,2025-03-17 01:31:31.667185170,True,219,True,2025-03-17 02:40:36.733304797,2025-03-17 21:52:56.081914804,1.1514072554519446,20.35678186934277,False,False,False,True,False,
848920,105,Payments & Checkout,Refund Processing,P3,2025-11-16 03:55:11.321423172,True,220,True,2025-11-16 05:30:05.697584728,2025-11-17 14:15:18.526462764,1.5817711559877776,34.33533473322,False,True,False,True,False,
848921,195,Payments & Checkout,Card Declines,P4,2026-02-17 13:42:32.471957805,True,217,False,2026-02-17 19:48:39.925238310,2026-02-19 23:27:15.019764649,6.102070355695833,57.74515216856778,False,True,False,True,False,
848922,110,API Integrations,Rate Limiting,P2,2025-05-20 19:20:49.162619634,True,214,False,2025-05-20 19:40:53.061006720,2025-05-21 00:58:23.249195914,0.334416218635,5.626135160077777,False,False,False,True,False,1.0
848923,112,Payments & Checkout,3DS Authentication,P3,2026-04-01 13:58:08.568375526,True,212,True,2026-04-01 15:17:35.695680188,2026-04-02 23:52:49.769218144,1.3242020290727778,33.911444678505,False,True,False,True,False,
848924,196,API Integrations,Endpoint Timeout,P4,2025-07-04 19:28:49.410697166,True,219,True,2025-07-04 22:24:00.651475731,2025-07-07 01:57:56.166962568,2.919789105156944,54.485210073722776,False,True,False,True,False,
848925,114,API Integrations,Endpoint Timeout,P4,2026-04-03 19:50:35.618959788,True,219,True,2026-04-03 23:09:46.532516673,2026-04-06 19:14:25.566401277,3.319698210245833,71.39720762263583,False,True,False,True,False,0.55
848926,191,Payments & Checkout,Payout Delays,P3,2026-06-03 10:48:04.434046806,True,220,True,2026-06-03 12:19:45.739654598,2026-06-05 11:04:25.496690352,1.5281404466088888,48.272517400985,False,True,False,True,False,
848927,190,Account Access,SSO Failure,P2,2026-06-01 11:27:26.327486801,True,220,True,2026-06-01 12:09:42.746279238,2026-06-01 16:51:43.618842151,0.7045607756769444,5.404803154263889,False,False,False,True,False,
848928,112,API Integrations,Endpoint Timeout,P2,2025-12-03 01:16:24.007756000,True,219,True,2025-12-03 01:45:50.233863440,2025-12-03 10:20:01.017108764,0.4906183631777778,9.060280375767777,False,True,False,True,False,
848929,143,API Integrations,Rate Limiting,P1,2026-06-12 17:53:21.534223644,True,220,True,2026-06-12 18:06:11.701322814,2026-06-12 22:39:49.255982281,0.213935305325,4.774367155176944,False,True,False,True,False,
848930,124,Payments & Checkout,Card Declines,P3,2025-03-30 00:17:10.752112638,True,211,True,2025-03-30 01:07:58.672740897,2025-03-31 00:28:36.626387254,0.8466446189608333,24.19052063183777,False,True,False,True,False,
848931,159,API Integrations,Webhook Failures,P2,2026-06-24 06:56:27.210973448,True,211,False,2026-06-24 07:20:55.124429042,2026-06-24 11:29:28.303548604,0.407753737665,4.550303493098889,False,False,False,True,False,
848932,146,API Integrations,Webhook Failures,P2,2025-04-15 09:40:32.558107466,True,214,False,2025-04-15 10:07:57.059836097,2025-04-15 16:19:35.011864323,0.4568060357308333,6.650681599126945,False,False,False,True,False,
848933,106,Fulfilment & Logistics,Carrier Sync Failure,P4,2025-09-23 15:58:53.822359232,True,214,True,2025-09-23 19:34:08.496811642,2025-09-24 19:10:02.806112416,3.5874095701138886,27.18582882032889,False,False,False,True,False,
848934,201,API Integrations,Endpoint Timeout,P4,2025-02-11 06:58:36.351933858,True,214,False,2025-02-11 10:13:59.423303919,2025-02-12 15:56:47.411643648,3.256408713905833,32.969738808275004,False,False,False,True,False,
848935,127,Payments & Checkout,3DS Authentication,P4,2026-03-05 12:19:50.705745273,True,213,True,2026-03-05 15:41:20.115316979,2026-03-08 03:59:31.709990213,3.358169325473889,63.66139006803889,False,True,False,True,False,
848936,129,Payments & Checkout,3DS Authentication,P2,2025-04-07 06:00:19.816358300,True,213,True,2025-04-07 06:20:07.089542981,2025-04-07 15:42:50.240796743,0.3297981068558333,9.708451232900831,False,True,False,True,False,
848937,166,Payments & Checkout,3DS Authentication,P4,2026-01-27 13:47:10.528876618,True,203,True,2026-01-27 17:43:22.423072961,2026-01-30 03:47:09.108056132,3.9366372767619446,61.999605327642776,False,True,False,True,False,0.69
848938,157,API Integrations,Authentication Error,P3,2025-06-09 09:11:44.546103945,True,216,True,2025-06-09 10:49:45.888130645,2025-06-11 05:20:47.304327335,1.633706118527778,44.15076617316389,False,True,False,True,False,
848939,149,API Integrations,Endpoint Timeout,P2,2025-02-04 03:49:06.978064426,True,212,True,2025-02-04 04:17:30.788143854,2025-02-04 14:12:41.283867470,0.4732805776188889,10.392862723067775,False,True,False,True,False,
848940,169,Payments & Checkout,3DS Authentication,P2,2026-06-14 17:49:58.454962324,True,211,True,2026-06-14 18:14:48.766358004,2026-06-15 02:58:09.757067750,0.4139753876888889,9.13647280706278,False,True,False,True,False,
848941,177,Account Access,SSO Failure,P2,2026-02-09 10:40:05.571533260,True,217,True,2026-02-09 11:18:55.657166725,2026-02-09 16:18:27.693689412,0.6472460092958333,5.6394783767088885,False,False,False,True,False,
848942,207,Payments & Checkout,Card Declines,P3,2025-04-25 14:07:12.199649006,True,212,True,2025-04-25 15:25:32.166339089,2025-04-26 20:58:45.719107742,1.3055463028008332,30.85931096076,False,True,False,True,False,
848943,118,Account Access,Password Reset,P3,2025-01-07 11:04:49.655519610,True,212,False,2025-01-07 12:53:58.019195505,2025-01-07 21:41:51.521633978,1.818989909970833,10.617185031768887,False,False,False,True,False,
848944,132,Payments & Checkout,Refund Processing,P3,2025-08-17 06:41:59.887958027,True,217,False,2025-08-17 09:05:31.398785875,2025-08-18 12:46:33.966554670,2.392086341068889,30.076132943511944,False,True,False,True,False,
848945,103,Notifications,Webhook Retries,P3,2025-07-19 04:49:56.915206998,True,202,True,2025-07-19 06:36:37.951738154,2025-07-19 21:25:25.063705168,1.778065703098889,16.591152360602777,False,False,False,True,False,
848946,180,Payments & Checkout,3DS Authentication,P2,2025-06-09 11:00:52.421923822,True,219,True,2025-06-09 11:29:18.240703699,2025-06-09 18:56:03.907384555,0.4738385499658333,7.919857072425834,False,False,False,True,False,
848947,210,Payments & Checkout,Refund Processing,P3,2025-12-30 05:14:14.603141957,True,216,True,2025-12-30 07:08:00.504758370,2026-01-01 09:03:57.967280012,1.8960837823369443,51.82871226057084,False,True,False,True,False,
848948,173,API Integrations,Webhook Failures,P2,2026-02-08 00:41:21.868009066,True,203,True,2026-02-08 01:05:49.553021098,2026-02-08 12:41:17.442500435,0.40769028112,11.998770692046945,False,True,False,True,False,
848949,155,Payments & Checkout,Payout Delays,P4,2025-05-30 20:34:56.404754500,True,214,True,2025-05-30 23:20:27.656184612,2025-06-01 11:27:45.816447250,2.758680952808889,38.880392136875,False,False,False,True,False,
848950,135,Payments & Checkout,Refund Processing,P4,2025-11-18 05:24:01.684421102,True,217,False,2025-11-18 09:46:16.466079502,2025-11-20 22:57:29.441343789,4.370772682888889,65.55771025630195,False,True,False,True,False,
848951,130,Payments & Checkout,Payout Delays,P4,2025-03-30 14:00:58.541139415,True,213,True,2025-03-30 16:50:09.060706076,2025-04-01 07:31:41.786810811,2.8195887685169443,41.51201268649889,False,False,False,True,False,
848952,187,API Integrations,Webhook Failures,P4,2025-07-11 10:40:31.894166144,True,214,False,2025-07-11 13:10:46.167456879,2025-07-13 01:17:30.676023478,2.5039648029819443,38.61632829370389,False,False,False,True,False,
848953,178,API Integrations,Authentication Error,P2,2025-09-15 14:49:43.678163196,True,220,True,2025-09-15 15:31:48.230063377,2025-09-16 08:02:52.056741774,0.7012644167169444,17.218994049604998,False,True,False,True,False,
848954,204,API Integrations,Authentication Error,P4,2026-06-01 19:37:52.906306204,True,217,True,2026-06-02 01:19:15.805099709,2026-06-05 14:57:47.222161658,5.689694109306944,91.33175440429278,False,True,False,True,False,
848955,142,API Integrations,Authentication Error,P2,2026-02-19 22:19:59.207888606,True,214,False,2026-02-19 22:46:22.924539309,2026-02-20 04:34:20.759866624,0.4399212918619444,6.239319993893889,False,False,False,True,False,
848956,148,Payments & Checkout,Payout Delays,P3,2026-01-25 10:45:42.071727376,True,219,True,2026-01-25 12:06:36.022417501,2026-01-26 17:19:15.173647841,1.3483196361458332,30.55919497790694,False,True,False,True,False,
848957,179,Account Access,User Permissions,P4,2025-09-06 11:04:35.644415644,True,219,False,2025-09-06 13:53:48.072051785,2025-09-07 12:08:22.422679348,2.8201187878169445,25.06299396214,False,False,False,True,False,
848958,113,Notifications,Template Syntax Error,P4,2025-09-22 09:05:32.802382474,True,219,True,2025-09-22 12:59:00.321344342,2025-09-23 09:19:40.704050732,3.8909774894077778,24.235528241182777,False,False,False,True,False,
848959,122,Notifications,Template Syntax Error,P3,2025-07-11 14:00:57.303996391,True,214,True,2025-07-11 15:20:30.295971226,2025-07-11 21:45:45.084466055,1.3258311041208335,7.746605686017778,False,False,False,True,False,
848960,104,Payments & Checkout,Refund Processing,P3,2025-04-18 08:32:34.267759661,True,219,True,2025-04-18 09:42:28.683019135,2025-04-19 08:44:26.351766695,1.1651153498538889,24.197801113065,False,True,False,True,False,
848961,116,Payments & Checkout,Card Declines,P3,2025-03-25 14:59:14.775975576,True,211,True,2025-03-25 15:51:50.927090066,2025-03-26 12:02:40.625476138,0.876708642913889,21.05718041682277,False,False,False,True,False,
848962,206,Fulfilment & Logistics,Tracking Updates,P4,2026-02-16 13:25:23.473430520,True,213,True,2026-02-16 16:47:05.972100771,2026-02-17 19:45:02.050211157,3.3618051861808333,30.32738243906584,False,False,False,True,False,0.95
848963,151,Payments & Checkout,Payout Delays,P3,2025-02-18 13:49:05.494064293,True,203,True,2025-02-18 15:13:10.124978602,2025-02-19 16:29:31.437084015,1.4012863650858334,26.67387306103389,False,True,False,True,False,
848964,119,Payments & Checkout,Payout Delays,P4,2026-05-12 06:30:11.453862243,True,217,False,2026-05-12 12:41:43.596220746,2026-05-14 20:48:44.990106583,6.192261766250833,62.30931562342778,False,True,False,True,False,
848965,101,Payments & Checkout,Refund Processing,P1,2026-06-27 06:54:36.784815073,True,212,True,2026-06-27 07:02:09.469305639,2026-06-27 09:02:24.922260247,0.1257456918238889,2.130038179215,False,True,False,True,False,
848966,184,API Integrations,Rate Limiting,P3,2025-09-07 07:39:01.388268040,True,214,False,2025-09-07 08:37:46.461449125,2025-09-08 01:01:22.143656939,0.9791869947458334,17.372432052471943,False,False,False,True,False,
848967,170,Payments & Checkout,3DS Authentication,P2,2026-06-27 07:06:59.790134260,True,214,True,2026-06-27 07:30:45.293351986,2026-06-27 15:23:02.302021830,0.395973116035,8.267364413213889,False,True,False,True,False,
848968,102,Payments & Checkout,Card Declines,P2,2025-09-17 10:05:17.699272558,True,213,True,2025-09-17 10:29:42.946227376,2025-09-17 17:33:04.567614072,0.4070130430049999,7.463018983753889,False,False,False,True,False,
848969,168,Payments & Checkout,Refund Processing,P2,2026-06-24 06:25:32.918208560,True,202,True,2026-06-24 06:58:36.907795113,2026-06-25 01:22:18.250739230,0.5511082184869445,18.945925702963887,False,True,False,True,False,0.79
848970,118,Notifications,Template Syntax Error,P2,2025-03-23 12:27:53.260131270,True,216,True,2025-03-23 13:05:54.755934753,2025-03-23 18:32:57.585808494,0.6337488343008334,6.08453491034,False,False,False,True,False,0.99
848971,187,API Integrations,Endpoint Timeout,P1,2026-03-02 10:12:02.598485230,True,220,True,2026-03-02 10:23:11.855027042,2026-03-02 15:02:07.196597029,0.1859045949477777,4.834610586610833,False,True,False,True,False,0.84
848972,117,Payments & Checkout,Payout Delays,P2,2025-09-19 14:18:27.738674745,True,217,False,2025-09-19 15:02:21.390344329,2025-09-20 02:12:55.330681936,0.7315699082177778,11.907664446441943,False,True,False,True,False,
848973,111,Fulfilment & Logistics,Label Generation,P3,2026-02-24 15:03:58.878275700,True,202,True,2026-02-24 16:56:57.788120397,2026-02-26 02:14:05.664470306,1.8830305124158333,35.16855172072389,False,True,False,True,False,
848974,108,API Integrations,Rate Limiting,P4,2026-01-12 05:59:47.548442753,True,220,True,2026-01-12 10:45:41.982102399,2026-01-15 03:08:28.312516845,4.765120461012779,69.14465668724777,False,True,False,True,False,
848975,101,API Integrations,Endpoint Timeout,P3,2025-11-29 18:37:56.354499000,True,216,True,2025-11-29 20:51:51.944467984,2025-12-02 13:02:51.244482439,2.2321083247177778,66.41524721762194,False,True,False,True,False,
848976,157,Payments & Checkout,Payout Delays,P4,2025-01-12 07:44:50.479317467,True,212,True,2025-01-12 12:34:22.218032445,2025-01-14 11:10:13.950871791,4.825482976382778,51.423186542867775,False,True,False,True,False,
848977,127,API Integrations,Endpoint Timeout,P4,2025-09-02 01:28:51.422354889,True,214,False,2025-09-02 04:12:00.541102935,2025-09-03 06:28:29.927034263,2.719199652235,28.99402907760389,False,False,False,True,False,
848978,193,Payments & Checkout,Refund Processing,P3,2026-01-31 07:44:21.613346438,True,219,True,2026-01-31 08:51:26.267699538,2026-02-01 09:09:26.883009497,1.1179595425277775,25.418130461960835,False,True,False,True,False,
848979,190,API Integrations,Webhook Failures,P4,2025-03-12 09:37:43.706878515,True,213,True,2025-03-12 13:17:00.921972739,2025-03-14 11:53:31.803515283,3.654781970617778,50.26336017688,False,True,False,True,False,
848980,168,API Integrations,Webhook Failures,P3,2025-03-23 00:29:11.477075522,True,217,True,2025-03-23 02:24:25.501637945,2025-03-24 19:22:02.849382185,1.9205623784508328,42.88093675185083,False,True,False,True,False,
848981,111,API Integrations,Webhook Failures,P3,2025-10-24 17:42:05.631835412,True,213,True,2025-10-24 18:58:07.890195423,2025-10-25 20:33:12.931010861,1.2672939888919446,26.85202754873584,False,True,False,True,False,
848982,123,Payments & Checkout,Payout Delays,P4,2025-05-28 03:15:51.582868462,True,203,True,2025-05-28 06:50:31.513314626,2025-05-30 02:21:35.082274906,3.577758457267778,47.09541650179,False,False,False,True,False,0.85
848983,143,Payments & Checkout,Refund Processing,P4,2025-03-29 09:26:18.362667625,True,212,True,2025-03-29 13:10:19.812388988,2025-04-01 10:56:05.859815590,3.733736033711944,73.49652698554584,False,True,False,True,False,
848984,145,Payments & Checkout,3DS Authentication,P3,2026-02-22 07:43:28.519228032,True,203,True,2026-02-22 09:05:14.849633944,2026-02-23 06:14:48.345339671,1.3628695571977778,22.522173919899725,False,False,False,True,False,
848985,171,API Integrations,Webhook Failures,P3,2025-12-27 11:03:00.411068876,True,216,True,2025-12-27 13:09:23.432610376,2025-12-29 16:45:20.488310009,2.106394872638889,53.70557701142583,False,True,False,True,False,
848986,177,API Integrations,Rate Limiting,P3,2025-02-19 07:17:52.445947240,True,216,True,2025-02-19 09:21:15.219312037,2025-02-22 02:55:41.194896575,2.0563259346658334,67.63020804148194,False,True,False,True,False,
848987,153,API Integrations,Authentication Error,P2,2025-04-21 15:32:07.033026690,True,211,False,2025-04-21 15:49:33.168036062,2025-04-21 21:22:40.182766504,0.2905930581588889,5.842541594392778,False,False,False,True,False,
848988,145,Fulfilment & Logistics,Label Generation,P4,2026-02-09 01:41:27.135954082,True,216,False,2026-02-09 08:01:34.530733351,2026-02-10 19:00:19.595143354,6.335387438685833,41.31457199702,False,False,False,True,False,
848989,144,API Integrations,Authentication Error,P3,2026-03-14 07:29:32.644196958,True,202,True,2026-03-14 09:26:38.183095513,2026-03-17 04:15:42.222441598,1.9515385829319445,68.76932729017777,False,True,False,True,False,
848990,165,API Integrations,Endpoint Timeout,P2,2025-05-29 01:16:39.014432576,True,202,True,2025-05-29 01:59:32.892093930,2025-05-29 15:16:29.246449547,0.7149660170427777,13.997286671380833,False,True,False,True,False,
848991,157,Payments & Checkout,Card Declines,P1,2025-07-11 06:39:16.843027528,True,219,True,2025-07-11 06:47:52.332410471,2025-07-11 08:46:42.719424196,0.1431914952619444,2.12385455463,False,True,False,True,False,
848992,163,API Integrations,Webhook Failures,P4,2025-07-22 23:27:22.081096947,True,214,False,2025-07-23 02:24:38.185067238,2025-07-25 00:08:36.363154336,2.954473325080833,48.68730057149695,False,True,False,True,False,
848993,136,Payments & Checkout,3DS Authentication,P3,2025-08-05 10:51:28.233550238,True,213,True,2025-08-05 12:09:03.767451576,2025-08-06 18:33:45.245210482,1.2932038614827777,31.70472546117889,False,True,False,True,False,
848994,105,API Integrations,Endpoint Timeout,P3,2025-10-16 11:24:06.015531734,True,214,False,2025-10-16 12:45:37.400788800,2025-10-17 08:44:25.433878150,1.3587181269627775,21.33872731844889,False,False,False,True,False,
848995,202,Payments & Checkout,Payout Delays,P3,2026-03-19 13:12:45.199723663,True,214,True,2026-03-19 14:17:27.817624259,2026-03-20 08:37:09.282079172,1.0785049723877778,19.406689543196944,False,False,False,True,False,
848996,101,Payments & Checkout,3DS Authentication,P4,2026-04-22 09:58:14.990368706,True,202,True,2026-04-22 15:11:07.638310460,2026-04-26 22:55:31.142035696,5.214624428265,108.9544865741639,False,True,False,True,False,
848997,135,API Integrations,Webhook Failures,P4,2026-01-23 11:22:07.806312992,True,213,True,2026-01-23 14:58:51.770076554,2026-01-25 12:53:12.525461783,3.612212156545,49.51797754133083,False,True,False,True,False,
848998,186,Account Access,User Permissions,P2,2026-05-23 20:59:01.891105663,True,219,False,2026-05-23 21:20:27.828854876,2026-05-23 23:59:59.462137795,0.3572049303369444,3.01599195337,False,False,False,True,False,0.96
848999,166,API Integrations,Endpoint Timeout,P3,2026-03-02 00:15:57.985974839,True,212,True,2026-03-02 01:30:31.767887563,2026-03-03 13:40:39.576818816,1.242717197978889,37.41155301221583,False,True,False,True,False,
849000,201,API Integrations,Authentication Error,P1,2025-01-05 09:58:16.780026156,True,211,False,2025-01-05 10:05:31.577483487,2025-01-05 11:26:44.094369207,0.1207770714808333,1.4742539841808333,False,False,False,True,False,
849001,196,Payments & Checkout,Refund Processing,P2,2025-09-03 13:59:17.633438340,True,202,True,2025-09-03 14:45:10.378178049,2025-09-04 07:10:12.012387060,0.7646513165858333,17.1817719302,False,True,False,True,False,
849002,168,API Integrations,Endpoint Timeout,P4,2025-06-14 05:02:17.067169157,True,203,True,2025-06-14 09:06:33.566166132,2025-06-17 13:07:25.094420597,4.071249721381944,80.0855631254,False,True,False,True,False,
849003,190,Notifications,Webhook Retries,P3,2025-10-10 05:58:30.702160962,True,211,True,2025-10-10 06:49:47.191339533,2025-10-10 17:15:11.830929237,0.8545803273808333,11.278091324520831,False,False,False,True,False,
849004,125,API Integrations,Webhook Failures,P2,2026-03-10 04:35:45.481256036,True,212,True,2026-03-10 05:02:10.530335189,2026-03-10 14:12:32.207609212,0.4402914108758333,9.61297954254889,False,True,False,True,False,0.81
849005,182,API Integrations,Authentication Error,P2,2025-06-14 16:59:04.704809082,True,216,True,2025-06-14 17:32:28.625515324,2025-06-15 11:06:50.342428018,0.5566446406227777,18.12934378303778,False,True,False,True,False,
849006,109,API Integrations,Webhook Failures,P3,2026-02-16 17:07:00.579418346,True,214,False,2026-02-16 18:20:37.267698812,2026-02-17 16:13:15.194615276,1.226857855685,23.104059776925,False,False,False,True,False,
849007,103,Payments & Checkout,Payout Delays,P4,2025-02-07 16:32:12.550806918,True,217,False,2025-02-07 22:06:26.736488029,2025-02-10 00:20:03.985662150,5.5706071336419445,55.79762079312,False,True,False,True,False,
849008,118,API Integrations,Rate Limiting,P1,2026-06-30 06:13:17.000000000,False,,,,,,,False,False,False,False,False,
849009,130,Payments & Checkout,Payout Delays,P1,2026-06-30 20:09:55.000000000,False,,,,,,,False,False,False,False,False,
849010,189,Account Access,Password Reset,P4,2026-06-29 19:17:11.000000000,False,,,,,,,False,False,False,False,False,
849011,136,Account Access,Password Reset,P3,2026-06-30 06:39:39.000000000,False,,,,,,,False,False,False,False,False,
849012,129,API Integrations,Rate Limiting,P3,2026-06-29 23:47:41.000000000,False,,,,,,,False,False,False,False,False,
849013,185,Account Access,SSO Failure,P3,2026-06-30 13:08:23.000000000,False,,,,,,,False,False,False,False,False,
849014,193,Account Access,User Permissions,P3,2026-06-30 20:49:14.000000000,False,,,,,,,False,False,False,False,False,
849015,114,Account Access,SSO Failure,P3,2026-06-30 07:26:43.000000000,False,,,,,,,False,False,False,False,False,
849016,126,Fulfilment & Logistics,Inventory Mismatch,P2,2026-06-30 22:09:12.000000000,False,,,,,,,False,False,False,False,False,
849017,171,API Integrations,Webhook Failures,P3,2026-06-30 05:09:27.000000000,False,,,,,,,False,False,False,False,False,
849018,178,Fulfilment & Logistics,Tracking Updates,P4,2026-06-30 04:24:22.000000000,False,,,,,,,False,False,False,False,False,
849019,143,Notifications,Template Syntax Error,P4,2026-06-29 06:54:25.000000000,False,,,,,,,False,False,False,False,False,
849020,108,Notifications,Template Syntax Error,P3,2026-06-30 09:20:18.000000000,False,,,,,,,False,False,False,False,False,
849021,170,Fulfilment & Logistics,Inventory Mismatch,P3,2026-06-30 01:22:47.000000000,False,,,,,,,False,False,False,False,False,
849022,106,Notifications,Email Delivery Failure,P4,2026-06-30 02:26:40.000000000,False,,,,,,,False,False,False,False,False,
849023,139,Account Access,2FA Reset,P4,2026-06-30 20:52:28.000000000,False,,,,,,,False,False,False,False,False,
849024,207,Notifications,Template Syntax Error,P4,2026-06-30 15:05:51.000000000,False,,,,,,,False,False,False,False,False,
849025,177,API Integrations,Endpoint Timeout,P3,2026-06-30 13:10:45.000000000,False,,,,,,,False,False,False,False,False,
849026,198,Payments & Checkout,Card Declines,P3,2026-06-29 22:17:04.000000000,False,,,,,,,False,False,False,False,False,
849027,103,Account Access,User Permissions,P2,2026-06-30 02:48:56.000000000,False,,,,,,,False,False,False,False,False,
849028,184,API Integrations,Authentication Error,P3,2026-06-29 13:04:18.000000000,False,,,,,,,False,False,False,False,False,
849029,144,Notifications,SMS Gateway Drag,P4,2026-06-30 15:45:27.000000000,False,,,,,,,False,False,False,False,False,
849030,128,Payments & Checkout,3DS Authentication,P2,2026-06-29 14:41:45.000000000,False,,,,,,,False,False,False,False,False,
849031,179,Account Access,Password Reset,P1,2026-06-29 15:59:16.000000000,False,,,,,,,False,False,False,False,False,
849032,128,Account Access,Password Reset,P2,2026-06-29 23:32:31.000000000,False,,,,,,,False,False,False,False,False,
849033,121,Fulfilment & Logistics,Inventory Mismatch,P3,2026-06-30 02:52:56.000000000,False,,,,,,,False,False,False,False,False,
849034,143,Fulfilment & Logistics,Carrier Sync Failure,P4,2026-06-29 14:32:09.000000000,False,,,,,,,False,False,False,False,False,
849035,162,Account Access,2FA Reset,P3,2026-06-30 08:24:27.000000000,False,,,,,,,False,False,False,False,False,
849036,173,Payments & Checkout,Card Declines,P4,2026-06-30 02:45:41.000000000,False,,,,,,,False,False,False,False,False,
849037,165,Payments & Checkout,Card Declines,P4,2026-06-29 03:33:22.000000000,False,,,,,,,False,False,False,False,False,
849038,136,Account Access,Password Reset,P3,2026-06-29 21:49:38.000000000,False,,,,,,,False,False,False,False,False,
849039,211,Notifications,Template Syntax Error,P2,2026-06-29 10:12:43.000000000,False,,,,,,,False,False,False,False,False,
849040,189,Account Access,2FA Reset,P3,2026-06-29 22:59:46.000000000,False,,,,,,,False,False,False,False,False,
849041,169,Payments & Checkout,Card Declines,P4,2026-06-30 07:41:06.000000000,False,,,,,,,False,False,False,False,False,
849042,148,API Integrations,Webhook Failures,P3,2026-06-29 15:07:36.000000000,False,,,,,,,False,False,False,False,False,
849043,116,Fulfilment & Logistics,Carrier Sync Failure,P3,2026-06-29 13:59:59.000000000,False,,,,,,,False,False,False,False,False,
849044,181,Account Access,User Permissions,P3,2026-06-30 17:29:12.000000000,False,,,,,,,False,False,False,False,False,
849045,124,API Integrations,Webhook Failures,P3,2026-06-30 06:14:36.000000000,False,,,,,,,False,False,False,False,False,
849046,136,Account Access,2FA Reset,P3,2026-06-29 05:34:39.000000000,False,,,,,,,False,False,False,False,False,
849047,106,Fulfilment & Logistics,Label Generation,P2,2026-06-30 00:31:43.000000000,False,,,,,,,False,False,False,False,False,
849048,141,API Integrations,Authentication Error,P3,2026-06-30 08:53:30.000000000,False,,,,,,,False,False,False,False,False,
849049,181,Fulfilment & Logistics,Inventory Mismatch,P3,2026-06-30 03:10:15.000000000,False,,,,,,,False,False,False,False,False,
849050,166,Notifications,Email Delivery Failure,P4,2026-06-30 10:58:04.000000000,False,,,,,,,False,False,False,False,False,
849051,211,Payments & Checkout,Payout Delays,P1,2026-06-30 10:45:42.000000000,False,,,,,,,False,False,False,False,False,
849052,138,Notifications,Template Syntax Error,P3,2026-06-30 18:02:00.000000000,False,,,,,,,False,False,False,False,False,
849053,114,Account Access,User Permissions,P2,2026-06-30 23:04:08.000000000,False,,,,,,,False,False,False,False,False,
849054,172,Notifications,Template Syntax Error,P1,2026-06-30 00:22:29.000000000,False,,,,,,,False,False,False,False,False,
849055,138,Fulfilment & Logistics,Inventory Mismatch,P3,2026-06-30 06:31:04.000000000,False,,,,,,,False,False,False,False,False,
849056,208,Notifications,SMS Gateway Drag,P4,2026-06-30 12:43:11.000000000,False,,,,,,,False,False,False,False,False,
849057,136,Fulfilment & Logistics,Label Generation,P3,2026-06-29 22:09:25.000000000,False,,,,,,,False,False,False,False,False,
849058,103,Payments & Checkout,Payout Delays,P2,2026-06-30 13:23:18.000000000,False,,,,,,,False,False,False,False,False,
849059,210,Payments & Checkout,3DS Authentication,P3,2026-06-29 07:03:31.000000000,False,,,,,,,False,False,False,False,False,
849060,204,Account Access,2FA Reset,P2,2026-06-29 12:55:44.000000000,False,,,,,,,False,False,False,False,False,
849061,110,Notifications,Webhook Retries,P3,2026-06-29 00:25:03.000000000,False,,,,,,,False,False,False,False,False,
849062,104,Account Access,2FA Reset,P4,2026-06-29 20:57:06.000000000,False,,,,,,,False,False,False,False,False,
849063,180,Account Access,2FA Reset,P3,2026-06-30 06:17:02.000000000,False,,,,,,,False,False,False,False,False,
849064,191,Payments & Checkout,Payout Delays,P4,2026-06-30 12:21:03.000000000,False,,,,,,,False,False,False,False,False,
849065,121,Notifications,Template Syntax Error,P1,2026-06-29 04:41:07.000000000,False,,,,,,,False,False,False,False,False,
849066,174,Payments & Checkout,Card Declines,P4,2026-06-29 17:34:30.000000000,False,,,,,,,False,False,False,False,False,
849067,162,Fulfilment & Logistics,Inventory Mismatch,P3,2026-06-30 10:57:29.000000000,False,,,,,,,False,False,False,False,False,
849068,127,Fulfilment & Logistics,Tracking Updates,P4,2026-06-29 00:57:56.000000000,False,,,,,,,False,False,False,False,False,
849069,203,Account Access,2FA Reset,P3,2026-06-30 18:11:20.000000000,False,,,,,,,False,False,False,False,False,
849070,126,API Integrations,Webhook Failures,P3,2026-06-29 06:51:57.000000000,False,,,,,,,False,False,False,False,False,
849071,203,Account Access,SSO Failure,P3,2026-06-30 12:11:32.000000000,False,,,,,,,False,False,False,False,False,
849072,188,Payments & Checkout,3DS Authentication,P4,2026-06-30 20:05:26.000000000,False,,,,,,,False,False,False,False,False,
849073,106,Account Access,User Permissions,P2,2026-06-29 18:38:26.000000000,False,,,,,,,False,False,False,False,False,
849074,202,Payments & Checkout,3DS Authentication,P3,2026-06-30 11:52:48.000000000,False,,,,,,,False,False,False,False,False,
849075,139,Account Access,2FA Reset,P2,2026-06-30 23:54:51.000000000,False,,,,,,,False,False,False,False,False,
849076,104,API Integrations,Endpoint Timeout,P3,2026-06-30 04:38:46.000000000,False,,,,,,,False,False,False,False,False,
849077,109,API Integrations,Rate Limiting,P3,2026-06-29 21:42:35.000000000,False,,,,,,,False,False,False,False,False,
849078,116,Notifications,Email Delivery Failure,P3,2026-06-30 21:26:38.000000000,False,,,,,,,False,False,False,False,False,
849079,210,Account Access,SSO Failure,P4,2026-06-30 15:50:15.000000000,False,,,,,,,False,False,False,False,False,
849080,141,API Integrations,Rate Limiting,P2,2026-06-30 06:52:30.000000000,False,,,,,,,False,False,False,False,False,
849081,184,Fulfilment & Logistics,Carrier Sync Failure,P4,2026-06-29 14:18:48.000000000,False,,,,,,,False,False,False,False,False,
849082,140,Fulfilment & Logistics,Inventory Mismatch,P3,2026-06-29 10:52:56.000000000,False,,,,,,,False,False,False,False,False,
849083,139,Payments & Checkout,3DS Authentication,P3,2026-06-29 11:01:24.000000000,False,,,,,,,False,False,False,False,False,
849084,142,Fulfilment & Logistics,Label Generation,P2,2026-06-30 16:35:41.000000000,False,,,,,,,False,False,False,False,False,
849085,204,Notifications,Template Syntax Error,P3,2026-06-30 14:52:47.000000000,False,,,,,,,False,False,False,False,False,
849086,190,API Integrations,Authentication Error,P4,2026-06-30 19:16:30.000000000,False,,,,,,,False,False,False,False,False,
849087,137,Fulfilment & Logistics,Label Generation,P3,2026-06-29 23:59:49.000000000,False,,,,,,,False,False,False,False,False,
849088,195,API Integrations,Webhook Failures,P4,2026-06-29 16:04:58.000000000,False,,,,,,,False,False,False,False,False,
849089,159,Fulfilment & Logistics,Carrier Sync Failure,P2,2026-06-30 10:15:54.000000000,False,,,,,,,False,False,False,False,False,
849090,150,Notifications,Email Delivery Failure,P3,2026-06-30 16:54:15.000000000,False,,,,,,,False,False,False,False,False,
849091,108,Payments & Checkout,Payout Delays,P3,2026-06-29 17:02:56.000000000,False,,,,,,,False,False,False,False,False,
849092,163,Fulfilment & Logistics,Inventory Mismatch,P4,2026-06-29 01:27:18.000000000,False,,,,,,,False,False,False,False,False,
849093,195,Account Access,User Permissions,P3,2026-06-29 02:31:35.000000000,False,,,,,,,False,False,False,False,False,
849094,209,Payments & Checkout,Refund Processing,P3,2026-06-30 04:11:33.000000000,False,,,,,,,False,False,False,False,False,
849095,163,Notifications,Webhook Retries,P3,2026-06-30 12:54:03.000000000,False,,,,,,,False,False,False,False,False,
849096,194,Payments & Checkout,Payout Delays,P3,2026-06-29 02:00:12.000000000,False,,,,,,,False,False,False,False,False,
849097,149,Fulfilment & Logistics,Label Generation,P4,2026-06-30 09:48:58.000000000,False,,,,,,,False,False,False,False,False,
849098,189,Account Access,2FA Reset,P4,2026-06-29 19:47:34.000000000,False,,,,,,,False,False,False,False,False,
849099,138,Payments & Checkout,Payout Delays,P3,2026-06-30 05:32:57.000000000,False,,,,,,,False,False,False,False,False,
849100,136,API Integrations,Endpoint Timeout,P3,2026-06-29 21:44:13.000000000,False,,,,,,,False,False,False,False,False,
849101,160,Notifications,SMS Gateway Drag,P4,2026-06-30 05:47:19.000000000,False,,,,,,,False,False,False,False,False,
849102,200,Account Access,2FA Reset,P4,2026-06-29 19:22:55.000000000,False,,,,,,,False,False,False,False,False,
849103,119,Notifications,Template Syntax Error,P3,2026-06-29 18:53:01.000000000,False,,,,,,,False,False,False,False,False,
849104,148,API Integrations,Rate Limiting,P4,2026-06-30 07:14:50.000000000,False,,,,,,,False,False,False,False,False,
849105,164,Payments & Checkout,Refund Processing,P2,2026-06-30 03:03:28.000000000,False,,,,,,,False,False,False,False,False,
849106,122,API Integrations,Webhook Failures,P3,2026-06-30 09:32:52.000000000,False,,,,,,,False,False,False,False,False,
849107,184,Fulfilment & Logistics,Carrier Sync Failure,P3,2026-06-29 12:31:40.000000000,False,,,,,,,False,False,False,False,False,
849108,109,API Integrations,Authentication Error,P3,2026-06-29 12:24:59.000000000,False,,,,,,,False,False,False,False,False,
849109,180,Payments & Checkout,3DS Authentication,P2,2026-06-29 07:14:08.000000000,False,,,,,,,False,False,False,False,False,
849110,119,Fulfilment & Logistics,Carrier Sync Failure,P3,2026-06-29 11:47:43.000000000,False,,,,,,,False,False,False,False,False,
849111,193,Payments & Checkout,3DS Authentication,P3,2026-06-29 11:31:53.000000000,False,,,,,,,False,False,False,False,False,
849112,177,Payments & Checkout,Refund Processing,P3,2026-06-29 12:31:38.000000000,False,,,,,,,False,False,False,False,False,
849113,107,Notifications,Template Syntax Error,P2,2026-06-29 14:13:07.000000000,False,,,,,,,False,False,False,False,False,
849114,167,Payments & Checkout,3DS Authentication,P3,2026-06-30 10:20:50.000000000,False,,,,,,,False,False,False,False,False,
849115,132,Payments & Checkout,Payout Delays,P2,2026-06-30 11:53:08.000000000,False,,,,,,,False,False,False,False,False,
849116,165,Notifications,Webhook Retries,P2,2026-06-30 15:55:02.000000000,False,,,,,,,False,False,False,False,False,
849117,191,API Integrations,Endpoint Timeout,P3,2026-06-29 12:02:20.000000000,False,,,,,,,False,False,False,False,False,
849118,206,Fulfilment & Logistics,Carrier Sync Failure,P4,2026-06-30 08:03:47.000000000,False,,,,,,,False,False,False,False,False,
849119,197,Payments & Checkout,Card Declines,P2,2026-06-30 15:05:06.000000000,False,,,,,,,False,False,False,False,False,
849120,110,Notifications,SMS Gateway Drag,P3,2026-06-29 12:33:19.000000000,False,,,,,,,False,False,False,False,False,
849121,211,API Integrations,Authentication Error,P2,2026-06-29 09:21:16.000000000,False,,,,,,,False,False,False,False,False,
849122,207,Notifications,Email Delivery Failure,P2,2026-06-29 02:39:10.000000000,False,,,,,,,False,False,False,False,False,
849123,127,API Integrations,Webhook Failures,P4,2026-06-29 19:37:18.000000000,False,,,,,,,False,False,False,False,False,
849124,119,Fulfilment & Logistics,Carrier Sync Failure,P3,2026-06-29 01:27:36.000000000,False,,,,,,,False,False,False,False,False,
849125,156,Fulfilment & Logistics,Tracking Updates,P4,2026-06-29 04:20:14.000000000,False,,,,,,,False,False,False,False,False,
849126,139,Fulfilment & Logistics,Inventory Mismatch,P3,2026-06-29 22:44:09.000000000,False,,,,,,,False,False,False,False,False,
849127,202,API Integrations,Webhook Failures,P3,2026-06-29 03:08:39.000000000,False,,,,,,,False,False,False,False,False,
849128,144,Payments & Checkout,Card Declines,P4,2026-06-30 08:34:55.000000000,False,,,,,,,False,False,False,False,False,
849129,158,Account Access,User Permissions,P3,2026-06-30 07:18:15.000000000,False,,,,,,,False,False,False,False,False,
849130,137,API Integrations,Endpoint Timeout,P4,2026-06-30 09:12:01.000000000,False,,,,,,,False,False,False,False,False,
849131,119,API Integrations,Webhook Failures,P3,2026-06-29 03:05:15.000000000,False,,,,,,,False,False,False,False,False,
849132,168,API Integrations,Rate Limiting,P2,2026-06-29 06:37:46.000000000,False,,,,,,,False,False,False,False,False,
849133,114,Payments & Checkout,3DS Authentication,P4,2026-06-29 23:15:47.000000000,False,,,,,,,False,False,False,False,False,
849134,183,API Integrations,Endpoint Timeout,P3,2026-06-29 07:55:16.000000000,False,,,,,,,False,False,False,False,False,
849135,104,Fulfilment & Logistics,Label Generation,P4,2026-06-29 13:47:26.000000000,False,,,,,,,False,False,False,False,False,
849136,147,Payments & Checkout,Refund Processing,P3,2026-06-30 10:00:15.000000000,False,,,,,,,False,False,False,False,False,
849137,153,Account Access,User Permissions,P3,2026-06-29 04:02:25.000000000,False,,,,,,,False,False,False,False,False,
849138,108,API Integrations,Webhook Failures,P1,2026-06-29 22:52:47.000000000,False,,,,,,,False,False,False,False,False,
849139,104,Account Access,Password Reset,P2,2026-06-30 10:22:59.000000000,False,,,,,,,False,False,False,False,False,
849140,145,API Integrations,Webhook Failures,P3,2026-06-30 18:36:38.000000000,False,,,,,,,False,False,False,False,False,
849141,118,Payments & Checkout,Payout Delays,P3,2026-06-30 03:44:54.000000000,False,,,,,,,False,False,False,False,False,
849142,166,Payments & Checkout,Refund Processing,P4,2026-06-30 08:26:54.000000000,False,,,,,,,False,False,False,False,False,
849143,151,Payments & Checkout,3DS Authentication,P3,2026-06-29 03:28:40.000000000,False,,,,,,,False,False,False,False,False,
849144,181,API Integrations,Authentication Error,P3,2026-06-29 19:45:00.000000000,False,,,,,,,False,False,False,False,False,
849145,175,Payments & Checkout,Card Declines,P3,2026-06-30 09:47:17.000000000,False,,,,,,,False,False,False,False,False,
849146,212,Payments & Checkout,3DS Authentication,P4,2026-06-29 19:05:58.000000000,False,,,,,,,False,False,False,False,False,
849147,170,Account Access,User Permissions,P1,2026-06-29 08:25:40.000000000,False,,,,,,,False,False,False,False,False,
849148,141,Notifications,Webhook Retries,P2,2026-06-29 12:26:30.000000000,False,,,,,,,False,False,False,False,False,
849149,134,Account Access,Password Reset,P2,2026-06-30 22:54:57.000000000,False,,,,,,,False,False,False,False,False,
849150,127,API Integrations,Endpoint Timeout,P2,2026-06-30 01:50:38.000000000,False,,,,,,,False,False,False,False,False,
849151,205,Fulfilment & Logistics,Inventory Mismatch,P3,2026-06-30 19:28:54.000000000,False,,,,,,,False,False,False,False,False,
849152,197,Notifications,Webhook Retries,P3,2026-06-29 21:13:26.000000000,False,,,,,,,False,False,False,False,False,
849153,103,Fulfilment & Logistics,Inventory Mismatch,P3,2026-06-29 00:53:36.000000000,False,,,,,,,False,False,False,False,False,
849154,143,Payments & Checkout,3DS Authentication,P1,2026-06-29 11:45:53.000000000,False,,,,,,,False,False,False,False,False,
849155,128,Account Access,SSO Failure,P2,2026-06-29 20:55:47.000000000,False,,,,,,,False,False,False,False,False,
849156,117,API Integrations,Endpoint Timeout,P3,2026-06-29 06:24:59.000000000,False,,,,,,,False,False,False,False,False,
849157,194,Fulfilment & Logistics,Tracking Updates,P3,2026-06-29 14:04:56.000000000,False,,,,,,,False,False,False,False,False,
849158,163,Account Access,2FA Reset,P4,2026-06-29 15:19:08.000000000,False,,,,,,,False,False,False,False,False,
849159,181,Account Access,2FA Reset,P3,2026-06-30 11:17:38.000000000,False,,,,,,,False,False,False,False,False,
849160,126,Account Access,User Permissions,P1,2026-06-29 09:21:38.000000000,False,,,,,,,False,False,False,False,False,
849161,110,Fulfilment & Logistics,Carrier Sync Failure,P3,2026-06-29 06:29:45.000000000,False,,,,,,,False,False,False,False,False,
849162,145,Payments & Checkout,3DS Authentication,P3,2026-06-29 02:05:08.000000000,False,,,,,,,False,False,False,False,False,
849163,194,Fulfilment & Logistics,Tracking Updates,P3,2026-06-29 17:35:04.000000000,False,,,,,,,False,False,False,False,False,
849164,131,API Integrations,Authentication Error,P3,2026-06-30 05:47:56.000000000,False,,,,,,,False,False,False,False,False,
849165,199,Notifications,Webhook Retries,P3,2026-06-29 02:55:14.000000000,False,,,,,,,False,False,False,False,False,
849166,116,Fulfilment & Logistics,Inventory Mismatch,P1,2026-06-30 10:51:35.000000000,False,,,,,,,False,False,False,False,False,
849167,119,API Integrations,Authentication Error,P3,2026-06-29 05:50:57.000000000,False,,,,,,,False,False,False,False,False,
849168,136,Payments & Checkout,Payout Delays,P4,2026-06-29 15:16:10.000000000,False,,,,,,,False,False,False,False,False,
849169,154,Account Access,User Permissions,P4,2026-06-30 01:56:05.000000000,False,,,,,,,False,False,False,False,False,
849170,184,Payments & Checkout,3DS Authentication,P4,2026-06-30 18:02:22.000000000,False,,,,,,,False,False,False,False,False,
849171,120,Account Access,SSO Failure,P3,2026-06-30 01:46:38.000000000,False,,,,,,,False,False,False,False,False,
849172,130,Fulfilment & Logistics,Inventory Mismatch,P1,2026-06-29 22:32:23.000000000,False,,,,,,,False,False,False,False,False,
849173,122,Payments & Checkout,Payout Delays,P4,2026-06-30 06:40:05.000000000,False,,,,,,,False,False,False,False,False,
849174,110,Notifications,SMS Gateway Drag,P2,2026-06-30 19:39:12.000000000,False,,,,,,,False,False,False,False,False,
849175,109,Payments & Checkout,Payout Delays,P3,2026-06-30 05:46:02.000000000,False,,,,,,,False,False,False,False,False,
849176,181,Account Access,SSO Failure,P3,2026-06-29 04:15:29.000000000,False,,,,,,,False,False,False,False,False,
849177,196,Fulfilment & Logistics,Inventory Mismatch,P3,2026-06-30 09:45:28.000000000,False,,,,,,,False,False,False,False,False,
849178,162,Notifications,Webhook Retries,P3,2026-06-30 21:30:05.000000000,False,,,,,,,False,False,False,False,False,
849179,117,Account Access,2FA Reset,P2,2026-06-29 20:50:35.000000000,False,,,,,,,False,False,False,False,False,
849180,207,Fulfilment & Logistics,Label Generation,P3,2026-06-30 20:49:00.000000000,False,,,,,,,False,False,False,False,False,
849181,116,Fulfilment & Logistics,Inventory Mismatch,P2,2026-06-30 16:09:33.000000000,False,,,,,,,False,False,False,False,False,
849182,118,Payments & Checkout,3DS Authentication,P2,2026-06-30 16:48:51.000000000,False,,,,,,,False,False,False,False,False,
849183,133,Notifications,Webhook Retries,P3,2026-06-29 08:39:11.000000000,False,,,,,,,False,False,False,False,False,
849184,183,Fulfilment & Logistics,Carrier Sync Failure,P4,2026-06-30 23:59:36.000000000,False,,,,,,,False,False,False,False,False,
849185,136,Payments & Checkout,3DS Authentication,P3,2026-06-30 00:23:06.000000000,False,,,,,,,False,False,False,False,False,
849186,200,API Integrations,Webhook Failures,P3,2026-06-30 03:15:55.000000000,False,,,,,,,False,False,False,False,False,
849187,140,Notifications,Template Syntax Error,P3,2026-06-30 07:42:11.000000000,False,,,,,,,False,False,False,False,False,
849188,181,Notifications,Webhook Retries,P3,2026-06-30 18:09:29.000000000,False,,,,,,,False,False,False,False,False,
849189,151,Notifications,Webhook Retries,P4,2026-06-30 02:51:05.000000000,False,,,,,,,False,False,False,False,False,
849190,144,API Integrations,Rate Limiting,P4,2026-06-30 11:23:41.000000000,False,,,,,,,False,False,False,False,False,
849191,207,Notifications,Webhook Retries,P3,2026-06-29 02:48:33.000000000,False,,,,,,,False,False,False,False,False,
849192,177,Fulfilment & Logistics,Label Generation,P2,2026-06-29 07:26:48.000000000,False,,,,,,,False,False,False,False,False,
849193,131,Payments & Checkout,3DS Authentication,P3,2026-06-30 15:42:31.000000000,False,,,,,,,False,False,False,False,False,
849194,173,API Integrations,Rate Limiting,P3,2026-06-29 18:08:35.000000000,False,,,,,,,False,False,False,False,False,
849195,151,Notifications,Template Syntax Error,P3,2026-06-29 11:30:16.000000000,False,,,,,,,False,False,False,False,False,
849196,184,Fulfilment & Logistics,Tracking Updates,P3,2026-06-29 02:13:02.000000000,False,,,,,,,False,False,False,False,False,
849197,105,API Integrations,Rate Limiting,P4,2026-06-30 17:51:33.000000000,False,,,,,,,False,False,False,False,False,
849198,170,Fulfilment & Logistics,Tracking Updates,P3,2026-06-30 04:01:16.000000000,False,,,,,,,False,False,False,False,False,
849199,108,API Integrations,Rate Limiting,P3,2026-06-29 18:03:54.000000000,False,,,,,,,False,False,False,False,False,
849200,205,Fulfilment & Logistics,Tracking Updates,P3,2026-06-29 05:43:34.000000000,False,,,,,,,False,False,False,False,False,
849201,117,Notifications,Email Delivery Failure,P4,2026-06-29 11:54:57.000000000,False,,,,,,,False,False,False,False,False,
849202,114,API Integrations,Webhook Failures,P2,2026-06-30 03:29:31.000000000,False,,,,,,,False,False,False,False,False,
849203,163,Payments & Checkout,Card Declines,P3,2026-06-30 01:56:41.000000000,False,,,,,,,False,False,False,False,False,
849204,124,Payments & Checkout,Card Declines,P3,2026-06-30 00:17:48.000000000,False,,,,,,,False,False,False,False,False,
849205,198,Notifications,Email Delivery Failure,P3,2026-06-30 20:15:18.000000000,False,,,,,,,False,False,False,False,False,
849206,191,Fulfilment & Logistics,Inventory Mismatch,P4,2026-06-29 06:42:15.000000000,False,,,,,,,False,False,False,False,False,
849207,108,API Integrations,Rate Limiting,P2,2026-06-30 21:41:54.000000000,False,,,,,,,False,False,False,False,False,
849208,193,Fulfilment & Logistics,Tracking Updates,P2,2026-06-29 10:25:34.000000000,False,,,,,,,False,False,False,False,False,
849209,133,Payments & Checkout,Refund Processing,P2,2026-06-29 01:58:50.000000000,False,,,,,,,False,False,False,False,False,
849210,136,Fulfilment & Logistics,Tracking Updates,P3,2026-06-29 08:29:39.000000000,False,,,,,,,False,False,False,False,False,
849211,123,Payments & Checkout,Payout Delays,P4,2026-06-29 06:43:55.000000000,False,,,,,,,False,False,False,False,False,
849212,145,Notifications,Template Syntax Error,P4,2026-06-30 23:00:51.000000000,False,,,,,,,False,False,False,False,False,
849213,163,Account Access,SSO Failure,P3,2026-06-30 14:22:35.000000000,False,,,,,,,False,False,False,False,False,
849214,135,Notifications,Email Delivery Failure,P3,2026-06-30 05:22:16.000000000,False,,,,,,,False,False,False,False,False,
849215,112,Payments & Checkout,Payout Delays,P1,2026-06-29 13:32:41.000000000,False,,,,,,,False,False,False,False,False,
849216,173,API Integrations,Rate Limiting,P2,2026-06-29 23:30:23.000000000,False,,,,,,,False,False,False,False,False,
849217,157,Notifications,Email Delivery Failure,P4,2026-06-30 15:37:54.000000000,False,,,,,,,False,False,False,False,False,
849218,199,Payments & Checkout,3DS Authentication,P4,2026-06-29 16:46:38.000000000,False,,,,,,,False,False,False,False,False,
849219,132,Notifications,Email Delivery Failure,P2,2026-06-30 22:48:20.000000000,False,,,,,,,False,False,False,False,False,
849220,138,Fulfilment & Logistics,Carrier Sync Failure,P2,2026-06-30 01:48:20.000000000,False,,,,,,,False,False,False,False,False,
849221,177,API Integrations,Webhook Failures,P4,2026-06-29 02:48:05.000000000,False,,,,,,,False,False,False,False,False,
849222,103,API Integrations,Webhook Failures,P3,2026-06-30 09:49:14.000000000,False,,,,,,,False,False,False,False,False,
849223,192,Fulfilment & Logistics,Carrier Sync Failure,P4,2026-06-30 17:32:50.000000000,False,,,,,,,False,False,False,False,False,
849224,102,API Integrations,Webhook Failures,P3,2026-06-30 00:43:25.000000000,False,,,,,,,False,False,False,False,False,
849225,208,Fulfilment & Logistics,Carrier Sync Failure,P3,2026-06-29 08:04:35.000000000,False,,,,,,,False,False,False,False,False,
849226,102,Notifications,Template Syntax Error,P3,2026-06-29 19:43:54.000000000,False,,,,,,,False,False,False,False,False,
849227,116,Account Access,SSO Failure,P3,2026-06-30 07:01:52.000000000,False,,,,,,,False,False,False,False,False,
849228,137,API Integrations,Rate Limiting,P4,2026-06-30 12:33:44.000000000,False,,,,,,,False,False,False,False,False,
849229,117,Notifications,Template Syntax Error,P2,2026-06-29 00:47:32.000000000,False,,,,,,,False,False,False,False,False,
849230,161,Notifications,Webhook Retries,P4,2026-06-29 03:10:39.000000000,False,,,,,,,False,False,False,False,False,
849231,107,Notifications,Template Syntax Error,P3,2026-06-29 23:48:13.000000000,False,,,,,,,False,False,False,False,False,
849232,103,Notifications,SMS Gateway Drag,P3,2026-06-30 12:56:46.000000000,False,,,,,,,False,False,False,False,False,
849233,142,Payments & Checkout,Payout Delays,P3,2026-06-30 08:16:28.000000000,False,,,,,,,False,False,False,False,False,
849234,201,Fulfilment & Logistics,Tracking Updates,P3,2026-06-30 04:23:29.000000000,False,,,,,,,False,False,False,False,False,
849235,104,Account Access,SSO Failure,P1,2026-06-30 05:48:37.000000000,False,,,,,,,False,False,False,False,False,
849236,163,Fulfilment & Logistics,Carrier Sync Failure,P3,2026-06-29 02:51:09.000000000,False,,,,,,,False,False,False,False,False,
849237,174,Fulfilment & Logistics,Inventory Mismatch,P2,2026-06-29 17:34:12.000000000,False,,,,,,,False,False,False,False,False,
849238,161,API Integrations,Rate Limiting,P1,2026-06-29 20:57:28.000000000,False,,,,,,,False,False,False,False,False,
849239,114,Payments & Checkout,Refund Processing,P2,2026-06-30 08:14:07.000000000,False,,,,,,,False,False,False,False,False,
849240,166,Notifications,Email Delivery Failure,P4,2026-06-30 20:50:45.000000000,False,,,,,,,False,False,False,False,False,
849241,182,Fulfilment & Logistics,Tracking Updates,P3,2026-06-29 17:56:17.000000000,False,,,,,,,False,False,False,False,False,
849242,103,Fulfilment & Logistics,Carrier Sync Failure,P3,2026-06-29 18:50:17.000000000,False,,,,,,,False,False,False,False,False,
849243,139,Notifications,Template Syntax Error,P3,2026-06-30 03:47:58.000000000,False,,,,,,,False,False,False,False,False,
849244,200,API Integrations,Endpoint Timeout,P4,2026-06-30 18:43:26.000000000,False,,,,,,,False,False,False,False,False,
849245,134,Fulfilment & Logistics,Carrier Sync Failure,P3,2026-06-29 23:40:21.000000000,False,,,,,,,False,False,False,False,False,
849246,114,Account Access,2FA Reset,P3,2026-06-29 08:05:22.000000000,False,,,,,,,False,False,False,False,False,
849247,183,Notifications,Email Delivery Failure,P1,2026-06-30 08:53:33.000000000,False,,,,,,,False,False,False,False,False,
849248,182,Account Access,User Permissions,P3,2026-06-30 10:04:18.000000000,False,,,,,,,False,False,False,False,False,
849249,101,Fulfilment & Logistics,Carrier Sync Failure,P3,2026-06-29 21:40:32.000000000,False,,,,,,,False,False,False,False,False,
849250,160,Payments & Checkout,Card Declines,P4,2026-06-29 01:14:35.000000000,False,,,,,,,False,False,False,False,False,
849251,132,Payments & Checkout,Payout Delays,P3,2026-06-29 04:30:18.000000000,False,,,,,,,False,False,False,False,False,
849252,141,Payments & Checkout,Refund Processing,P2,2026-06-30 12:42:35.000000000,False,,,,,,,False,False,False,False,False,
849253,123,Payments & Checkout,3DS Authentication,P2,2026-06-30 12:03:41.000000000,False,,,,,,,False,False,False,False,False,
849254,119,API Integrations,Rate Limiting,P3,2026-06-29 16:58:53.000000000,False,,,,,,,False,False,False,False,False,
849255,144,API Integrations,Rate Limiting,P3,2026-06-29 06:26:17.000000000,False,,,,,,,False,False,False,False,False,
849256,125,Notifications,Webhook Retries,P3,2026-06-30 21:44:04.000000000,False,,,,,,,False,False,False,False,False,
849257,110,Account Access,2FA Reset,P2,2026-06-29 12:54:34.000000000,False,,,,,,,False,False,False,False,False,
